ISO-10303-21;
HEADER;
/* Generated by software containing ST-Developer
 * from STEP Tools, Inc. (www.steptools.com) 
 */

FILE_DESCRIPTION(
/* description */ (''),
/* implementation_level */ '2;1');

FILE_NAME(
/* name */ 'Enclosure Bottom.stp',
/* time_stamp */ '2026-06-04T21:18:58+01:00',
/* author */ ('xavie'),
/* organization */ (''),
/* preprocessor_version */ 'ST-DEVELOPER v19.2',
/* originating_system */ 'Autodesk Inventor 2024',
/* authorisation */ '');

FILE_SCHEMA (('AUTOMOTIVE_DESIGN { 1 0 10303 214 3 1 1 }'));
ENDSEC;

DATA;
#10=MECHANICAL_DESIGN_GEOMETRIC_PRESENTATION_REPRESENTATION('',(#2117,#2118,
#2119,#2120,#2121,#2122,#2123,#2124,#2125,#2126,#2127,#2128,#2129,#2130,
#2131,#2132,#2133,#2134,#2135,#2136,#2137,#2138,#2139,#2140,#2141,#2142,
#2143,#2144,#2145,#2146,#2147,#2148,#2149,#2150,#2151,#2152,#2153,#2154,
#2155,#2156,#2157,#2158,#2159,#2160,#2161,#2162,#2163,#2164,#2165,#2166,
#2167,#2168,#2169,#2170,#2171,#2172,#2173,#2174,#2175,#2176,#2177,#2178,
#2179,#2180,#2181,#2182,#2183,#2184,#2185,#2186,#2187,#2188,#2189,#2190,
#2191,#2192,#2193,#2194,#2195,#2196,#2197,#2198,#2199,#2200,#2201,#2202,
#2203,#2204,#2205,#2206,#2207,#2208,#2209,#2210,#2211,#2212,#2213,#2214,
#2215,#2216,#2217,#2218,#2219,#2220,#2221,#2222,#2223,#2224,#2225,#2226,
#2227,#2228,#2229,#2230,#2231,#2232,#2233,#2234,#2235,#2236),#4067);
#11=SHAPE_REPRESENTATION_RELATIONSHIP('SRR','None',#4074,#12);
#12=ADVANCED_BREP_SHAPE_REPRESENTATION('',(#13),#4066);
#13=MANIFOLD_SOLID_BREP('Bottom',#2356);
#14=B_SPLINE_CURVE_WITH_KNOTS('',3,(#3634,#3635,#3636,#3637,#3638,#3639,
#3640,#3641,#3642,#3643),.UNSPECIFIED.,.F.,.F.,(4,2,2,2,4),(1.23688020614018,
1.3122578536135,1.38763550108683,1.46410584637389,1.54057619166094),
 .UNSPECIFIED.);
#15=B_SPLINE_CURVE_WITH_KNOTS('',3,(#3647,#3648,#3649,#3650,#3651,#3652,
#3653,#3654,#3655,#3656),.UNSPECIFIED.,.F.,.F.,(4,2,2,2,4),(-0.30585824085256,
-0.228341824725896,-0.150825408599232,-0.0754127042996158,0.),
 .UNSPECIFIED.);
#16=B_SPLINE_CURVE_WITH_KNOTS('',3,(#3671,#3672,#3673,#3674,#3675,#3676,
#3677,#3678),.UNSPECIFIED.,.F.,.F.,(4,2,2,4),(0.,0.0370239966744832,0.0740480893493642,
0.0985747548909493),.UNSPECIFIED.);
#17=B_SPLINE_CURVE_WITH_KNOTS('',3,(#3684,#3685,#3686,#3687,#3688,#3689,
#3690,#3691,#3692,#3693),.UNSPECIFIED.,.F.,.F.,(4,2,2,2,4),(0.,0.0754127042996159,
0.150825408599232,0.228341824725896,0.30585824085256),.UNSPECIFIED.);
#18=B_SPLINE_CURVE_WITH_KNOTS('',3,(#3697,#3698,#3699,#3700,#3701,#3702,
#3703,#3704,#3705,#3706),.UNSPECIFIED.,.F.,.F.,(4,2,2,2,4),(0.933184220619408,
1.00965456590647,1.08612491119352,1.16150255866685,1.23688020614017),
 .UNSPECIFIED.);
#19=B_SPLINE_CURVE_WITH_KNOTS('',3,(#3756,#3757,#3758,#3759,#3760,#3761,
#3762,#3763),.UNSPECIFIED.,.F.,.F.,(4,2,2,4),(0.590301045802574,0.65754125336966,
0.724781460936747,0.85926187607092),.UNSPECIFIED.);
#20=B_SPLINE_CURVE_WITH_KNOTS('',3,(#3766,#3767,#3768,#3769,#3770,#3771),
 .UNSPECIFIED.,.F.,.F.,(4,2,4),(0.0985745932186517,0.111072194666701,0.148096260154535),
 .UNSPECIFIED.);
#21=B_SPLINE_CURVE_WITH_KNOTS('',3,(#3781,#3782,#3783,#3784,#3785,#3786,
#3787,#3788),.UNSPECIFIED.,.F.,.F.,(4,2,2,4),(0.599615947994985,0.666856155562072,
0.734096363129159,0.868576778263332),.UNSPECIFIED.);
#22=B_SPLINE_CURVE_WITH_KNOTS('',3,(#3796,#3797,#3798,#3799,#3800,#3801,
#3802,#3803),.UNSPECIFIED.,.F.,.F.,(4,2,2,4),(0.,0.134480415134173,0.20172062270126,
0.268960830268346),.UNSPECIFIED.);
#23=B_SPLINE_CURVE_WITH_KNOTS('',3,(#3825,#3826,#3827,#3828,#3829,#3830,
#3831,#3832),.UNSPECIFIED.,.F.,.F.,(4,2,2,4),(0.599615947994985,0.666856155562072,
0.734096363129159,0.868576778263332),.UNSPECIFIED.);
#24=B_SPLINE_CURVE_WITH_KNOTS('',3,(#3839,#3840,#3841,#3842,#3843,#3844,
#3845,#3846),.UNSPECIFIED.,.F.,.F.,(4,2,2,4),(0.,0.134480415134173,0.20172062270126,
0.268960830268347),.UNSPECIFIED.);
#25=B_SPLINE_CURVE_WITH_KNOTS('',3,(#3977,#3978,#3979,#3980,#3981,#3982,
#3983,#3984),.UNSPECIFIED.,.F.,.F.,(4,2,2,4),(0.493812607491733,0.518339273033072,
0.555363365707953,0.592387362382437),.UNSPECIFIED.);
#26=B_SPLINE_CURVE_WITH_KNOTS('',3,(#3989,#3990,#3991,#3992,#3993,#3994),
 .UNSPECIFIED.,.F.,.F.,(4,2,4),(0.444288795357288,0.481312860845122,0.493810462293417),
 .UNSPECIFIED.);
#27=B_SPLINE_CURVE_WITH_KNOTS('',3,(#3997,#3998,#3999,#4000,#4001,#4002,
#4003,#4004),.UNSPECIFIED.,.F.,.F.,(4,2,2,4),(0.,0.134480415134173,0.20172062270126,
0.268960830268346),.UNSPECIFIED.);
#28=ELLIPSE('',#2477,2.00001012170782,2.);
#29=ELLIPSE('',#2478,2.00001012170782,2.);
#30=ELLIPSE('',#2500,2.00001012170782,2.);
#31=ELLIPSE('',#2503,2.00001012170782,2.);
#32=FACE_BOUND('',#240,.T.);
#33=FACE_BOUND('',#241,.T.);
#34=FACE_BOUND('',#245,.T.);
#35=FACE_BOUND('',#246,.T.);
#36=FACE_BOUND('',#257,.T.);
#37=FACE_BOUND('',#311,.T.);
#38=FACE_BOUND('',#329,.T.);
#39=FACE_BOUND('',#331,.T.);
#40=FACE_BOUND('',#336,.T.);
#41=FACE_BOUND('',#338,.T.);
#42=FACE_BOUND('',#344,.T.);
#43=FACE_BOUND('',#349,.T.);
#44=FACE_BOUND('',#357,.T.);
#45=FACE_BOUND('',#358,.T.);
#46=FACE_BOUND('',#364,.T.);
#47=TOROIDAL_SURFACE('',#2394,1.42082039324994,0.2);
#48=TOROIDAL_SURFACE('',#2405,1.42082039324994,0.2);
#49=TOROIDAL_SURFACE('',#2409,1.42082039324994,0.2);
#50=TOROIDAL_SURFACE('',#2415,1.42082039324994,0.2);
#51=TOROIDAL_SURFACE('',#2418,0.75,0.5);
#52=TOROIDAL_SURFACE('',#2422,0.75,0.5);
#53=TOROIDAL_SURFACE('',#2426,0.75,0.5);
#54=TOROIDAL_SURFACE('',#2430,0.75,0.5);
#55=TOROIDAL_SURFACE('',#2518,4.498409519533,1.);
#56=TOROIDAL_SURFACE('',#2524,4.498409519533,1.);
#57=TOROIDAL_SURFACE('',#2531,4.498409519533,1.);
#58=TOROIDAL_SURFACE('',#2594,4.498409519533,1.);
#59=PLANE('',#2382);
#60=PLANE('',#2386);
#61=PLANE('',#2390);
#62=PLANE('',#2399);
#63=PLANE('',#2413);
#64=PLANE('',#2421);
#65=PLANE('',#2425);
#66=PLANE('',#2429);
#67=PLANE('',#2433);
#68=PLANE('',#2434);
#69=PLANE('',#2445);
#70=PLANE('',#2450);
#71=PLANE('',#2453);
#72=PLANE('',#2457);
#73=PLANE('',#2460);
#74=PLANE('',#2463);
#75=PLANE('',#2467);
#76=PLANE('',#2468);
#77=PLANE('',#2472);
#78=PLANE('',#2473);
#79=PLANE('',#2476);
#80=PLANE('',#2481);
#81=PLANE('',#2492);
#82=PLANE('',#2494);
#83=PLANE('',#2501);
#84=PLANE('',#2505);
#85=PLANE('',#2507);
#86=PLANE('',#2510);
#87=PLANE('',#2514);
#88=PLANE('',#2515);
#89=PLANE('',#2528);
#90=PLANE('',#2538);
#91=PLANE('',#2543);
#92=PLANE('',#2546);
#93=PLANE('',#2552);
#94=PLANE('',#2559);
#95=PLANE('',#2572);
#96=PLANE('',#2576);
#97=PLANE('',#2577);
#98=PLANE('',#2581);
#99=PLANE('',#2585);
#100=PLANE('',#2586);
#101=PLANE('',#2589);
#102=PLANE('',#2592);
#103=PLANE('',#2593);
#104=PLANE('',#2601);
#105=PLANE('',#2606);
#106=PLANE('',#2609);
#107=PLANE('',#2612);
#108=PLANE('',#2614);
#109=PLANE('',#2617);
#110=PLANE('',#2618);
#111=PLANE('',#2621);
#112=FACE_OUTER_BOUND('',#231,.T.);
#113=FACE_OUTER_BOUND('',#232,.T.);
#114=FACE_OUTER_BOUND('',#233,.T.);
#115=FACE_OUTER_BOUND('',#234,.T.);
#116=FACE_OUTER_BOUND('',#235,.T.);
#117=FACE_OUTER_BOUND('',#236,.T.);
#118=FACE_OUTER_BOUND('',#237,.T.);
#119=FACE_OUTER_BOUND('',#238,.T.);
#120=FACE_OUTER_BOUND('',#239,.T.);
#121=FACE_OUTER_BOUND('',#242,.T.);
#122=FACE_OUTER_BOUND('',#243,.T.);
#123=FACE_OUTER_BOUND('',#244,.T.);
#124=FACE_OUTER_BOUND('',#247,.T.);
#125=FACE_OUTER_BOUND('',#248,.T.);
#126=FACE_OUTER_BOUND('',#249,.T.);
#127=FACE_OUTER_BOUND('',#250,.T.);
#128=FACE_OUTER_BOUND('',#251,.T.);
#129=FACE_OUTER_BOUND('',#252,.T.);
#130=FACE_OUTER_BOUND('',#253,.T.);
#131=FACE_OUTER_BOUND('',#254,.T.);
#132=FACE_OUTER_BOUND('',#255,.T.);
#133=FACE_OUTER_BOUND('',#256,.T.);
#134=FACE_OUTER_BOUND('',#258,.T.);
#135=FACE_OUTER_BOUND('',#259,.T.);
#136=FACE_OUTER_BOUND('',#260,.T.);
#137=FACE_OUTER_BOUND('',#261,.T.);
#138=FACE_OUTER_BOUND('',#262,.T.);
#139=FACE_OUTER_BOUND('',#263,.T.);
#140=FACE_OUTER_BOUND('',#264,.T.);
#141=FACE_OUTER_BOUND('',#265,.T.);
#142=FACE_OUTER_BOUND('',#266,.T.);
#143=FACE_OUTER_BOUND('',#267,.T.);
#144=FACE_OUTER_BOUND('',#268,.T.);
#145=FACE_OUTER_BOUND('',#269,.T.);
#146=FACE_OUTER_BOUND('',#270,.T.);
#147=FACE_OUTER_BOUND('',#271,.T.);
#148=FACE_OUTER_BOUND('',#272,.T.);
#149=FACE_OUTER_BOUND('',#273,.T.);
#150=FACE_OUTER_BOUND('',#274,.T.);
#151=FACE_OUTER_BOUND('',#275,.T.);
#152=FACE_OUTER_BOUND('',#276,.T.);
#153=FACE_OUTER_BOUND('',#277,.T.);
#154=FACE_OUTER_BOUND('',#278,.T.);
#155=FACE_OUTER_BOUND('',#279,.T.);
#156=FACE_OUTER_BOUND('',#280,.T.);
#157=FACE_OUTER_BOUND('',#281,.T.);
#158=FACE_OUTER_BOUND('',#282,.T.);
#159=FACE_OUTER_BOUND('',#283,.T.);
#160=FACE_OUTER_BOUND('',#284,.T.);
#161=FACE_OUTER_BOUND('',#285,.T.);
#162=FACE_OUTER_BOUND('',#286,.T.);
#163=FACE_OUTER_BOUND('',#287,.T.);
#164=FACE_OUTER_BOUND('',#288,.T.);
#165=FACE_OUTER_BOUND('',#289,.T.);
#166=FACE_OUTER_BOUND('',#290,.T.);
#167=FACE_OUTER_BOUND('',#291,.T.);
#168=FACE_OUTER_BOUND('',#292,.T.);
#169=FACE_OUTER_BOUND('',#293,.T.);
#170=FACE_OUTER_BOUND('',#294,.T.);
#171=FACE_OUTER_BOUND('',#295,.T.);
#172=FACE_OUTER_BOUND('',#296,.T.);
#173=FACE_OUTER_BOUND('',#297,.T.);
#174=FACE_OUTER_BOUND('',#298,.T.);
#175=FACE_OUTER_BOUND('',#299,.T.);
#176=FACE_OUTER_BOUND('',#300,.T.);
#177=FACE_OUTER_BOUND('',#301,.T.);
#178=FACE_OUTER_BOUND('',#302,.T.);
#179=FACE_OUTER_BOUND('',#303,.T.);
#180=FACE_OUTER_BOUND('',#304,.T.);
#181=FACE_OUTER_BOUND('',#305,.T.);
#182=FACE_OUTER_BOUND('',#306,.T.);
#183=FACE_OUTER_BOUND('',#307,.T.);
#184=FACE_OUTER_BOUND('',#308,.T.);
#185=FACE_OUTER_BOUND('',#309,.T.);
#186=FACE_OUTER_BOUND('',#310,.T.);
#187=FACE_OUTER_BOUND('',#312,.T.);
#188=FACE_OUTER_BOUND('',#313,.T.);
#189=FACE_OUTER_BOUND('',#314,.T.);
#190=FACE_OUTER_BOUND('',#315,.T.);
#191=FACE_OUTER_BOUND('',#316,.T.);
#192=FACE_OUTER_BOUND('',#317,.T.);
#193=FACE_OUTER_BOUND('',#318,.T.);
#194=FACE_OUTER_BOUND('',#319,.T.);
#195=FACE_OUTER_BOUND('',#320,.T.);
#196=FACE_OUTER_BOUND('',#321,.T.);
#197=FACE_OUTER_BOUND('',#322,.T.);
#198=FACE_OUTER_BOUND('',#323,.T.);
#199=FACE_OUTER_BOUND('',#324,.T.);
#200=FACE_OUTER_BOUND('',#325,.T.);
#201=FACE_OUTER_BOUND('',#326,.T.);
#202=FACE_OUTER_BOUND('',#327,.T.);
#203=FACE_OUTER_BOUND('',#328,.T.);
#204=FACE_OUTER_BOUND('',#330,.T.);
#205=FACE_OUTER_BOUND('',#332,.T.);
#206=FACE_OUTER_BOUND('',#333,.T.);
#207=FACE_OUTER_BOUND('',#334,.T.);
#208=FACE_OUTER_BOUND('',#335,.T.);
#209=FACE_OUTER_BOUND('',#337,.T.);
#210=FACE_OUTER_BOUND('',#339,.T.);
#211=FACE_OUTER_BOUND('',#340,.T.);
#212=FACE_OUTER_BOUND('',#341,.T.);
#213=FACE_OUTER_BOUND('',#342,.T.);
#214=FACE_OUTER_BOUND('',#343,.T.);
#215=FACE_OUTER_BOUND('',#345,.T.);
#216=FACE_OUTER_BOUND('',#346,.T.);
#217=FACE_OUTER_BOUND('',#347,.T.);
#218=FACE_OUTER_BOUND('',#348,.T.);
#219=FACE_OUTER_BOUND('',#350,.T.);
#220=FACE_OUTER_BOUND('',#351,.T.);
#221=FACE_OUTER_BOUND('',#352,.T.);
#222=FACE_OUTER_BOUND('',#353,.T.);
#223=FACE_OUTER_BOUND('',#354,.T.);
#224=FACE_OUTER_BOUND('',#355,.T.);
#225=FACE_OUTER_BOUND('',#356,.T.);
#226=FACE_OUTER_BOUND('',#359,.T.);
#227=FACE_OUTER_BOUND('',#360,.T.);
#228=FACE_OUTER_BOUND('',#361,.T.);
#229=FACE_OUTER_BOUND('',#362,.T.);
#230=FACE_OUTER_BOUND('',#363,.T.);
#231=EDGE_LOOP('',(#1407,#1408,#1409,#1410));
#232=EDGE_LOOP('',(#1411,#1412,#1413,#1414));
#233=EDGE_LOOP('',(#1415,#1416,#1417,#1418));
#234=EDGE_LOOP('',(#1419,#1420,#1421,#1422));
#235=EDGE_LOOP('',(#1423,#1424,#1425,#1426));
#236=EDGE_LOOP('',(#1427,#1428,#1429,#1430));
#237=EDGE_LOOP('',(#1431,#1432,#1433,#1434));
#238=EDGE_LOOP('',(#1435,#1436,#1437,#1438,#1439));
#239=EDGE_LOOP('',(#1440,#1441,#1442,#1443,#1444,#1445,#1446,#1447,#1448,
#1449,#1450,#1451));
#240=EDGE_LOOP('',(#1452));
#241=EDGE_LOOP('',(#1453));
#242=EDGE_LOOP('',(#1454,#1455,#1456,#1457,#1458));
#243=EDGE_LOOP('',(#1459,#1460,#1461,#1462));
#244=EDGE_LOOP('',(#1463,#1464,#1465,#1466));
#245=EDGE_LOOP('',(#1467));
#246=EDGE_LOOP('',(#1468));
#247=EDGE_LOOP('',(#1469,#1470,#1471,#1472));
#248=EDGE_LOOP('',(#1473,#1474,#1475,#1476));
#249=EDGE_LOOP('',(#1477));
#250=EDGE_LOOP('',(#1478,#1479,#1480,#1481));
#251=EDGE_LOOP('',(#1482));
#252=EDGE_LOOP('',(#1483,#1484,#1485,#1486,#1487));
#253=EDGE_LOOP('',(#1488));
#254=EDGE_LOOP('',(#1489,#1490,#1491,#1492,#1493));
#255=EDGE_LOOP('',(#1494));
#256=EDGE_LOOP('',(#1495,#1496,#1497,#1498,#1499,#1500,#1501,#1502,#1503,
#1504,#1505,#1506,#1507,#1508));
#257=EDGE_LOOP('',(#1509,#1510,#1511,#1512,#1513,#1514,#1515,#1516));
#258=EDGE_LOOP('',(#1517,#1518,#1519,#1520));
#259=EDGE_LOOP('',(#1521,#1522,#1523,#1524));
#260=EDGE_LOOP('',(#1525,#1526,#1527,#1528));
#261=EDGE_LOOP('',(#1529,#1530,#1531,#1532));
#262=EDGE_LOOP('',(#1533,#1534,#1535,#1536));
#263=EDGE_LOOP('',(#1537,#1538,#1539,#1540));
#264=EDGE_LOOP('',(#1541,#1542,#1543,#1544));
#265=EDGE_LOOP('',(#1545,#1546,#1547,#1548));
#266=EDGE_LOOP('',(#1549,#1550,#1551,#1552,#1553,#1554,#1555,#1556,#1557,
#1558,#1559,#1560,#1561,#1562));
#267=EDGE_LOOP('',(#1563,#1564,#1565,#1566));
#268=EDGE_LOOP('',(#1567,#1568,#1569,#1570));
#269=EDGE_LOOP('',(#1571,#1572,#1573,#1574));
#270=EDGE_LOOP('',(#1575,#1576,#1577,#1578));
#271=EDGE_LOOP('',(#1579,#1580,#1581,#1582));
#272=EDGE_LOOP('',(#1583,#1584,#1585,#1586));
#273=EDGE_LOOP('',(#1587,#1588,#1589,#1590));
#274=EDGE_LOOP('',(#1591,#1592,#1593,#1594));
#275=EDGE_LOOP('',(#1595,#1596,#1597,#1598));
#276=EDGE_LOOP('',(#1599,#1600,#1601,#1602,#1603,#1604,#1605,#1606,#1607,
#1608,#1609,#1610));
#277=EDGE_LOOP('',(#1611,#1612,#1613,#1614,#1615,#1616));
#278=EDGE_LOOP('',(#1617,#1618,#1619,#1620,#1621));
#279=EDGE_LOOP('',(#1622,#1623,#1624,#1625,#1626,#1627,#1628,#1629,#1630,
#1631,#1632,#1633,#1634,#1635,#1636,#1637,#1638,#1639,#1640,#1641,#1642,
#1643));
#280=EDGE_LOOP('',(#1644,#1645,#1646,#1647));
#281=EDGE_LOOP('',(#1648,#1649,#1650,#1651));
#282=EDGE_LOOP('',(#1652,#1653,#1654,#1655,#1656,#1657));
#283=EDGE_LOOP('',(#1658,#1659,#1660,#1661,#1662,#1663,#1664,#1665));
#284=EDGE_LOOP('',(#1666,#1667,#1668,#1669));
#285=EDGE_LOOP('',(#1670,#1671,#1672,#1673,#1674,#1675));
#286=EDGE_LOOP('',(#1676,#1677,#1678,#1679,#1680));
#287=EDGE_LOOP('',(#1681,#1682,#1683,#1684));
#288=EDGE_LOOP('',(#1685,#1686,#1687,#1688));
#289=EDGE_LOOP('',(#1689,#1690,#1691,#1692));
#290=EDGE_LOOP('',(#1693,#1694,#1695,#1696));
#291=EDGE_LOOP('',(#1697,#1698,#1699,#1700));
#292=EDGE_LOOP('',(#1701,#1702,#1703,#1704));
#293=EDGE_LOOP('',(#1705,#1706,#1707,#1708));
#294=EDGE_LOOP('',(#1709,#1710,#1711,#1712));
#295=EDGE_LOOP('',(#1713,#1714,#1715,#1716));
#296=EDGE_LOOP('',(#1717,#1718,#1719,#1720,#1721,#1722,#1723,#1724,#1725,
#1726,#1727,#1728,#1729,#1730));
#297=EDGE_LOOP('',(#1731,#1732,#1733,#1734,#1735,#1736));
#298=EDGE_LOOP('',(#1737,#1738,#1739,#1740));
#299=EDGE_LOOP('',(#1741,#1742,#1743,#1744));
#300=EDGE_LOOP('',(#1745,#1746,#1747,#1748,#1749));
#301=EDGE_LOOP('',(#1750,#1751,#1752,#1753,#1754));
#302=EDGE_LOOP('',(#1755,#1756,#1757,#1758));
#303=EDGE_LOOP('',(#1759,#1760,#1761,#1762));
#304=EDGE_LOOP('',(#1763,#1764,#1765,#1766));
#305=EDGE_LOOP('',(#1767,#1768,#1769,#1770,#1771,#1772,#1773,#1774,#1775,
#1776,#1777,#1778,#1779,#1780,#1781,#1782));
#306=EDGE_LOOP('',(#1783,#1784,#1785,#1786));
#307=EDGE_LOOP('',(#1787,#1788,#1789,#1790));
#308=EDGE_LOOP('',(#1791,#1792,#1793,#1794));
#309=EDGE_LOOP('',(#1795,#1796,#1797,#1798));
#310=EDGE_LOOP('',(#1799,#1800,#1801,#1802,#1803,#1804,#1805,#1806,#1807));
#311=EDGE_LOOP('',(#1808));
#312=EDGE_LOOP('',(#1809,#1810,#1811,#1812));
#313=EDGE_LOOP('',(#1813,#1814,#1815,#1816));
#314=EDGE_LOOP('',(#1817,#1818,#1819,#1820));
#315=EDGE_LOOP('',(#1821,#1822,#1823,#1824,#1825));
#316=EDGE_LOOP('',(#1826,#1827,#1828,#1829,#1830));
#317=EDGE_LOOP('',(#1831,#1832,#1833,#1834));
#318=EDGE_LOOP('',(#1835,#1836,#1837,#1838,#1839));
#319=EDGE_LOOP('',(#1840,#1841,#1842,#1843,#1844));
#320=EDGE_LOOP('',(#1845,#1846,#1847,#1848));
#321=EDGE_LOOP('',(#1849,#1850,#1851,#1852,#1853));
#322=EDGE_LOOP('',(#1854,#1855,#1856,#1857,#1858));
#323=EDGE_LOOP('',(#1859,#1860,#1861,#1862));
#324=EDGE_LOOP('',(#1863,#1864,#1865,#1866));
#325=EDGE_LOOP('',(#1867,#1868,#1869,#1870));
#326=EDGE_LOOP('',(#1871,#1872,#1873,#1874));
#327=EDGE_LOOP('',(#1875,#1876,#1877,#1878));
#328=EDGE_LOOP('',(#1879,#1880,#1881,#1882,#1883,#1884,#1885,#1886));
#329=EDGE_LOOP('',(#1887));
#330=EDGE_LOOP('',(#1888,#1889,#1890,#1891,#1892,#1893,#1894,#1895));
#331=EDGE_LOOP('',(#1896));
#332=EDGE_LOOP('',(#1897,#1898,#1899,#1900));
#333=EDGE_LOOP('',(#1901,#1902,#1903,#1904));
#334=EDGE_LOOP('',(#1905,#1906,#1907,#1908));
#335=EDGE_LOOP('',(#1909,#1910,#1911,#1912,#1913,#1914,#1915,#1916));
#336=EDGE_LOOP('',(#1917));
#337=EDGE_LOOP('',(#1918,#1919,#1920,#1921,#1922,#1923,#1924,#1925));
#338=EDGE_LOOP('',(#1926));
#339=EDGE_LOOP('',(#1927,#1928,#1929,#1930));
#340=EDGE_LOOP('',(#1931,#1932,#1933,#1934));
#341=EDGE_LOOP('',(#1935,#1936,#1937,#1938));
#342=EDGE_LOOP('',(#1939,#1940,#1941,#1942));
#343=EDGE_LOOP('',(#1943,#1944,#1945,#1946,#1947,#1948,#1949,#1950,#1951,
#1952,#1953));
#344=EDGE_LOOP('',(#1954));
#345=EDGE_LOOP('',(#1955,#1956,#1957,#1958,#1959));
#346=EDGE_LOOP('',(#1960,#1961,#1962,#1963));
#347=EDGE_LOOP('',(#1964,#1965,#1966,#1967));
#348=EDGE_LOOP('',(#1968,#1969,#1970,#1971,#1972,#1973,#1974,#1975,#1976,
#1977,#1978));
#349=EDGE_LOOP('',(#1979));
#350=EDGE_LOOP('',(#1980,#1981,#1982,#1983));
#351=EDGE_LOOP('',(#1984,#1985,#1986,#1987));
#352=EDGE_LOOP('',(#1988,#1989,#1990,#1991));
#353=EDGE_LOOP('',(#1992,#1993,#1994,#1995,#1996));
#354=EDGE_LOOP('',(#1997,#1998,#1999,#2000));
#355=EDGE_LOOP('',(#2001,#2002,#2003,#2004,#2005,#2006));
#356=EDGE_LOOP('',(#2007,#2008,#2009,#2010,#2011,#2012,#2013,#2014,#2015,
#2016,#2017,#2018,#2019,#2020));
#357=EDGE_LOOP('',(#2021,#2022,#2023,#2024,#2025,#2026));
#358=EDGE_LOOP('',(#2027,#2028,#2029,#2030,#2031,#2032));
#359=EDGE_LOOP('',(#2033,#2034,#2035,#2036));
#360=EDGE_LOOP('',(#2037,#2038,#2039,#2040,#2041,#2042,#2043,#2044));
#361=EDGE_LOOP('',(#2045,#2046,#2047,#2048));
#362=EDGE_LOOP('',(#2049,#2050,#2051,#2052));
#363=EDGE_LOOP('',(#2053,#2054,#2055,#2056,#2057,#2058,#2059,#2060,#2061));
#364=EDGE_LOOP('',(#2062));
#365=LINE('',#3306,#555);
#366=LINE('',#3309,#556);
#367=LINE('',#3312,#557);
#368=LINE('',#3314,#558);
#369=LINE('',#3315,#559);
#370=LINE('',#3321,#560);
#371=LINE('',#3324,#561);
#372=LINE('',#3327,#562);
#373=LINE('',#3329,#563);
#374=LINE('',#3330,#564);
#375=LINE('',#3335,#565);
#376=LINE('',#3339,#566);
#377=LINE('',#3341,#567);
#378=LINE('',#3342,#568);
#379=LINE('',#3357,#569);
#380=LINE('',#3359,#570);
#381=LINE('',#3361,#571);
#382=LINE('',#3365,#572);
#383=LINE('',#3369,#573);
#384=LINE('',#3373,#574);
#385=LINE('',#3377,#575);
#386=LINE('',#3378,#576);
#387=LINE('',#3396,#577);
#388=LINE('',#3398,#578);
#389=LINE('',#3400,#579);
#390=LINE('',#3401,#580);
#391=LINE('',#3431,#581);
#392=LINE('',#3435,#582);
#393=LINE('',#3440,#583);
#394=LINE('',#3445,#584);
#395=LINE('',#3450,#585);
#396=LINE('',#3456,#586);
#397=LINE('',#3457,#587);
#398=LINE('',#3460,#588);
#399=LINE('',#3461,#589);
#400=LINE('',#3467,#590);
#401=LINE('',#3470,#591);
#402=LINE('',#3471,#592);
#403=LINE('',#3475,#593);
#404=LINE('',#3477,#594);
#405=LINE('',#3481,#595);
#406=LINE('',#3485,#596);
#407=LINE('',#3490,#597);
#408=LINE('',#3492,#598);
#409=LINE('',#3494,#599);
#410=LINE('',#3496,#600);
#411=LINE('',#3498,#601);
#412=LINE('',#3500,#602);
#413=LINE('',#3502,#603);
#414=LINE('',#3504,#604);
#415=LINE('',#3506,#605);
#416=LINE('',#3508,#606);
#417=LINE('',#3509,#607);
#418=LINE('',#3511,#608);
#419=LINE('',#3512,#609);
#420=LINE('',#3515,#610);
#421=LINE('',#3519,#611);
#422=LINE('',#3520,#612);
#423=LINE('',#3526,#613);
#424=LINE('',#3528,#614);
#425=LINE('',#3530,#615);
#426=LINE('',#3531,#616);
#427=LINE('',#3536,#617);
#428=LINE('',#3540,#618);
#429=LINE('',#3542,#619);
#430=LINE('',#3543,#620);
#431=LINE('',#3546,#621);
#432=LINE('',#3548,#622);
#433=LINE('',#3549,#623);
#434=LINE('',#3554,#624);
#435=LINE('',#3558,#625);
#436=LINE('',#3560,#626);
#437=LINE('',#3561,#627);
#438=LINE('',#3564,#628);
#439=LINE('',#3568,#629);
#440=LINE('',#3570,#630);
#441=LINE('',#3573,#631);
#442=LINE('',#3577,#632);
#443=LINE('',#3580,#633);
#444=LINE('',#3583,#634);
#445=LINE('',#3586,#635);
#446=LINE('',#3590,#636);
#447=LINE('',#3592,#637);
#448=LINE('',#3594,#638);
#449=LINE('',#3596,#639);
#450=LINE('',#3598,#640);
#451=LINE('',#3600,#641);
#452=LINE('',#3604,#642);
#453=LINE('',#3608,#643);
#454=LINE('',#3612,#644);
#455=LINE('',#3616,#645);
#456=LINE('',#3618,#646);
#457=LINE('',#3620,#647);
#458=LINE('',#3622,#648);
#459=LINE('',#3623,#649);
#460=LINE('',#3624,#650);
#461=LINE('',#3628,#651);
#462=LINE('',#3645,#652);
#463=LINE('',#3657,#653);
#464=LINE('',#3661,#654);
#465=LINE('',#3662,#655);
#466=LINE('',#3665,#656);
#467=LINE('',#3667,#657);
#468=LINE('',#3669,#658);
#469=LINE('',#3679,#659);
#470=LINE('',#3680,#660);
#471=LINE('',#3695,#661);
#472=LINE('',#3707,#662);
#473=LINE('',#3710,#663);
#474=LINE('',#3714,#664);
#475=LINE('',#3719,#665);
#476=LINE('',#3722,#666);
#477=LINE('',#3723,#667);
#478=LINE('',#3726,#668);
#479=LINE('',#3729,#669);
#480=LINE('',#3731,#670);
#481=LINE('',#3733,#671);
#482=LINE('',#3735,#672);
#483=LINE('',#3737,#673);
#484=LINE('',#3739,#674);
#485=LINE('',#3740,#675);
#486=LINE('',#3745,#676);
#487=LINE('',#3749,#677);
#488=LINE('',#3755,#678);
#489=LINE('',#3779,#679);
#490=LINE('',#3789,#680);
#491=LINE('',#3804,#681);
#492=LINE('',#3806,#682);
#493=LINE('',#3808,#683);
#494=LINE('',#3810,#684);
#495=LINE('',#3811,#685);
#496=LINE('',#3813,#686);
#497=LINE('',#3815,#687);
#498=LINE('',#3817,#688);
#499=LINE('',#3818,#689);
#500=LINE('',#3819,#690);
#501=LINE('',#3824,#691);
#502=LINE('',#3847,#692);
#503=LINE('',#3853,#693);
#504=LINE('',#3856,#694);
#505=LINE('',#3860,#695);
#506=LINE('',#3862,#696);
#507=LINE('',#3866,#697);
#508=LINE('',#3872,#698);
#509=LINE('',#3873,#699);
#510=LINE('',#3878,#700);
#511=LINE('',#3879,#701);
#512=LINE('',#3881,#702);
#513=LINE('',#3885,#703);
#514=LINE('',#3890,#704);
#515=LINE('',#3894,#705);
#516=LINE('',#3896,#706);
#517=LINE('',#3897,#707);
#518=LINE('',#3903,#708);
#519=LINE('',#3908,#709);
#520=LINE('',#3912,#710);
#521=LINE('',#3914,#711);
#522=LINE('',#3915,#712);
#523=LINE('',#3921,#713);
#524=LINE('',#3932,#714);
#525=LINE('',#3936,#715);
#526=LINE('',#3938,#716);
#527=LINE('',#3939,#717);
#528=LINE('',#3949,#718);
#529=LINE('',#3953,#719);
#530=LINE('',#3955,#720);
#531=LINE('',#3956,#721);
#532=LINE('',#3964,#722);
#533=LINE('',#3968,#723);
#534=LINE('',#3969,#724);
#535=LINE('',#3973,#725);
#536=LINE('',#4005,#726);
#537=LINE('',#4011,#727);
#538=LINE('',#4014,#728);
#539=LINE('',#4017,#729);
#540=LINE('',#4021,#730);
#541=LINE('',#4024,#731);
#542=LINE('',#4026,#732);
#543=LINE('',#4029,#733);
#544=LINE('',#4034,#734);
#545=LINE('',#4035,#735);
#546=LINE('',#4037,#736);
#547=LINE('',#4040,#737);
#548=LINE('',#4042,#738);
#549=LINE('',#4045,#739);
#550=LINE('',#4049,#740);
#551=LINE('',#4050,#741);
#552=LINE('',#4052,#742);
#553=LINE('',#4057,#743);
#554=LINE('',#4060,#744);
#555=VECTOR('',#2628,4.);
#556=VECTOR('',#2631,4.);
#557=VECTOR('',#2634,10.);
#558=VECTOR('',#2635,10.);
#559=VECTOR('',#2636,10.);
#560=VECTOR('',#2641,4.);
#561=VECTOR('',#2644,4.);
#562=VECTOR('',#2647,10.);
#563=VECTOR('',#2648,10.);
#564=VECTOR('',#2649,10.);
#565=VECTOR('',#2654,10.);
#566=VECTOR('',#2659,10.);
#567=VECTOR('',#2660,10.);
#568=VECTOR('',#2661,10.);
#569=VECTOR('',#2680,10.);
#570=VECTOR('',#2681,10.);
#571=VECTOR('',#2682,10.);
#572=VECTOR('',#2685,10.);
#573=VECTOR('',#2688,10.);
#574=VECTOR('',#2691,10.);
#575=VECTOR('',#2694,10.);
#576=VECTOR('',#2695,10.);
#577=VECTOR('',#2716,10.);
#578=VECTOR('',#2717,10.);
#579=VECTOR('',#2718,10.);
#580=VECTOR('',#2719,10.);
#581=VECTOR('',#2762,10.);
#582=VECTOR('',#2765,10.);
#583=VECTOR('',#2770,10.);
#584=VECTOR('',#2775,10.);
#585=VECTOR('',#2780,10.);
#586=VECTOR('',#2787,10.);
#587=VECTOR('',#2788,10.);
#588=VECTOR('',#2791,10.);
#589=VECTOR('',#2792,10.);
#590=VECTOR('',#2801,10.);
#591=VECTOR('',#2804,10.);
#592=VECTOR('',#2805,10.);
#593=VECTOR('',#2810,10.);
#594=VECTOR('',#2813,10.);
#595=VECTOR('',#2816,10.);
#596=VECTOR('',#2819,10.);
#597=VECTOR('',#2824,10.);
#598=VECTOR('',#2825,10.);
#599=VECTOR('',#2826,10.);
#600=VECTOR('',#2827,10.);
#601=VECTOR('',#2828,10.);
#602=VECTOR('',#2829,10.);
#603=VECTOR('',#2830,10.);
#604=VECTOR('',#2831,10.);
#605=VECTOR('',#2832,10.);
#606=VECTOR('',#2833,10.);
#607=VECTOR('',#2834,10.);
#608=VECTOR('',#2835,10.);
#609=VECTOR('',#2836,10.);
#610=VECTOR('',#2839,10.);
#611=VECTOR('',#2844,10.);
#612=VECTOR('',#2845,10.);
#613=VECTOR('',#2852,10.);
#614=VECTOR('',#2853,10.);
#615=VECTOR('',#2854,10.);
#616=VECTOR('',#2855,10.);
#617=VECTOR('',#2860,10.);
#618=VECTOR('',#2865,10.);
#619=VECTOR('',#2866,10.);
#620=VECTOR('',#2867,10.);
#621=VECTOR('',#2870,10.);
#622=VECTOR('',#2871,10.);
#623=VECTOR('',#2872,10.);
#624=VECTOR('',#2877,10.);
#625=VECTOR('',#2882,10.);
#626=VECTOR('',#2883,10.);
#627=VECTOR('',#2884,10.);
#628=VECTOR('',#2887,10.);
#629=VECTOR('',#2890,10.);
#630=VECTOR('',#2893,10.);
#631=VECTOR('',#2896,10.);
#632=VECTOR('',#2899,10.);
#633=VECTOR('',#2902,10.);
#634=VECTOR('',#2905,10.);
#635=VECTOR('',#2908,10.);
#636=VECTOR('',#2911,10.);
#637=VECTOR('',#2912,10.);
#638=VECTOR('',#2913,10.);
#639=VECTOR('',#2914,10.);
#640=VECTOR('',#2915,10.);
#641=VECTOR('',#2916,10.);
#642=VECTOR('',#2919,10.);
#643=VECTOR('',#2922,10.);
#644=VECTOR('',#2925,10.);
#645=VECTOR('',#2928,10.);
#646=VECTOR('',#2929,10.);
#647=VECTOR('',#2930,10.);
#648=VECTOR('',#2931,10.);
#649=VECTOR('',#2932,10.);
#650=VECTOR('',#2933,10.);
#651=VECTOR('',#2936,10.);
#652=VECTOR('',#2943,10.);
#653=VECTOR('',#2944,10.);
#654=VECTOR('',#2949,10.);
#655=VECTOR('',#2950,10.);
#656=VECTOR('',#2953,10.);
#657=VECTOR('',#2954,10.);
#658=VECTOR('',#2955,10.);
#659=VECTOR('',#2956,10.);
#660=VECTOR('',#2957,10.);
#661=VECTOR('',#2960,10.);
#662=VECTOR('',#2961,10.);
#663=VECTOR('',#2966,10.);
#664=VECTOR('',#2971,10.);
#665=VECTOR('',#2978,10.);
#666=VECTOR('',#2981,10.);
#667=VECTOR('',#2982,10.);
#668=VECTOR('',#2985,10.);
#669=VECTOR('',#2990,10.);
#670=VECTOR('',#2993,10.);
#671=VECTOR('',#2996,10.);
#672=VECTOR('',#2999,10.);
#673=VECTOR('',#3002,10.);
#674=VECTOR('',#3005,10.);
#675=VECTOR('',#3006,10.);
#676=VECTOR('',#3011,10.);
#677=VECTOR('',#3018,10.);
#678=VECTOR('',#3025,10.);
#679=VECTOR('',#3038,10.);
#680=VECTOR('',#3039,10.);
#681=VECTOR('',#3048,10.);
#682=VECTOR('',#3051,10.);
#683=VECTOR('',#3052,10.);
#684=VECTOR('',#3053,10.);
#685=VECTOR('',#3054,10.);
#686=VECTOR('',#3055,10.);
#687=VECTOR('',#3056,10.);
#688=VECTOR('',#3057,10.);
#689=VECTOR('',#3058,10.);
#690=VECTOR('',#3059,10.);
#691=VECTOR('',#3064,10.);
#692=VECTOR('',#3073,10.);
#693=VECTOR('',#3078,10.);
#694=VECTOR('',#3081,10.);
#695=VECTOR('',#3086,10.);
#696=VECTOR('',#3087,10.);
#697=VECTOR('',#3090,10.);
#698=VECTOR('',#3097,10.);
#699=VECTOR('',#3098,10.);
#700=VECTOR('',#3103,10.);
#701=VECTOR('',#3104,10.);
#702=VECTOR('',#3107,10.);
#703=VECTOR('',#3112,10.);
#704=VECTOR('',#3117,10.);
#705=VECTOR('',#3122,10.);
#706=VECTOR('',#3123,10.);
#707=VECTOR('',#3124,10.);
#708=VECTOR('',#3131,10.);
#709=VECTOR('',#3136,10.);
#710=VECTOR('',#3141,10.);
#711=VECTOR('',#3142,10.);
#712=VECTOR('',#3143,10.);
#713=VECTOR('',#3150,10.);
#714=VECTOR('',#3167,1.70000000000001);
#715=VECTOR('',#3172,10.);
#716=VECTOR('',#3173,10.);
#717=VECTOR('',#3174,10.);
#718=VECTOR('',#3189,1.70000000000001);
#719=VECTOR('',#3194,10.);
#720=VECTOR('',#3195,10.);
#721=VECTOR('',#3196,10.);
#722=VECTOR('',#3209,1.70000000000001);
#723=VECTOR('',#3214,10.);
#724=VECTOR('',#3215,10.);
#725=VECTOR('',#3222,10.);
#726=VECTOR('',#3233,10.);
#727=VECTOR('',#3238,10.);
#728=VECTOR('',#3241,10.);
#729=VECTOR('',#3244,10.);
#730=VECTOR('',#3247,10.);
#731=VECTOR('',#3250,10.);
#732=VECTOR('',#3251,10.);
#733=VECTOR('',#3254,10.);
#734=VECTOR('',#3259,10.);
#735=VECTOR('',#3260,10.);
#736=VECTOR('',#3263,10.);
#737=VECTOR('',#3266,10.);
#738=VECTOR('',#3269,10.);
#739=VECTOR('',#3272,10.);
#740=VECTOR('',#3277,10.);
#741=VECTOR('',#3278,10.);
#742=VECTOR('',#3281,10.);
#743=VECTOR('',#3288,1.70000000000001);
#744=VECTOR('',#3293,10.);
#745=CIRCLE('',#2380,4.);
#746=CIRCLE('',#2381,4.);
#747=CIRCLE('',#2384,4.);
#748=CIRCLE('',#2385,4.);
#749=CIRCLE('',#2388,6.);
#750=CIRCLE('',#2389,6.);
#751=CIRCLE('',#2392,6.);
#752=CIRCLE('',#2393,6.);
#753=CIRCLE('',#2395,1.22915742374996);
#754=CIRCLE('',#2396,0.2);
#755=CIRCLE('',#2397,1.42082039324994);
#756=CIRCLE('',#2398,1.22915742374996);
#757=CIRCLE('',#2400,2.);
#758=CIRCLE('',#2401,2.);
#759=CIRCLE('',#2402,2.);
#760=CIRCLE('',#2403,2.);
#761=CIRCLE('',#2404,1.42082039324994);
#762=CIRCLE('',#2406,1.22915742374995);
#763=CIRCLE('',#2407,0.2);
#764=CIRCLE('',#2408,1.22915742374995);
#765=CIRCLE('',#2410,1.22915742374996);
#766=CIRCLE('',#2411,0.2);
#767=CIRCLE('',#2412,1.42082039324994);
#768=CIRCLE('',#2414,1.42082039324994);
#769=CIRCLE('',#2416,1.22915742374996);
#770=CIRCLE('',#2417,0.2);
#771=CIRCLE('',#2419,0.5);
#772=CIRCLE('',#2420,0.75);
#773=CIRCLE('',#2423,0.5);
#774=CIRCLE('',#2424,0.75);
#775=CIRCLE('',#2427,0.75);
#776=CIRCLE('',#2428,0.5);
#777=CIRCLE('',#2431,0.75);
#778=CIRCLE('',#2432,0.5);
#779=CIRCLE('',#2435,11.698409519533);
#780=CIRCLE('',#2436,11.698409519533);
#781=CIRCLE('',#2437,11.698409519533);
#782=CIRCLE('',#2438,11.698409519533);
#783=CIRCLE('',#2439,7.49840951953301);
#784=CIRCLE('',#2440,7.49840951953301);
#785=CIRCLE('',#2441,7.49840951953301);
#786=CIRCLE('',#2442,7.49840951953301);
#787=CIRCLE('',#2444,11.698409519533);
#788=CIRCLE('',#2447,11.698409519533);
#789=CIRCLE('',#2449,11.698409519533);
#790=CIRCLE('',#2452,11.698409519533);
#791=CIRCLE('',#2455,5.498409519533);
#792=CIRCLE('',#2456,5.498409519533);
#793=CIRCLE('',#2459,7.49840951953301);
#794=CIRCLE('',#2462,7.49840951953301);
#795=CIRCLE('',#2465,5.498409519533);
#796=CIRCLE('',#2466,5.498409519533);
#797=CIRCLE('',#2470,5.498409519533);
#798=CIRCLE('',#2471,5.498409519533);
#799=CIRCLE('',#2474,5.498409519533);
#800=CIRCLE('',#2475,5.498409519533);
#801=CIRCLE('',#2480,5.498409519533);
#802=CIRCLE('',#2482,2.);
#803=CIRCLE('',#2483,2.);
#804=CIRCLE('',#2484,2.);
#805=CIRCLE('',#2485,2.);
#806=CIRCLE('',#2487,5.498409519533);
#807=CIRCLE('',#2488,5.498409519533);
#808=CIRCLE('',#2491,7.49840951953301);
#809=CIRCLE('',#2495,5.498409519533);
#810=CIRCLE('',#2496,7.49840951953301);
#811=CIRCLE('',#2498,5.498409519533);
#812=CIRCLE('',#2511,5.498409519533);
#813=CIRCLE('',#2512,5.498409519533);
#814=CIRCLE('',#2513,5.498409519533);
#815=CIRCLE('',#2517,1.000000126562);
#816=CIRCLE('',#2519,4.498409519533);
#817=CIRCLE('',#2520,5.498409519533);
#818=CIRCLE('',#2523,1.000000126562);
#819=CIRCLE('',#2525,0.999999873438);
#820=CIRCLE('',#2526,4.498409519533);
#821=CIRCLE('',#2530,1.000000126562);
#822=CIRCLE('',#2532,0.999999873438002);
#823=CIRCLE('',#2533,4.498409519533);
#824=CIRCLE('',#2536,1.);
#825=CIRCLE('',#2537,1.);
#826=CIRCLE('',#2539,1.);
#827=CIRCLE('',#2540,3.00000000000001);
#828=CIRCLE('',#2541,3.);
#829=CIRCLE('',#2542,1.70000000000001);
#830=CIRCLE('',#2545,1.);
#831=CIRCLE('',#2548,3.);
#832=CIRCLE('',#2550,3.);
#833=CIRCLE('',#2551,3.);
#834=CIRCLE('',#2554,3.);
#835=CIRCLE('',#2555,3.);
#836=CIRCLE('',#2557,3.);
#837=CIRCLE('',#2558,3.);
#838=CIRCLE('',#2561,3.);
#839=CIRCLE('',#2562,3.);
#840=CIRCLE('',#2564,5.498409519533);
#841=CIRCLE('',#2566,5.498409519533);
#842=CIRCLE('',#2568,5.498409519533);
#843=CIRCLE('',#2570,1.70000000000001);
#844=CIRCLE('',#2571,1.70000000000001);
#845=CIRCLE('',#2574,3.00000000000001);
#846=CIRCLE('',#2575,3.00000000000001);
#847=CIRCLE('',#2579,1.70000000000001);
#848=CIRCLE('',#2580,1.70000000000001);
#849=CIRCLE('',#2583,3.00000000000001);
#850=CIRCLE('',#2584,3.00000000000001);
#851=CIRCLE('',#2588,1.70000000000001);
#852=CIRCLE('',#2591,3.00000000000001);
#853=CIRCLE('',#2595,0.999999873437999);
#854=CIRCLE('',#2596,4.498409519533);
#855=CIRCLE('',#2599,1.);
#856=CIRCLE('',#2600,1.);
#857=CIRCLE('',#2602,3.00000000000001);
#858=CIRCLE('',#2603,3.);
#859=CIRCLE('',#2604,1.);
#860=CIRCLE('',#2605,1.70000000000001);
#861=CIRCLE('',#2608,1.);
#862=CIRCLE('',#2611,3.);
#863=CIRCLE('',#2616,1.70000000000001);
#864=CIRCLE('',#2620,3.00000000000001);
#865=VERTEX_POINT('',#3302);
#866=VERTEX_POINT('',#3303);
#867=VERTEX_POINT('',#3305);
#868=VERTEX_POINT('',#3307);
#869=VERTEX_POINT('',#3311);
#870=VERTEX_POINT('',#3313);
#871=VERTEX_POINT('',#3317);
#872=VERTEX_POINT('',#3318);
#873=VERTEX_POINT('',#3320);
#874=VERTEX_POINT('',#3322);
#875=VERTEX_POINT('',#3326);
#876=VERTEX_POINT('',#3328);
#877=VERTEX_POINT('',#3332);
#878=VERTEX_POINT('',#3334);
#879=VERTEX_POINT('',#3338);
#880=VERTEX_POINT('',#3340);
#881=VERTEX_POINT('',#3347);
#882=VERTEX_POINT('',#3348);
#883=VERTEX_POINT('',#3350);
#884=VERTEX_POINT('',#3355);
#885=VERTEX_POINT('',#3356);
#886=VERTEX_POINT('',#3358);
#887=VERTEX_POINT('',#3360);
#888=VERTEX_POINT('',#3362);
#889=VERTEX_POINT('',#3364);
#890=VERTEX_POINT('',#3366);
#891=VERTEX_POINT('',#3368);
#892=VERTEX_POINT('',#3370);
#893=VERTEX_POINT('',#3372);
#894=VERTEX_POINT('',#3374);
#895=VERTEX_POINT('',#3376);
#896=VERTEX_POINT('',#3379);
#897=VERTEX_POINT('',#3382);
#898=VERTEX_POINT('',#3383);
#899=VERTEX_POINT('',#3388);
#900=VERTEX_POINT('',#3390);
#901=VERTEX_POINT('',#3394);
#902=VERTEX_POINT('',#3395);
#903=VERTEX_POINT('',#3397);
#904=VERTEX_POINT('',#3399);
#905=VERTEX_POINT('',#3402);
#906=VERTEX_POINT('',#3405);
#907=VERTEX_POINT('',#3409);
#908=VERTEX_POINT('',#3414);
#909=VERTEX_POINT('',#3419);
#910=VERTEX_POINT('',#3424);
#911=VERTEX_POINT('',#3429);
#912=VERTEX_POINT('',#3430);
#913=VERTEX_POINT('',#3432);
#914=VERTEX_POINT('',#3434);
#915=VERTEX_POINT('',#3437);
#916=VERTEX_POINT('',#3439);
#917=VERTEX_POINT('',#3442);
#918=VERTEX_POINT('',#3444);
#919=VERTEX_POINT('',#3447);
#920=VERTEX_POINT('',#3449);
#921=VERTEX_POINT('',#3453);
#922=VERTEX_POINT('',#3454);
#923=VERTEX_POINT('',#3459);
#924=VERTEX_POINT('',#3465);
#925=VERTEX_POINT('',#3469);
#926=VERTEX_POINT('',#3473);
#927=VERTEX_POINT('',#3479);
#928=VERTEX_POINT('',#3480);
#929=VERTEX_POINT('',#3482);
#930=VERTEX_POINT('',#3484);
#931=VERTEX_POINT('',#3488);
#932=VERTEX_POINT('',#3489);
#933=VERTEX_POINT('',#3491);
#934=VERTEX_POINT('',#3493);
#935=VERTEX_POINT('',#3495);
#936=VERTEX_POINT('',#3497);
#937=VERTEX_POINT('',#3499);
#938=VERTEX_POINT('',#3501);
#939=VERTEX_POINT('',#3503);
#940=VERTEX_POINT('',#3505);
#941=VERTEX_POINT('',#3507);
#942=VERTEX_POINT('',#3510);
#943=VERTEX_POINT('',#3514);
#944=VERTEX_POINT('',#3518);
#945=VERTEX_POINT('',#3524);
#946=VERTEX_POINT('',#3525);
#947=VERTEX_POINT('',#3527);
#948=VERTEX_POINT('',#3529);
#949=VERTEX_POINT('',#3533);
#950=VERTEX_POINT('',#3535);
#951=VERTEX_POINT('',#3539);
#952=VERTEX_POINT('',#3541);
#953=VERTEX_POINT('',#3545);
#954=VERTEX_POINT('',#3547);
#955=VERTEX_POINT('',#3551);
#956=VERTEX_POINT('',#3553);
#957=VERTEX_POINT('',#3557);
#958=VERTEX_POINT('',#3559);
#959=VERTEX_POINT('',#3563);
#960=VERTEX_POINT('',#3565);
#961=VERTEX_POINT('',#3567);
#962=VERTEX_POINT('',#3572);
#963=VERTEX_POINT('',#3574);
#964=VERTEX_POINT('',#3576);
#965=VERTEX_POINT('',#3578);
#966=VERTEX_POINT('',#3582);
#967=VERTEX_POINT('',#3584);
#968=VERTEX_POINT('',#3588);
#969=VERTEX_POINT('',#3589);
#970=VERTEX_POINT('',#3591);
#971=VERTEX_POINT('',#3593);
#972=VERTEX_POINT('',#3595);
#973=VERTEX_POINT('',#3597);
#974=VERTEX_POINT('',#3599);
#975=VERTEX_POINT('',#3601);
#976=VERTEX_POINT('',#3603);
#977=VERTEX_POINT('',#3605);
#978=VERTEX_POINT('',#3607);
#979=VERTEX_POINT('',#3609);
#980=VERTEX_POINT('',#3611);
#981=VERTEX_POINT('',#3613);
#982=VERTEX_POINT('',#3615);
#983=VERTEX_POINT('',#3617);
#984=VERTEX_POINT('',#3619);
#985=VERTEX_POINT('',#3621);
#986=VERTEX_POINT('',#3626);
#987=VERTEX_POINT('',#3627);
#988=VERTEX_POINT('',#3632);
#989=VERTEX_POINT('',#3633);
#990=VERTEX_POINT('',#3644);
#991=VERTEX_POINT('',#3646);
#992=VERTEX_POINT('',#3660);
#993=VERTEX_POINT('',#3664);
#994=VERTEX_POINT('',#3666);
#995=VERTEX_POINT('',#3668);
#996=VERTEX_POINT('',#3670);
#997=VERTEX_POINT('',#3682);
#998=VERTEX_POINT('',#3683);
#999=VERTEX_POINT('',#3694);
#1000=VERTEX_POINT('',#3696);
#1001=VERTEX_POINT('',#3713);
#1002=VERTEX_POINT('',#3717);
#1003=VERTEX_POINT('',#3721);
#1004=VERTEX_POINT('',#3725);
#1005=VERTEX_POINT('',#3742);
#1006=VERTEX_POINT('',#3744);
#1007=VERTEX_POINT('',#3752);
#1008=VERTEX_POINT('',#3754);
#1009=VERTEX_POINT('',#3765);
#1010=VERTEX_POINT('',#3776);
#1011=VERTEX_POINT('',#3778);
#1012=VERTEX_POINT('',#3780);
#1013=VERTEX_POINT('',#3791);
#1014=VERTEX_POINT('',#3795);
#1015=VERTEX_POINT('',#3807);
#1016=VERTEX_POINT('',#3809);
#1017=VERTEX_POINT('',#3812);
#1018=VERTEX_POINT('',#3814);
#1019=VERTEX_POINT('',#3816);
#1020=VERTEX_POINT('',#3821);
#1021=VERTEX_POINT('',#3823);
#1022=VERTEX_POINT('',#3834);
#1023=VERTEX_POINT('',#3838);
#1024=VERTEX_POINT('',#3849);
#1025=VERTEX_POINT('',#3850);
#1026=VERTEX_POINT('',#3852);
#1027=VERTEX_POINT('',#3854);
#1028=VERTEX_POINT('',#3858);
#1029=VERTEX_POINT('',#3861);
#1030=VERTEX_POINT('',#3863);
#1031=VERTEX_POINT('',#3865);
#1032=VERTEX_POINT('',#3868);
#1033=VERTEX_POINT('',#3871);
#1034=VERTEX_POINT('',#3875);
#1035=VERTEX_POINT('',#3876);
#1036=VERTEX_POINT('',#3883);
#1037=VERTEX_POINT('',#3887);
#1038=VERTEX_POINT('',#3889);
#1039=VERTEX_POINT('',#3893);
#1040=VERTEX_POINT('',#3895);
#1041=VERTEX_POINT('',#3899);
#1042=VERTEX_POINT('',#3901);
#1043=VERTEX_POINT('',#3905);
#1044=VERTEX_POINT('',#3907);
#1045=VERTEX_POINT('',#3911);
#1046=VERTEX_POINT('',#3913);
#1047=VERTEX_POINT('',#3917);
#1048=VERTEX_POINT('',#3919);
#1049=VERTEX_POINT('',#3929);
#1050=VERTEX_POINT('',#3931);
#1051=VERTEX_POINT('',#3935);
#1052=VERTEX_POINT('',#3937);
#1053=VERTEX_POINT('',#3946);
#1054=VERTEX_POINT('',#3948);
#1055=VERTEX_POINT('',#3952);
#1056=VERTEX_POINT('',#3954);
#1057=VERTEX_POINT('',#3963);
#1058=VERTEX_POINT('',#3967);
#1059=VERTEX_POINT('',#3976);
#1060=VERTEX_POINT('',#3985);
#1061=VERTEX_POINT('',#3987);
#1062=VERTEX_POINT('',#3996);
#1063=VERTEX_POINT('',#4007);
#1064=VERTEX_POINT('',#4008);
#1065=VERTEX_POINT('',#4010);
#1066=VERTEX_POINT('',#4012);
#1067=VERTEX_POINT('',#4016);
#1068=VERTEX_POINT('',#4018);
#1069=VERTEX_POINT('',#4020);
#1070=VERTEX_POINT('',#4023);
#1071=VERTEX_POINT('',#4025);
#1072=VERTEX_POINT('',#4027);
#1073=VERTEX_POINT('',#4030);
#1074=VERTEX_POINT('',#4033);
#1075=VERTEX_POINT('',#4038);
#1076=VERTEX_POINT('',#4044);
#1077=VERTEX_POINT('',#4048);
#1078=VERTEX_POINT('',#4055);
#1079=EDGE_CURVE('',#865,#866,#745,.F.);
#1080=EDGE_CURVE('',#865,#867,#365,.T.);
#1081=EDGE_CURVE('',#867,#868,#746,.T.);
#1082=EDGE_CURVE('',#868,#866,#366,.T.);
#1083=EDGE_CURVE('',#869,#868,#367,.T.);
#1084=EDGE_CURVE('',#869,#870,#368,.T.);
#1085=EDGE_CURVE('',#866,#870,#369,.T.);
#1086=EDGE_CURVE('',#871,#872,#747,.F.);
#1087=EDGE_CURVE('',#871,#873,#370,.T.);
#1088=EDGE_CURVE('',#873,#874,#748,.T.);
#1089=EDGE_CURVE('',#874,#872,#371,.T.);
#1090=EDGE_CURVE('',#875,#874,#372,.T.);
#1091=EDGE_CURVE('',#876,#875,#373,.T.);
#1092=EDGE_CURVE('',#872,#876,#374,.T.);
#1093=EDGE_CURVE('',#877,#865,#749,.T.);
#1094=EDGE_CURVE('',#878,#877,#375,.T.);
#1095=EDGE_CURVE('',#867,#878,#750,.T.);
#1096=EDGE_CURVE('',#878,#879,#376,.T.);
#1097=EDGE_CURVE('',#880,#877,#377,.T.);
#1098=EDGE_CURVE('',#879,#880,#378,.T.);
#1099=EDGE_CURVE('',#879,#871,#751,.T.);
#1100=EDGE_CURVE('',#873,#880,#752,.T.);
#1101=EDGE_CURVE('',#881,#882,#753,.T.);
#1102=EDGE_CURVE('',#882,#883,#754,.T.);
#1103=EDGE_CURVE('',#883,#883,#755,.T.);
#1104=EDGE_CURVE('',#882,#881,#756,.T.);
#1105=EDGE_CURVE('',#884,#885,#379,.T.);
#1106=EDGE_CURVE('',#886,#885,#380,.T.);
#1107=EDGE_CURVE('',#887,#886,#381,.T.);
#1108=EDGE_CURVE('',#888,#887,#757,.T.);
#1109=EDGE_CURVE('',#888,#889,#382,.T.);
#1110=EDGE_CURVE('',#890,#889,#758,.T.);
#1111=EDGE_CURVE('',#891,#890,#383,.T.);
#1112=EDGE_CURVE('',#892,#891,#759,.T.);
#1113=EDGE_CURVE('',#893,#892,#384,.T.);
#1114=EDGE_CURVE('',#894,#893,#760,.T.);
#1115=EDGE_CURVE('',#895,#894,#385,.T.);
#1116=EDGE_CURVE('',#895,#884,#386,.T.);
#1117=EDGE_CURVE('',#896,#896,#761,.T.);
#1118=EDGE_CURVE('',#897,#898,#762,.T.);
#1119=EDGE_CURVE('',#898,#896,#763,.T.);
#1120=EDGE_CURVE('',#898,#897,#764,.T.);
#1121=EDGE_CURVE('',#899,#899,#765,.T.);
#1122=EDGE_CURVE('',#899,#900,#766,.T.);
#1123=EDGE_CURVE('',#900,#900,#767,.T.);
#1124=EDGE_CURVE('',#901,#902,#387,.T.);
#1125=EDGE_CURVE('',#903,#902,#388,.T.);
#1126=EDGE_CURVE('',#904,#903,#389,.T.);
#1127=EDGE_CURVE('',#904,#901,#390,.T.);
#1128=EDGE_CURVE('',#905,#905,#768,.T.);
#1129=EDGE_CURVE('',#906,#906,#769,.T.);
#1130=EDGE_CURVE('',#906,#905,#770,.T.);
#1131=EDGE_CURVE('',#906,#907,#771,.T.);
#1132=EDGE_CURVE('',#907,#907,#772,.T.);
#1133=EDGE_CURVE('',#899,#908,#773,.T.);
#1134=EDGE_CURVE('',#908,#908,#774,.T.);
#1135=EDGE_CURVE('',#909,#909,#775,.T.);
#1136=EDGE_CURVE('',#909,#881,#776,.T.);
#1137=EDGE_CURVE('',#910,#910,#777,.T.);
#1138=EDGE_CURVE('',#910,#897,#778,.T.);
#1139=EDGE_CURVE('',#911,#912,#391,.T.);
#1140=EDGE_CURVE('',#912,#913,#779,.T.);
#1141=EDGE_CURVE('',#913,#914,#392,.T.);
#1142=EDGE_CURVE('',#914,#875,#780,.T.);
#1143=EDGE_CURVE('',#870,#915,#781,.T.);
#1144=EDGE_CURVE('',#915,#916,#393,.T.);
#1145=EDGE_CURVE('',#916,#911,#782,.T.);
#1146=EDGE_CURVE('',#917,#884,#783,.T.);
#1147=EDGE_CURVE('',#918,#917,#394,.T.);
#1148=EDGE_CURVE('',#902,#918,#784,.T.);
#1149=EDGE_CURVE('',#919,#901,#785,.T.);
#1150=EDGE_CURVE('',#920,#919,#395,.T.);
#1151=EDGE_CURVE('',#885,#920,#786,.T.);
#1152=EDGE_CURVE('',#921,#922,#787,.T.);
#1153=EDGE_CURVE('',#921,#911,#396,.T.);
#1154=EDGE_CURVE('',#922,#916,#397,.T.);
#1155=EDGE_CURVE('',#922,#923,#398,.T.);
#1156=EDGE_CURVE('',#923,#915,#399,.T.);
#1157=EDGE_CURVE('',#923,#869,#788,.T.);
#1158=EDGE_CURVE('',#876,#924,#789,.T.);
#1159=EDGE_CURVE('',#924,#914,#400,.T.);
#1160=EDGE_CURVE('',#924,#925,#401,.T.);
#1161=EDGE_CURVE('',#925,#913,#402,.T.);
#1162=EDGE_CURVE('',#925,#926,#790,.T.);
#1163=EDGE_CURVE('',#926,#912,#403,.T.);
#1164=EDGE_CURVE('',#926,#921,#404,.T.);
#1165=EDGE_CURVE('',#927,#928,#405,.T.);
#1166=EDGE_CURVE('',#929,#927,#791,.T.);
#1167=EDGE_CURVE('',#930,#929,#406,.T.);
#1168=EDGE_CURVE('',#928,#930,#792,.T.);
#1169=EDGE_CURVE('',#931,#932,#407,.T.);
#1170=EDGE_CURVE('',#933,#932,#408,.T.);
#1171=EDGE_CURVE('',#934,#933,#409,.T.);
#1172=EDGE_CURVE('',#935,#934,#410,.T.);
#1173=EDGE_CURVE('',#935,#936,#411,.T.);
#1174=EDGE_CURVE('',#937,#936,#412,.T.);
#1175=EDGE_CURVE('',#938,#937,#413,.T.);
#1176=EDGE_CURVE('',#938,#939,#414,.T.);
#1177=EDGE_CURVE('',#939,#940,#415,.T.);
#1178=EDGE_CURVE('',#941,#940,#416,.T.);
#1179=EDGE_CURVE('',#927,#941,#417,.T.);
#1180=EDGE_CURVE('',#942,#928,#418,.T.);
#1181=EDGE_CURVE('',#942,#931,#419,.T.);
#1182=EDGE_CURVE('',#943,#918,#420,.T.);
#1183=EDGE_CURVE('',#903,#943,#793,.T.);
#1184=EDGE_CURVE('',#944,#917,#421,.T.);
#1185=EDGE_CURVE('',#943,#944,#422,.T.);
#1186=EDGE_CURVE('',#944,#895,#794,.T.);
#1187=EDGE_CURVE('',#945,#946,#423,.T.);
#1188=EDGE_CURVE('',#945,#947,#424,.T.);
#1189=EDGE_CURVE('',#948,#947,#425,.T.);
#1190=EDGE_CURVE('',#946,#948,#426,.T.);
#1191=EDGE_CURVE('',#949,#945,#795,.T.);
#1192=EDGE_CURVE('',#949,#950,#427,.T.);
#1193=EDGE_CURVE('',#947,#950,#796,.T.);
#1194=EDGE_CURVE('',#951,#949,#428,.T.);
#1195=EDGE_CURVE('',#951,#952,#429,.T.);
#1196=EDGE_CURVE('',#950,#952,#430,.T.);
#1197=EDGE_CURVE('',#953,#942,#431,.T.);
#1198=EDGE_CURVE('',#953,#954,#432,.T.);
#1199=EDGE_CURVE('',#931,#954,#433,.T.);
#1200=EDGE_CURVE('',#955,#953,#797,.T.);
#1201=EDGE_CURVE('',#955,#956,#434,.T.);
#1202=EDGE_CURVE('',#954,#956,#798,.T.);
#1203=EDGE_CURVE('',#957,#955,#435,.T.);
#1204=EDGE_CURVE('',#957,#958,#436,.T.);
#1205=EDGE_CURVE('',#956,#958,#437,.T.);
#1206=EDGE_CURVE('',#959,#952,#438,.T.);
#1207=EDGE_CURVE('',#960,#959,#799,.T.);
#1208=EDGE_CURVE('',#961,#960,#439,.T.);
#1209=EDGE_CURVE('',#932,#961,#800,.T.);
#1210=EDGE_CURVE('',#948,#958,#440,.T.);
#1211=EDGE_CURVE('',#962,#960,#441,.T.);
#1212=EDGE_CURVE('',#963,#962,#28,.T.);
#1213=EDGE_CURVE('',#964,#963,#442,.T.);
#1214=EDGE_CURVE('',#964,#965,#29,.F.);
#1215=EDGE_CURVE('',#965,#961,#443,.T.);
#1216=EDGE_CURVE('',#966,#959,#444,.T.);
#1217=EDGE_CURVE('',#967,#966,#801,.T.);
#1218=EDGE_CURVE('',#967,#962,#445,.T.);
#1219=EDGE_CURVE('',#968,#969,#446,.T.);
#1220=EDGE_CURVE('',#970,#969,#447,.T.);
#1221=EDGE_CURVE('',#971,#970,#448,.T.);
#1222=EDGE_CURVE('',#971,#972,#449,.T.);
#1223=EDGE_CURVE('',#973,#972,#450,.T.);
#1224=EDGE_CURVE('',#974,#973,#451,.T.);
#1225=EDGE_CURVE('',#975,#974,#802,.T.);
#1226=EDGE_CURVE('',#975,#976,#452,.T.);
#1227=EDGE_CURVE('',#977,#976,#803,.T.);
#1228=EDGE_CURVE('',#978,#977,#453,.T.);
#1229=EDGE_CURVE('',#979,#978,#804,.T.);
#1230=EDGE_CURVE('',#980,#979,#454,.T.);
#1231=EDGE_CURVE('',#981,#980,#805,.T.);
#1232=EDGE_CURVE('',#982,#981,#455,.T.);
#1233=EDGE_CURVE('',#982,#983,#456,.T.);
#1234=EDGE_CURVE('',#983,#984,#457,.T.);
#1235=EDGE_CURVE('',#985,#984,#458,.T.);
#1236=EDGE_CURVE('',#966,#985,#459,.T.);
#1237=EDGE_CURVE('',#968,#951,#460,.T.);
#1238=EDGE_CURVE('',#986,#987,#461,.T.);
#1239=EDGE_CURVE('',#969,#987,#806,.T.);
#1240=EDGE_CURVE('',#986,#968,#807,.T.);
#1241=EDGE_CURVE('',#988,#989,#14,.T.);
#1242=EDGE_CURVE('',#989,#990,#462,.T.);
#1243=EDGE_CURVE('',#990,#991,#15,.T.);
#1244=EDGE_CURVE('',#991,#988,#463,.T.);
#1245=EDGE_CURVE('',#989,#904,#808,.T.);
#1246=EDGE_CURVE('',#988,#992,#464,.T.);
#1247=EDGE_CURVE('',#992,#919,#465,.T.);
#1248=EDGE_CURVE('',#991,#993,#466,.T.);
#1249=EDGE_CURVE('',#993,#994,#467,.T.);
#1250=EDGE_CURVE('',#994,#995,#468,.T.);
#1251=EDGE_CURVE('',#996,#995,#16,.T.);
#1252=EDGE_CURVE('',#996,#965,#469,.T.);
#1253=EDGE_CURVE('',#992,#965,#470,.T.);
#1254=EDGE_CURVE('',#997,#998,#17,.T.);
#1255=EDGE_CURVE('',#998,#999,#471,.T.);
#1256=EDGE_CURVE('',#999,#1000,#18,.T.);
#1257=EDGE_CURVE('',#1000,#997,#472,.T.);
#1258=EDGE_CURVE('',#998,#982,#809,.T.);
#1259=EDGE_CURVE('',#887,#981,#473,.T.);
#1260=EDGE_CURVE('',#886,#999,#810,.T.);
#1261=EDGE_CURVE('',#997,#1001,#474,.T.);
#1262=EDGE_CURVE('',#1001,#983,#811,.T.);
#1263=EDGE_CURVE('',#992,#1002,#30,.F.);
#1264=EDGE_CURVE('',#964,#1002,#475,.T.);
#1265=EDGE_CURVE('',#1003,#963,#476,.T.);
#1266=EDGE_CURVE('',#1003,#1002,#477,.T.);
#1267=EDGE_CURVE('',#962,#1004,#478,.T.);
#1268=EDGE_CURVE('',#1004,#1003,#31,.T.);
#1269=EDGE_CURVE('',#980,#888,#479,.T.);
#1270=EDGE_CURVE('',#889,#979,#480,.T.);
#1271=EDGE_CURVE('',#978,#890,#481,.T.);
#1272=EDGE_CURVE('',#891,#977,#482,.T.);
#1273=EDGE_CURVE('',#976,#892,#483,.T.);
#1274=EDGE_CURVE('',#893,#975,#484,.T.);
#1275=EDGE_CURVE('',#974,#894,#485,.T.);
#1276=EDGE_CURVE('',#973,#1005,#812,.T.);
#1277=EDGE_CURVE('',#1005,#1006,#486,.T.);
#1278=EDGE_CURVE('',#1006,#938,#813,.T.);
#1279=EDGE_CURVE('',#937,#990,#814,.T.);
#1280=EDGE_CURVE('',#920,#1004,#487,.T.);
#1281=EDGE_CURVE('',#933,#1007,#815,.T.);
#1282=EDGE_CURVE('',#1007,#1008,#488,.T.);
#1283=EDGE_CURVE('',#1008,#934,#19,.T.);
#1284=EDGE_CURVE('',#1009,#995,#20,.F.);
#1285=EDGE_CURVE('',#1009,#1007,#816,.T.);
#1286=EDGE_CURVE('',#933,#996,#817,.T.);
#1287=EDGE_CURVE('',#929,#1010,#818,.T.);
#1288=EDGE_CURVE('',#1010,#1011,#489,.T.);
#1289=EDGE_CURVE('',#1011,#1012,#21,.T.);
#1290=EDGE_CURVE('',#1012,#929,#490,.T.);
#1291=EDGE_CURVE('',#927,#1013,#819,.T.);
#1292=EDGE_CURVE('',#1013,#1010,#820,.T.);
#1293=EDGE_CURVE('',#941,#1014,#22,.T.);
#1294=EDGE_CURVE('',#1014,#1013,#491,.T.);
#1295=EDGE_CURVE('',#930,#957,#492,.T.);
#1296=EDGE_CURVE('',#1015,#1012,#493,.T.);
#1297=EDGE_CURVE('',#1015,#1016,#494,.T.);
#1298=EDGE_CURVE('',#1016,#1006,#495,.T.);
#1299=EDGE_CURVE('',#1005,#1017,#496,.T.);
#1300=EDGE_CURVE('',#1017,#1018,#497,.T.);
#1301=EDGE_CURVE('',#1019,#1018,#498,.T.);
#1302=EDGE_CURVE('',#987,#1019,#499,.T.);
#1303=EDGE_CURVE('',#946,#986,#500,.T.);
#1304=EDGE_CURVE('',#969,#1020,#821,.T.);
#1305=EDGE_CURVE('',#1020,#1021,#501,.T.);
#1306=EDGE_CURVE('',#1021,#970,#23,.T.);
#1307=EDGE_CURVE('',#987,#1022,#822,.T.);
#1308=EDGE_CURVE('',#1022,#1020,#823,.T.);
#1309=EDGE_CURVE('',#1019,#1023,#24,.T.);
#1310=EDGE_CURVE('',#1023,#1022,#502,.T.);
#1311=EDGE_CURVE('',#1024,#1025,#824,.T.);
#1312=EDGE_CURVE('',#1025,#1026,#503,.T.);
#1313=EDGE_CURVE('',#1026,#1027,#825,.T.);
#1314=EDGE_CURVE('',#1027,#1024,#504,.T.);
#1315=EDGE_CURVE('',#1028,#1009,#826,.T.);
#1316=EDGE_CURVE('',#1028,#1025,#505,.T.);
#1317=EDGE_CURVE('',#1024,#1029,#506,.T.);
#1318=EDGE_CURVE('',#1029,#1030,#827,.T.);
#1319=EDGE_CURVE('',#1030,#1031,#507,.T.);
#1320=EDGE_CURVE('',#1008,#1031,#828,.T.);
#1321=EDGE_CURVE('',#1032,#1032,#829,.T.);
#1322=EDGE_CURVE('',#1027,#1033,#508,.T.);
#1323=EDGE_CURVE('',#1033,#1029,#509,.T.);
#1324=EDGE_CURVE('',#1034,#1035,#830,.T.);
#1325=EDGE_CURVE('',#1035,#1028,#510,.T.);
#1326=EDGE_CURVE('',#1009,#1034,#511,.T.);
#1327=EDGE_CURVE('',#1035,#1026,#512,.T.);
#1328=EDGE_CURVE('',#1036,#935,#831,.T.);
#1329=EDGE_CURVE('',#1031,#1036,#513,.T.);
#1330=EDGE_CURVE('',#940,#1037,#832,.T.);
#1331=EDGE_CURVE('',#1037,#1038,#514,.T.);
#1332=EDGE_CURVE('',#1038,#1014,#833,.T.);
#1333=EDGE_CURVE('',#1037,#1039,#515,.T.);
#1334=EDGE_CURVE('',#1039,#1040,#516,.T.);
#1335=EDGE_CURVE('',#1038,#1040,#517,.T.);
#1336=EDGE_CURVE('',#1041,#1015,#834,.T.);
#1337=EDGE_CURVE('',#1011,#1042,#835,.T.);
#1338=EDGE_CURVE('',#1042,#1041,#518,.T.);
#1339=EDGE_CURVE('',#1018,#1043,#836,.T.);
#1340=EDGE_CURVE('',#1043,#1044,#519,.T.);
#1341=EDGE_CURVE('',#1044,#1023,#837,.T.);
#1342=EDGE_CURVE('',#1043,#1045,#520,.T.);
#1343=EDGE_CURVE('',#1045,#1046,#521,.T.);
#1344=EDGE_CURVE('',#1044,#1046,#522,.T.);
#1345=EDGE_CURVE('',#1047,#971,#838,.T.);
#1346=EDGE_CURVE('',#1021,#1048,#839,.T.);
#1347=EDGE_CURVE('',#1048,#1047,#523,.T.);
#1348=EDGE_CURVE('',#936,#993,#840,.T.);
#1349=EDGE_CURVE('',#972,#1017,#841,.T.);
#1350=EDGE_CURVE('',#1016,#939,#842,.T.);
#1351=EDGE_CURVE('',#1049,#1049,#843,.T.);
#1352=EDGE_CURVE('',#1049,#1050,#524,.T.);
#1353=EDGE_CURVE('',#1050,#1050,#844,.T.);
#1354=EDGE_CURVE('',#1051,#1048,#525,.T.);
#1355=EDGE_CURVE('',#1052,#1051,#526,.T.);
#1356=EDGE_CURVE('',#1052,#1047,#527,.T.);
#1357=EDGE_CURVE('',#1045,#1052,#845,.T.);
#1358=EDGE_CURVE('',#1046,#1051,#846,.T.);
#1359=EDGE_CURVE('',#1053,#1053,#847,.T.);
#1360=EDGE_CURVE('',#1053,#1054,#528,.T.);
#1361=EDGE_CURVE('',#1054,#1054,#848,.T.);
#1362=EDGE_CURVE('',#1055,#1042,#529,.T.);
#1363=EDGE_CURVE('',#1056,#1055,#530,.T.);
#1364=EDGE_CURVE('',#1056,#1041,#531,.T.);
#1365=EDGE_CURVE('',#1039,#1056,#849,.T.);
#1366=EDGE_CURVE('',#1040,#1055,#850,.T.);
#1367=EDGE_CURVE('',#1032,#1057,#532,.T.);
#1368=EDGE_CURVE('',#1057,#1057,#851,.T.);
#1369=EDGE_CURVE('',#1058,#1030,#533,.T.);
#1370=EDGE_CURVE('',#1058,#1036,#534,.T.);
#1371=EDGE_CURVE('',#1033,#1058,#852,.T.);
#1372=EDGE_CURVE('',#994,#1034,#535,.T.);
#1373=EDGE_CURVE('',#967,#1059,#25,.F.);
#1374=EDGE_CURVE('',#966,#1060,#853,.T.);
#1375=EDGE_CURVE('',#1060,#1061,#854,.T.);
#1376=EDGE_CURVE('',#1061,#1059,#26,.T.);
#1377=EDGE_CURVE('',#985,#1062,#27,.T.);
#1378=EDGE_CURVE('',#1062,#1060,#536,.T.);
#1379=EDGE_CURVE('',#1063,#1064,#855,.T.);
#1380=EDGE_CURVE('',#1064,#1065,#537,.T.);
#1381=EDGE_CURVE('',#1065,#1066,#856,.T.);
#1382=EDGE_CURVE('',#1066,#1063,#538,.T.);
#1383=EDGE_CURVE('',#1067,#1065,#539,.T.);
#1384=EDGE_CURVE('',#1068,#1067,#857,.T.);
#1385=EDGE_CURVE('',#1069,#1068,#540,.T.);
#1386=EDGE_CURVE('',#984,#1069,#858,.T.);
#1387=EDGE_CURVE('',#1070,#1001,#541,.T.);
#1388=EDGE_CURVE('',#1071,#1070,#542,.T.);
#1389=EDGE_CURVE('',#1072,#1071,#859,.T.);
#1390=EDGE_CURVE('',#1066,#1072,#543,.T.);
#1391=EDGE_CURVE('',#1073,#1073,#860,.T.);
#1392=EDGE_CURVE('',#1074,#1064,#544,.T.);
#1393=EDGE_CURVE('',#1067,#1074,#545,.T.);
#1394=EDGE_CURVE('',#1071,#1061,#546,.T.);
#1395=EDGE_CURVE('',#1061,#1075,#861,.T.);
#1396=EDGE_CURVE('',#1075,#1072,#547,.T.);
#1397=EDGE_CURVE('',#1070,#1059,#548,.T.);
#1398=EDGE_CURVE('',#1069,#1076,#549,.T.);
#1399=EDGE_CURVE('',#1076,#1062,#862,.T.);
#1400=EDGE_CURVE('',#1068,#1077,#550,.T.);
#1401=EDGE_CURVE('',#1076,#1077,#551,.T.);
#1402=EDGE_CURVE('',#1004,#1000,#552,.T.);
#1403=EDGE_CURVE('',#1078,#1078,#863,.T.);
#1404=EDGE_CURVE('',#1078,#1073,#553,.T.);
#1405=EDGE_CURVE('',#1063,#1075,#554,.T.);
#1406=EDGE_CURVE('',#1077,#1074,#864,.T.);
#1407=ORIENTED_EDGE('',*,*,#1079,.F.);
#1408=ORIENTED_EDGE('',*,*,#1080,.T.);
#1409=ORIENTED_EDGE('',*,*,#1081,.T.);
#1410=ORIENTED_EDGE('',*,*,#1082,.T.);
#1411=ORIENTED_EDGE('',*,*,#1082,.F.);
#1412=ORIENTED_EDGE('',*,*,#1083,.F.);
#1413=ORIENTED_EDGE('',*,*,#1084,.T.);
#1414=ORIENTED_EDGE('',*,*,#1085,.F.);
#1415=ORIENTED_EDGE('',*,*,#1086,.F.);
#1416=ORIENTED_EDGE('',*,*,#1087,.T.);
#1417=ORIENTED_EDGE('',*,*,#1088,.T.);
#1418=ORIENTED_EDGE('',*,*,#1089,.T.);
#1419=ORIENTED_EDGE('',*,*,#1089,.F.);
#1420=ORIENTED_EDGE('',*,*,#1090,.F.);
#1421=ORIENTED_EDGE('',*,*,#1091,.F.);
#1422=ORIENTED_EDGE('',*,*,#1092,.F.);
#1423=ORIENTED_EDGE('',*,*,#1080,.F.);
#1424=ORIENTED_EDGE('',*,*,#1093,.F.);
#1425=ORIENTED_EDGE('',*,*,#1094,.F.);
#1426=ORIENTED_EDGE('',*,*,#1095,.F.);
#1427=ORIENTED_EDGE('',*,*,#1096,.F.);
#1428=ORIENTED_EDGE('',*,*,#1094,.T.);
#1429=ORIENTED_EDGE('',*,*,#1097,.F.);
#1430=ORIENTED_EDGE('',*,*,#1098,.F.);
#1431=ORIENTED_EDGE('',*,*,#1087,.F.);
#1432=ORIENTED_EDGE('',*,*,#1099,.F.);
#1433=ORIENTED_EDGE('',*,*,#1098,.T.);
#1434=ORIENTED_EDGE('',*,*,#1100,.F.);
#1435=ORIENTED_EDGE('',*,*,#1101,.T.);
#1436=ORIENTED_EDGE('',*,*,#1102,.T.);
#1437=ORIENTED_EDGE('',*,*,#1103,.T.);
#1438=ORIENTED_EDGE('',*,*,#1102,.F.);
#1439=ORIENTED_EDGE('',*,*,#1104,.T.);
#1440=ORIENTED_EDGE('',*,*,#1105,.T.);
#1441=ORIENTED_EDGE('',*,*,#1106,.F.);
#1442=ORIENTED_EDGE('',*,*,#1107,.F.);
#1443=ORIENTED_EDGE('',*,*,#1108,.F.);
#1444=ORIENTED_EDGE('',*,*,#1109,.T.);
#1445=ORIENTED_EDGE('',*,*,#1110,.F.);
#1446=ORIENTED_EDGE('',*,*,#1111,.F.);
#1447=ORIENTED_EDGE('',*,*,#1112,.F.);
#1448=ORIENTED_EDGE('',*,*,#1113,.F.);
#1449=ORIENTED_EDGE('',*,*,#1114,.F.);
#1450=ORIENTED_EDGE('',*,*,#1115,.F.);
#1451=ORIENTED_EDGE('',*,*,#1116,.T.);
#1452=ORIENTED_EDGE('',*,*,#1117,.F.);
#1453=ORIENTED_EDGE('',*,*,#1103,.F.);
#1454=ORIENTED_EDGE('',*,*,#1118,.T.);
#1455=ORIENTED_EDGE('',*,*,#1119,.T.);
#1456=ORIENTED_EDGE('',*,*,#1117,.T.);
#1457=ORIENTED_EDGE('',*,*,#1119,.F.);
#1458=ORIENTED_EDGE('',*,*,#1120,.T.);
#1459=ORIENTED_EDGE('',*,*,#1121,.T.);
#1460=ORIENTED_EDGE('',*,*,#1122,.T.);
#1461=ORIENTED_EDGE('',*,*,#1123,.T.);
#1462=ORIENTED_EDGE('',*,*,#1122,.F.);
#1463=ORIENTED_EDGE('',*,*,#1124,.T.);
#1464=ORIENTED_EDGE('',*,*,#1125,.F.);
#1465=ORIENTED_EDGE('',*,*,#1126,.F.);
#1466=ORIENTED_EDGE('',*,*,#1127,.T.);
#1467=ORIENTED_EDGE('',*,*,#1128,.F.);
#1468=ORIENTED_EDGE('',*,*,#1123,.F.);
#1469=ORIENTED_EDGE('',*,*,#1129,.T.);
#1470=ORIENTED_EDGE('',*,*,#1130,.T.);
#1471=ORIENTED_EDGE('',*,*,#1128,.T.);
#1472=ORIENTED_EDGE('',*,*,#1130,.F.);
#1473=ORIENTED_EDGE('',*,*,#1129,.F.);
#1474=ORIENTED_EDGE('',*,*,#1131,.T.);
#1475=ORIENTED_EDGE('',*,*,#1132,.T.);
#1476=ORIENTED_EDGE('',*,*,#1131,.F.);
#1477=ORIENTED_EDGE('',*,*,#1132,.F.);
#1478=ORIENTED_EDGE('',*,*,#1121,.F.);
#1479=ORIENTED_EDGE('',*,*,#1133,.T.);
#1480=ORIENTED_EDGE('',*,*,#1134,.T.);
#1481=ORIENTED_EDGE('',*,*,#1133,.F.);
#1482=ORIENTED_EDGE('',*,*,#1134,.F.);
#1483=ORIENTED_EDGE('',*,*,#1135,.T.);
#1484=ORIENTED_EDGE('',*,*,#1136,.T.);
#1485=ORIENTED_EDGE('',*,*,#1104,.F.);
#1486=ORIENTED_EDGE('',*,*,#1101,.F.);
#1487=ORIENTED_EDGE('',*,*,#1136,.F.);
#1488=ORIENTED_EDGE('',*,*,#1135,.F.);
#1489=ORIENTED_EDGE('',*,*,#1137,.T.);
#1490=ORIENTED_EDGE('',*,*,#1138,.T.);
#1491=ORIENTED_EDGE('',*,*,#1120,.F.);
#1492=ORIENTED_EDGE('',*,*,#1118,.F.);
#1493=ORIENTED_EDGE('',*,*,#1138,.F.);
#1494=ORIENTED_EDGE('',*,*,#1137,.F.);
#1495=ORIENTED_EDGE('',*,*,#1139,.T.);
#1496=ORIENTED_EDGE('',*,*,#1140,.T.);
#1497=ORIENTED_EDGE('',*,*,#1141,.T.);
#1498=ORIENTED_EDGE('',*,*,#1142,.T.);
#1499=ORIENTED_EDGE('',*,*,#1090,.T.);
#1500=ORIENTED_EDGE('',*,*,#1088,.F.);
#1501=ORIENTED_EDGE('',*,*,#1100,.T.);
#1502=ORIENTED_EDGE('',*,*,#1097,.T.);
#1503=ORIENTED_EDGE('',*,*,#1093,.T.);
#1504=ORIENTED_EDGE('',*,*,#1079,.T.);
#1505=ORIENTED_EDGE('',*,*,#1085,.T.);
#1506=ORIENTED_EDGE('',*,*,#1143,.T.);
#1507=ORIENTED_EDGE('',*,*,#1144,.T.);
#1508=ORIENTED_EDGE('',*,*,#1145,.T.);
#1509=ORIENTED_EDGE('',*,*,#1105,.F.);
#1510=ORIENTED_EDGE('',*,*,#1146,.F.);
#1511=ORIENTED_EDGE('',*,*,#1147,.F.);
#1512=ORIENTED_EDGE('',*,*,#1148,.F.);
#1513=ORIENTED_EDGE('',*,*,#1124,.F.);
#1514=ORIENTED_EDGE('',*,*,#1149,.F.);
#1515=ORIENTED_EDGE('',*,*,#1150,.F.);
#1516=ORIENTED_EDGE('',*,*,#1151,.F.);
#1517=ORIENTED_EDGE('',*,*,#1152,.F.);
#1518=ORIENTED_EDGE('',*,*,#1153,.T.);
#1519=ORIENTED_EDGE('',*,*,#1145,.F.);
#1520=ORIENTED_EDGE('',*,*,#1154,.F.);
#1521=ORIENTED_EDGE('',*,*,#1155,.F.);
#1522=ORIENTED_EDGE('',*,*,#1154,.T.);
#1523=ORIENTED_EDGE('',*,*,#1144,.F.);
#1524=ORIENTED_EDGE('',*,*,#1156,.F.);
#1525=ORIENTED_EDGE('',*,*,#1157,.F.);
#1526=ORIENTED_EDGE('',*,*,#1156,.T.);
#1527=ORIENTED_EDGE('',*,*,#1143,.F.);
#1528=ORIENTED_EDGE('',*,*,#1084,.F.);
#1529=ORIENTED_EDGE('',*,*,#1158,.F.);
#1530=ORIENTED_EDGE('',*,*,#1091,.T.);
#1531=ORIENTED_EDGE('',*,*,#1142,.F.);
#1532=ORIENTED_EDGE('',*,*,#1159,.F.);
#1533=ORIENTED_EDGE('',*,*,#1160,.F.);
#1534=ORIENTED_EDGE('',*,*,#1159,.T.);
#1535=ORIENTED_EDGE('',*,*,#1141,.F.);
#1536=ORIENTED_EDGE('',*,*,#1161,.F.);
#1537=ORIENTED_EDGE('',*,*,#1162,.F.);
#1538=ORIENTED_EDGE('',*,*,#1161,.T.);
#1539=ORIENTED_EDGE('',*,*,#1140,.F.);
#1540=ORIENTED_EDGE('',*,*,#1163,.F.);
#1541=ORIENTED_EDGE('',*,*,#1164,.F.);
#1542=ORIENTED_EDGE('',*,*,#1163,.T.);
#1543=ORIENTED_EDGE('',*,*,#1139,.F.);
#1544=ORIENTED_EDGE('',*,*,#1153,.F.);
#1545=ORIENTED_EDGE('',*,*,#1165,.F.);
#1546=ORIENTED_EDGE('',*,*,#1166,.F.);
#1547=ORIENTED_EDGE('',*,*,#1167,.F.);
#1548=ORIENTED_EDGE('',*,*,#1168,.F.);
#1549=ORIENTED_EDGE('',*,*,#1169,.T.);
#1550=ORIENTED_EDGE('',*,*,#1170,.F.);
#1551=ORIENTED_EDGE('',*,*,#1171,.F.);
#1552=ORIENTED_EDGE('',*,*,#1172,.F.);
#1553=ORIENTED_EDGE('',*,*,#1173,.T.);
#1554=ORIENTED_EDGE('',*,*,#1174,.F.);
#1555=ORIENTED_EDGE('',*,*,#1175,.F.);
#1556=ORIENTED_EDGE('',*,*,#1176,.T.);
#1557=ORIENTED_EDGE('',*,*,#1177,.T.);
#1558=ORIENTED_EDGE('',*,*,#1178,.F.);
#1559=ORIENTED_EDGE('',*,*,#1179,.F.);
#1560=ORIENTED_EDGE('',*,*,#1165,.T.);
#1561=ORIENTED_EDGE('',*,*,#1180,.F.);
#1562=ORIENTED_EDGE('',*,*,#1181,.T.);
#1563=ORIENTED_EDGE('',*,*,#1148,.T.);
#1564=ORIENTED_EDGE('',*,*,#1182,.F.);
#1565=ORIENTED_EDGE('',*,*,#1183,.F.);
#1566=ORIENTED_EDGE('',*,*,#1125,.T.);
#1567=ORIENTED_EDGE('',*,*,#1147,.T.);
#1568=ORIENTED_EDGE('',*,*,#1184,.F.);
#1569=ORIENTED_EDGE('',*,*,#1185,.F.);
#1570=ORIENTED_EDGE('',*,*,#1182,.T.);
#1571=ORIENTED_EDGE('',*,*,#1146,.T.);
#1572=ORIENTED_EDGE('',*,*,#1116,.F.);
#1573=ORIENTED_EDGE('',*,*,#1186,.F.);
#1574=ORIENTED_EDGE('',*,*,#1184,.T.);
#1575=ORIENTED_EDGE('',*,*,#1187,.F.);
#1576=ORIENTED_EDGE('',*,*,#1188,.T.);
#1577=ORIENTED_EDGE('',*,*,#1189,.F.);
#1578=ORIENTED_EDGE('',*,*,#1190,.F.);
#1579=ORIENTED_EDGE('',*,*,#1191,.F.);
#1580=ORIENTED_EDGE('',*,*,#1192,.T.);
#1581=ORIENTED_EDGE('',*,*,#1193,.F.);
#1582=ORIENTED_EDGE('',*,*,#1188,.F.);
#1583=ORIENTED_EDGE('',*,*,#1194,.F.);
#1584=ORIENTED_EDGE('',*,*,#1195,.T.);
#1585=ORIENTED_EDGE('',*,*,#1196,.F.);
#1586=ORIENTED_EDGE('',*,*,#1192,.F.);
#1587=ORIENTED_EDGE('',*,*,#1197,.F.);
#1588=ORIENTED_EDGE('',*,*,#1198,.T.);
#1589=ORIENTED_EDGE('',*,*,#1199,.F.);
#1590=ORIENTED_EDGE('',*,*,#1181,.F.);
#1591=ORIENTED_EDGE('',*,*,#1200,.F.);
#1592=ORIENTED_EDGE('',*,*,#1201,.T.);
#1593=ORIENTED_EDGE('',*,*,#1202,.F.);
#1594=ORIENTED_EDGE('',*,*,#1198,.F.);
#1595=ORIENTED_EDGE('',*,*,#1203,.F.);
#1596=ORIENTED_EDGE('',*,*,#1204,.T.);
#1597=ORIENTED_EDGE('',*,*,#1205,.F.);
#1598=ORIENTED_EDGE('',*,*,#1201,.F.);
#1599=ORIENTED_EDGE('',*,*,#1189,.T.);
#1600=ORIENTED_EDGE('',*,*,#1193,.T.);
#1601=ORIENTED_EDGE('',*,*,#1196,.T.);
#1602=ORIENTED_EDGE('',*,*,#1206,.F.);
#1603=ORIENTED_EDGE('',*,*,#1207,.F.);
#1604=ORIENTED_EDGE('',*,*,#1208,.F.);
#1605=ORIENTED_EDGE('',*,*,#1209,.F.);
#1606=ORIENTED_EDGE('',*,*,#1169,.F.);
#1607=ORIENTED_EDGE('',*,*,#1199,.T.);
#1608=ORIENTED_EDGE('',*,*,#1202,.T.);
#1609=ORIENTED_EDGE('',*,*,#1205,.T.);
#1610=ORIENTED_EDGE('',*,*,#1210,.F.);
#1611=ORIENTED_EDGE('',*,*,#1208,.T.);
#1612=ORIENTED_EDGE('',*,*,#1211,.F.);
#1613=ORIENTED_EDGE('',*,*,#1212,.F.);
#1614=ORIENTED_EDGE('',*,*,#1213,.F.);
#1615=ORIENTED_EDGE('',*,*,#1214,.T.);
#1616=ORIENTED_EDGE('',*,*,#1215,.T.);
#1617=ORIENTED_EDGE('',*,*,#1207,.T.);
#1618=ORIENTED_EDGE('',*,*,#1216,.F.);
#1619=ORIENTED_EDGE('',*,*,#1217,.F.);
#1620=ORIENTED_EDGE('',*,*,#1218,.T.);
#1621=ORIENTED_EDGE('',*,*,#1211,.T.);
#1622=ORIENTED_EDGE('',*,*,#1219,.T.);
#1623=ORIENTED_EDGE('',*,*,#1220,.F.);
#1624=ORIENTED_EDGE('',*,*,#1221,.F.);
#1625=ORIENTED_EDGE('',*,*,#1222,.T.);
#1626=ORIENTED_EDGE('',*,*,#1223,.F.);
#1627=ORIENTED_EDGE('',*,*,#1224,.F.);
#1628=ORIENTED_EDGE('',*,*,#1225,.F.);
#1629=ORIENTED_EDGE('',*,*,#1226,.T.);
#1630=ORIENTED_EDGE('',*,*,#1227,.F.);
#1631=ORIENTED_EDGE('',*,*,#1228,.F.);
#1632=ORIENTED_EDGE('',*,*,#1229,.F.);
#1633=ORIENTED_EDGE('',*,*,#1230,.F.);
#1634=ORIENTED_EDGE('',*,*,#1231,.F.);
#1635=ORIENTED_EDGE('',*,*,#1232,.F.);
#1636=ORIENTED_EDGE('',*,*,#1233,.T.);
#1637=ORIENTED_EDGE('',*,*,#1234,.T.);
#1638=ORIENTED_EDGE('',*,*,#1235,.F.);
#1639=ORIENTED_EDGE('',*,*,#1236,.F.);
#1640=ORIENTED_EDGE('',*,*,#1216,.T.);
#1641=ORIENTED_EDGE('',*,*,#1206,.T.);
#1642=ORIENTED_EDGE('',*,*,#1195,.F.);
#1643=ORIENTED_EDGE('',*,*,#1237,.F.);
#1644=ORIENTED_EDGE('',*,*,#1238,.T.);
#1645=ORIENTED_EDGE('',*,*,#1239,.F.);
#1646=ORIENTED_EDGE('',*,*,#1219,.F.);
#1647=ORIENTED_EDGE('',*,*,#1240,.F.);
#1648=ORIENTED_EDGE('',*,*,#1241,.T.);
#1649=ORIENTED_EDGE('',*,*,#1242,.T.);
#1650=ORIENTED_EDGE('',*,*,#1243,.T.);
#1651=ORIENTED_EDGE('',*,*,#1244,.T.);
#1652=ORIENTED_EDGE('',*,*,#1149,.T.);
#1653=ORIENTED_EDGE('',*,*,#1127,.F.);
#1654=ORIENTED_EDGE('',*,*,#1245,.F.);
#1655=ORIENTED_EDGE('',*,*,#1241,.F.);
#1656=ORIENTED_EDGE('',*,*,#1246,.T.);
#1657=ORIENTED_EDGE('',*,*,#1247,.T.);
#1658=ORIENTED_EDGE('',*,*,#1244,.F.);
#1659=ORIENTED_EDGE('',*,*,#1248,.T.);
#1660=ORIENTED_EDGE('',*,*,#1249,.T.);
#1661=ORIENTED_EDGE('',*,*,#1250,.T.);
#1662=ORIENTED_EDGE('',*,*,#1251,.F.);
#1663=ORIENTED_EDGE('',*,*,#1252,.T.);
#1664=ORIENTED_EDGE('',*,*,#1253,.F.);
#1665=ORIENTED_EDGE('',*,*,#1246,.F.);
#1666=ORIENTED_EDGE('',*,*,#1254,.T.);
#1667=ORIENTED_EDGE('',*,*,#1255,.T.);
#1668=ORIENTED_EDGE('',*,*,#1256,.T.);
#1669=ORIENTED_EDGE('',*,*,#1257,.T.);
#1670=ORIENTED_EDGE('',*,*,#1255,.F.);
#1671=ORIENTED_EDGE('',*,*,#1258,.T.);
#1672=ORIENTED_EDGE('',*,*,#1232,.T.);
#1673=ORIENTED_EDGE('',*,*,#1259,.F.);
#1674=ORIENTED_EDGE('',*,*,#1107,.T.);
#1675=ORIENTED_EDGE('',*,*,#1260,.T.);
#1676=ORIENTED_EDGE('',*,*,#1254,.F.);
#1677=ORIENTED_EDGE('',*,*,#1261,.T.);
#1678=ORIENTED_EDGE('',*,*,#1262,.T.);
#1679=ORIENTED_EDGE('',*,*,#1233,.F.);
#1680=ORIENTED_EDGE('',*,*,#1258,.F.);
#1681=ORIENTED_EDGE('',*,*,#1263,.F.);
#1682=ORIENTED_EDGE('',*,*,#1253,.T.);
#1683=ORIENTED_EDGE('',*,*,#1214,.F.);
#1684=ORIENTED_EDGE('',*,*,#1264,.T.);
#1685=ORIENTED_EDGE('',*,*,#1264,.F.);
#1686=ORIENTED_EDGE('',*,*,#1213,.T.);
#1687=ORIENTED_EDGE('',*,*,#1265,.F.);
#1688=ORIENTED_EDGE('',*,*,#1266,.T.);
#1689=ORIENTED_EDGE('',*,*,#1212,.T.);
#1690=ORIENTED_EDGE('',*,*,#1267,.T.);
#1691=ORIENTED_EDGE('',*,*,#1268,.T.);
#1692=ORIENTED_EDGE('',*,*,#1265,.T.);
#1693=ORIENTED_EDGE('',*,*,#1108,.T.);
#1694=ORIENTED_EDGE('',*,*,#1259,.T.);
#1695=ORIENTED_EDGE('',*,*,#1231,.T.);
#1696=ORIENTED_EDGE('',*,*,#1269,.T.);
#1697=ORIENTED_EDGE('',*,*,#1269,.F.);
#1698=ORIENTED_EDGE('',*,*,#1230,.T.);
#1699=ORIENTED_EDGE('',*,*,#1270,.F.);
#1700=ORIENTED_EDGE('',*,*,#1109,.F.);
#1701=ORIENTED_EDGE('',*,*,#1229,.T.);
#1702=ORIENTED_EDGE('',*,*,#1271,.T.);
#1703=ORIENTED_EDGE('',*,*,#1110,.T.);
#1704=ORIENTED_EDGE('',*,*,#1270,.T.);
#1705=ORIENTED_EDGE('',*,*,#1271,.F.);
#1706=ORIENTED_EDGE('',*,*,#1228,.T.);
#1707=ORIENTED_EDGE('',*,*,#1272,.F.);
#1708=ORIENTED_EDGE('',*,*,#1111,.T.);
#1709=ORIENTED_EDGE('',*,*,#1112,.T.);
#1710=ORIENTED_EDGE('',*,*,#1272,.T.);
#1711=ORIENTED_EDGE('',*,*,#1227,.T.);
#1712=ORIENTED_EDGE('',*,*,#1273,.T.);
#1713=ORIENTED_EDGE('',*,*,#1114,.T.);
#1714=ORIENTED_EDGE('',*,*,#1274,.T.);
#1715=ORIENTED_EDGE('',*,*,#1225,.T.);
#1716=ORIENTED_EDGE('',*,*,#1275,.T.);
#1717=ORIENTED_EDGE('',*,*,#1242,.F.);
#1718=ORIENTED_EDGE('',*,*,#1245,.T.);
#1719=ORIENTED_EDGE('',*,*,#1126,.T.);
#1720=ORIENTED_EDGE('',*,*,#1183,.T.);
#1721=ORIENTED_EDGE('',*,*,#1185,.T.);
#1722=ORIENTED_EDGE('',*,*,#1186,.T.);
#1723=ORIENTED_EDGE('',*,*,#1115,.T.);
#1724=ORIENTED_EDGE('',*,*,#1275,.F.);
#1725=ORIENTED_EDGE('',*,*,#1224,.T.);
#1726=ORIENTED_EDGE('',*,*,#1276,.T.);
#1727=ORIENTED_EDGE('',*,*,#1277,.T.);
#1728=ORIENTED_EDGE('',*,*,#1278,.T.);
#1729=ORIENTED_EDGE('',*,*,#1175,.T.);
#1730=ORIENTED_EDGE('',*,*,#1279,.T.);
#1731=ORIENTED_EDGE('',*,*,#1150,.T.);
#1732=ORIENTED_EDGE('',*,*,#1247,.F.);
#1733=ORIENTED_EDGE('',*,*,#1263,.T.);
#1734=ORIENTED_EDGE('',*,*,#1266,.F.);
#1735=ORIENTED_EDGE('',*,*,#1268,.F.);
#1736=ORIENTED_EDGE('',*,*,#1280,.F.);
#1737=ORIENTED_EDGE('',*,*,#1273,.F.);
#1738=ORIENTED_EDGE('',*,*,#1226,.F.);
#1739=ORIENTED_EDGE('',*,*,#1274,.F.);
#1740=ORIENTED_EDGE('',*,*,#1113,.T.);
#1741=ORIENTED_EDGE('',*,*,#1281,.T.);
#1742=ORIENTED_EDGE('',*,*,#1282,.T.);
#1743=ORIENTED_EDGE('',*,*,#1283,.T.);
#1744=ORIENTED_EDGE('',*,*,#1171,.T.);
#1745=ORIENTED_EDGE('',*,*,#1284,.F.);
#1746=ORIENTED_EDGE('',*,*,#1285,.T.);
#1747=ORIENTED_EDGE('',*,*,#1281,.F.);
#1748=ORIENTED_EDGE('',*,*,#1286,.T.);
#1749=ORIENTED_EDGE('',*,*,#1251,.T.);
#1750=ORIENTED_EDGE('',*,*,#1209,.T.);
#1751=ORIENTED_EDGE('',*,*,#1215,.F.);
#1752=ORIENTED_EDGE('',*,*,#1252,.F.);
#1753=ORIENTED_EDGE('',*,*,#1286,.F.);
#1754=ORIENTED_EDGE('',*,*,#1170,.T.);
#1755=ORIENTED_EDGE('',*,*,#1287,.T.);
#1756=ORIENTED_EDGE('',*,*,#1288,.T.);
#1757=ORIENTED_EDGE('',*,*,#1289,.T.);
#1758=ORIENTED_EDGE('',*,*,#1290,.T.);
#1759=ORIENTED_EDGE('',*,*,#1291,.T.);
#1760=ORIENTED_EDGE('',*,*,#1292,.T.);
#1761=ORIENTED_EDGE('',*,*,#1287,.F.);
#1762=ORIENTED_EDGE('',*,*,#1166,.T.);
#1763=ORIENTED_EDGE('',*,*,#1293,.T.);
#1764=ORIENTED_EDGE('',*,*,#1294,.T.);
#1765=ORIENTED_EDGE('',*,*,#1291,.F.);
#1766=ORIENTED_EDGE('',*,*,#1179,.T.);
#1767=ORIENTED_EDGE('',*,*,#1210,.T.);
#1768=ORIENTED_EDGE('',*,*,#1204,.F.);
#1769=ORIENTED_EDGE('',*,*,#1295,.F.);
#1770=ORIENTED_EDGE('',*,*,#1167,.T.);
#1771=ORIENTED_EDGE('',*,*,#1290,.F.);
#1772=ORIENTED_EDGE('',*,*,#1296,.F.);
#1773=ORIENTED_EDGE('',*,*,#1297,.T.);
#1774=ORIENTED_EDGE('',*,*,#1298,.T.);
#1775=ORIENTED_EDGE('',*,*,#1277,.F.);
#1776=ORIENTED_EDGE('',*,*,#1299,.T.);
#1777=ORIENTED_EDGE('',*,*,#1300,.T.);
#1778=ORIENTED_EDGE('',*,*,#1301,.F.);
#1779=ORIENTED_EDGE('',*,*,#1302,.F.);
#1780=ORIENTED_EDGE('',*,*,#1238,.F.);
#1781=ORIENTED_EDGE('',*,*,#1303,.F.);
#1782=ORIENTED_EDGE('',*,*,#1190,.T.);
#1783=ORIENTED_EDGE('',*,*,#1304,.T.);
#1784=ORIENTED_EDGE('',*,*,#1305,.T.);
#1785=ORIENTED_EDGE('',*,*,#1306,.T.);
#1786=ORIENTED_EDGE('',*,*,#1220,.T.);
#1787=ORIENTED_EDGE('',*,*,#1307,.T.);
#1788=ORIENTED_EDGE('',*,*,#1308,.T.);
#1789=ORIENTED_EDGE('',*,*,#1304,.F.);
#1790=ORIENTED_EDGE('',*,*,#1239,.T.);
#1791=ORIENTED_EDGE('',*,*,#1309,.T.);
#1792=ORIENTED_EDGE('',*,*,#1310,.T.);
#1793=ORIENTED_EDGE('',*,*,#1307,.F.);
#1794=ORIENTED_EDGE('',*,*,#1302,.T.);
#1795=ORIENTED_EDGE('',*,*,#1311,.T.);
#1796=ORIENTED_EDGE('',*,*,#1312,.T.);
#1797=ORIENTED_EDGE('',*,*,#1313,.T.);
#1798=ORIENTED_EDGE('',*,*,#1314,.T.);
#1799=ORIENTED_EDGE('',*,*,#1285,.F.);
#1800=ORIENTED_EDGE('',*,*,#1315,.F.);
#1801=ORIENTED_EDGE('',*,*,#1316,.T.);
#1802=ORIENTED_EDGE('',*,*,#1311,.F.);
#1803=ORIENTED_EDGE('',*,*,#1317,.T.);
#1804=ORIENTED_EDGE('',*,*,#1318,.T.);
#1805=ORIENTED_EDGE('',*,*,#1319,.T.);
#1806=ORIENTED_EDGE('',*,*,#1320,.F.);
#1807=ORIENTED_EDGE('',*,*,#1282,.F.);
#1808=ORIENTED_EDGE('',*,*,#1321,.T.);
#1809=ORIENTED_EDGE('',*,*,#1314,.F.);
#1810=ORIENTED_EDGE('',*,*,#1322,.T.);
#1811=ORIENTED_EDGE('',*,*,#1323,.T.);
#1812=ORIENTED_EDGE('',*,*,#1317,.F.);
#1813=ORIENTED_EDGE('',*,*,#1324,.T.);
#1814=ORIENTED_EDGE('',*,*,#1325,.T.);
#1815=ORIENTED_EDGE('',*,*,#1315,.T.);
#1816=ORIENTED_EDGE('',*,*,#1326,.T.);
#1817=ORIENTED_EDGE('',*,*,#1312,.F.);
#1818=ORIENTED_EDGE('',*,*,#1316,.F.);
#1819=ORIENTED_EDGE('',*,*,#1325,.F.);
#1820=ORIENTED_EDGE('',*,*,#1327,.T.);
#1821=ORIENTED_EDGE('',*,*,#1328,.T.);
#1822=ORIENTED_EDGE('',*,*,#1172,.T.);
#1823=ORIENTED_EDGE('',*,*,#1283,.F.);
#1824=ORIENTED_EDGE('',*,*,#1320,.T.);
#1825=ORIENTED_EDGE('',*,*,#1329,.T.);
#1826=ORIENTED_EDGE('',*,*,#1330,.T.);
#1827=ORIENTED_EDGE('',*,*,#1331,.T.);
#1828=ORIENTED_EDGE('',*,*,#1332,.T.);
#1829=ORIENTED_EDGE('',*,*,#1293,.F.);
#1830=ORIENTED_EDGE('',*,*,#1178,.T.);
#1831=ORIENTED_EDGE('',*,*,#1331,.F.);
#1832=ORIENTED_EDGE('',*,*,#1333,.T.);
#1833=ORIENTED_EDGE('',*,*,#1334,.T.);
#1834=ORIENTED_EDGE('',*,*,#1335,.F.);
#1835=ORIENTED_EDGE('',*,*,#1336,.T.);
#1836=ORIENTED_EDGE('',*,*,#1296,.T.);
#1837=ORIENTED_EDGE('',*,*,#1289,.F.);
#1838=ORIENTED_EDGE('',*,*,#1337,.T.);
#1839=ORIENTED_EDGE('',*,*,#1338,.T.);
#1840=ORIENTED_EDGE('',*,*,#1339,.T.);
#1841=ORIENTED_EDGE('',*,*,#1340,.T.);
#1842=ORIENTED_EDGE('',*,*,#1341,.T.);
#1843=ORIENTED_EDGE('',*,*,#1309,.F.);
#1844=ORIENTED_EDGE('',*,*,#1301,.T.);
#1845=ORIENTED_EDGE('',*,*,#1340,.F.);
#1846=ORIENTED_EDGE('',*,*,#1342,.T.);
#1847=ORIENTED_EDGE('',*,*,#1343,.T.);
#1848=ORIENTED_EDGE('',*,*,#1344,.F.);
#1849=ORIENTED_EDGE('',*,*,#1345,.T.);
#1850=ORIENTED_EDGE('',*,*,#1221,.T.);
#1851=ORIENTED_EDGE('',*,*,#1306,.F.);
#1852=ORIENTED_EDGE('',*,*,#1346,.T.);
#1853=ORIENTED_EDGE('',*,*,#1347,.T.);
#1854=ORIENTED_EDGE('',*,*,#1243,.F.);
#1855=ORIENTED_EDGE('',*,*,#1279,.F.);
#1856=ORIENTED_EDGE('',*,*,#1174,.T.);
#1857=ORIENTED_EDGE('',*,*,#1348,.T.);
#1858=ORIENTED_EDGE('',*,*,#1248,.F.);
#1859=ORIENTED_EDGE('',*,*,#1349,.T.);
#1860=ORIENTED_EDGE('',*,*,#1299,.F.);
#1861=ORIENTED_EDGE('',*,*,#1276,.F.);
#1862=ORIENTED_EDGE('',*,*,#1223,.T.);
#1863=ORIENTED_EDGE('',*,*,#1350,.T.);
#1864=ORIENTED_EDGE('',*,*,#1176,.F.);
#1865=ORIENTED_EDGE('',*,*,#1278,.F.);
#1866=ORIENTED_EDGE('',*,*,#1298,.F.);
#1867=ORIENTED_EDGE('',*,*,#1351,.F.);
#1868=ORIENTED_EDGE('',*,*,#1352,.T.);
#1869=ORIENTED_EDGE('',*,*,#1353,.T.);
#1870=ORIENTED_EDGE('',*,*,#1352,.F.);
#1871=ORIENTED_EDGE('',*,*,#1347,.F.);
#1872=ORIENTED_EDGE('',*,*,#1354,.F.);
#1873=ORIENTED_EDGE('',*,*,#1355,.F.);
#1874=ORIENTED_EDGE('',*,*,#1356,.T.);
#1875=ORIENTED_EDGE('',*,*,#1357,.T.);
#1876=ORIENTED_EDGE('',*,*,#1355,.T.);
#1877=ORIENTED_EDGE('',*,*,#1358,.F.);
#1878=ORIENTED_EDGE('',*,*,#1343,.F.);
#1879=ORIENTED_EDGE('',*,*,#1310,.F.);
#1880=ORIENTED_EDGE('',*,*,#1341,.F.);
#1881=ORIENTED_EDGE('',*,*,#1344,.T.);
#1882=ORIENTED_EDGE('',*,*,#1358,.T.);
#1883=ORIENTED_EDGE('',*,*,#1354,.T.);
#1884=ORIENTED_EDGE('',*,*,#1346,.F.);
#1885=ORIENTED_EDGE('',*,*,#1305,.F.);
#1886=ORIENTED_EDGE('',*,*,#1308,.F.);
#1887=ORIENTED_EDGE('',*,*,#1351,.T.);
#1888=ORIENTED_EDGE('',*,*,#1357,.F.);
#1889=ORIENTED_EDGE('',*,*,#1342,.F.);
#1890=ORIENTED_EDGE('',*,*,#1339,.F.);
#1891=ORIENTED_EDGE('',*,*,#1300,.F.);
#1892=ORIENTED_EDGE('',*,*,#1349,.F.);
#1893=ORIENTED_EDGE('',*,*,#1222,.F.);
#1894=ORIENTED_EDGE('',*,*,#1345,.F.);
#1895=ORIENTED_EDGE('',*,*,#1356,.F.);
#1896=ORIENTED_EDGE('',*,*,#1353,.F.);
#1897=ORIENTED_EDGE('',*,*,#1359,.F.);
#1898=ORIENTED_EDGE('',*,*,#1360,.T.);
#1899=ORIENTED_EDGE('',*,*,#1361,.T.);
#1900=ORIENTED_EDGE('',*,*,#1360,.F.);
#1901=ORIENTED_EDGE('',*,*,#1338,.F.);
#1902=ORIENTED_EDGE('',*,*,#1362,.F.);
#1903=ORIENTED_EDGE('',*,*,#1363,.F.);
#1904=ORIENTED_EDGE('',*,*,#1364,.T.);
#1905=ORIENTED_EDGE('',*,*,#1365,.T.);
#1906=ORIENTED_EDGE('',*,*,#1363,.T.);
#1907=ORIENTED_EDGE('',*,*,#1366,.F.);
#1908=ORIENTED_EDGE('',*,*,#1334,.F.);
#1909=ORIENTED_EDGE('',*,*,#1294,.F.);
#1910=ORIENTED_EDGE('',*,*,#1332,.F.);
#1911=ORIENTED_EDGE('',*,*,#1335,.T.);
#1912=ORIENTED_EDGE('',*,*,#1366,.T.);
#1913=ORIENTED_EDGE('',*,*,#1362,.T.);
#1914=ORIENTED_EDGE('',*,*,#1337,.F.);
#1915=ORIENTED_EDGE('',*,*,#1288,.F.);
#1916=ORIENTED_EDGE('',*,*,#1292,.F.);
#1917=ORIENTED_EDGE('',*,*,#1359,.T.);
#1918=ORIENTED_EDGE('',*,*,#1297,.F.);
#1919=ORIENTED_EDGE('',*,*,#1336,.F.);
#1920=ORIENTED_EDGE('',*,*,#1364,.F.);
#1921=ORIENTED_EDGE('',*,*,#1365,.F.);
#1922=ORIENTED_EDGE('',*,*,#1333,.F.);
#1923=ORIENTED_EDGE('',*,*,#1330,.F.);
#1924=ORIENTED_EDGE('',*,*,#1177,.F.);
#1925=ORIENTED_EDGE('',*,*,#1350,.F.);
#1926=ORIENTED_EDGE('',*,*,#1361,.F.);
#1927=ORIENTED_EDGE('',*,*,#1321,.F.);
#1928=ORIENTED_EDGE('',*,*,#1367,.T.);
#1929=ORIENTED_EDGE('',*,*,#1368,.T.);
#1930=ORIENTED_EDGE('',*,*,#1367,.F.);
#1931=ORIENTED_EDGE('',*,*,#1329,.F.);
#1932=ORIENTED_EDGE('',*,*,#1319,.F.);
#1933=ORIENTED_EDGE('',*,*,#1369,.F.);
#1934=ORIENTED_EDGE('',*,*,#1370,.T.);
#1935=ORIENTED_EDGE('',*,*,#1371,.T.);
#1936=ORIENTED_EDGE('',*,*,#1369,.T.);
#1937=ORIENTED_EDGE('',*,*,#1318,.F.);
#1938=ORIENTED_EDGE('',*,*,#1323,.F.);
#1939=ORIENTED_EDGE('',*,*,#1326,.F.);
#1940=ORIENTED_EDGE('',*,*,#1284,.T.);
#1941=ORIENTED_EDGE('',*,*,#1250,.F.);
#1942=ORIENTED_EDGE('',*,*,#1372,.T.);
#1943=ORIENTED_EDGE('',*,*,#1313,.F.);
#1944=ORIENTED_EDGE('',*,*,#1327,.F.);
#1945=ORIENTED_EDGE('',*,*,#1324,.F.);
#1946=ORIENTED_EDGE('',*,*,#1372,.F.);
#1947=ORIENTED_EDGE('',*,*,#1249,.F.);
#1948=ORIENTED_EDGE('',*,*,#1348,.F.);
#1949=ORIENTED_EDGE('',*,*,#1173,.F.);
#1950=ORIENTED_EDGE('',*,*,#1328,.F.);
#1951=ORIENTED_EDGE('',*,*,#1370,.F.);
#1952=ORIENTED_EDGE('',*,*,#1371,.F.);
#1953=ORIENTED_EDGE('',*,*,#1322,.F.);
#1954=ORIENTED_EDGE('',*,*,#1368,.F.);
#1955=ORIENTED_EDGE('',*,*,#1373,.F.);
#1956=ORIENTED_EDGE('',*,*,#1217,.T.);
#1957=ORIENTED_EDGE('',*,*,#1374,.T.);
#1958=ORIENTED_EDGE('',*,*,#1375,.T.);
#1959=ORIENTED_EDGE('',*,*,#1376,.T.);
#1960=ORIENTED_EDGE('',*,*,#1377,.T.);
#1961=ORIENTED_EDGE('',*,*,#1378,.T.);
#1962=ORIENTED_EDGE('',*,*,#1374,.F.);
#1963=ORIENTED_EDGE('',*,*,#1236,.T.);
#1964=ORIENTED_EDGE('',*,*,#1379,.T.);
#1965=ORIENTED_EDGE('',*,*,#1380,.T.);
#1966=ORIENTED_EDGE('',*,*,#1381,.T.);
#1967=ORIENTED_EDGE('',*,*,#1382,.T.);
#1968=ORIENTED_EDGE('',*,*,#1381,.F.);
#1969=ORIENTED_EDGE('',*,*,#1383,.F.);
#1970=ORIENTED_EDGE('',*,*,#1384,.F.);
#1971=ORIENTED_EDGE('',*,*,#1385,.F.);
#1972=ORIENTED_EDGE('',*,*,#1386,.F.);
#1973=ORIENTED_EDGE('',*,*,#1234,.F.);
#1974=ORIENTED_EDGE('',*,*,#1262,.F.);
#1975=ORIENTED_EDGE('',*,*,#1387,.F.);
#1976=ORIENTED_EDGE('',*,*,#1388,.F.);
#1977=ORIENTED_EDGE('',*,*,#1389,.F.);
#1978=ORIENTED_EDGE('',*,*,#1390,.F.);
#1979=ORIENTED_EDGE('',*,*,#1391,.F.);
#1980=ORIENTED_EDGE('',*,*,#1380,.F.);
#1981=ORIENTED_EDGE('',*,*,#1392,.F.);
#1982=ORIENTED_EDGE('',*,*,#1393,.F.);
#1983=ORIENTED_EDGE('',*,*,#1383,.T.);
#1984=ORIENTED_EDGE('',*,*,#1389,.T.);
#1985=ORIENTED_EDGE('',*,*,#1394,.T.);
#1986=ORIENTED_EDGE('',*,*,#1395,.T.);
#1987=ORIENTED_EDGE('',*,*,#1396,.T.);
#1988=ORIENTED_EDGE('',*,*,#1394,.F.);
#1989=ORIENTED_EDGE('',*,*,#1388,.T.);
#1990=ORIENTED_EDGE('',*,*,#1397,.T.);
#1991=ORIENTED_EDGE('',*,*,#1376,.F.);
#1992=ORIENTED_EDGE('',*,*,#1386,.T.);
#1993=ORIENTED_EDGE('',*,*,#1398,.T.);
#1994=ORIENTED_EDGE('',*,*,#1399,.T.);
#1995=ORIENTED_EDGE('',*,*,#1377,.F.);
#1996=ORIENTED_EDGE('',*,*,#1235,.T.);
#1997=ORIENTED_EDGE('',*,*,#1398,.F.);
#1998=ORIENTED_EDGE('',*,*,#1385,.T.);
#1999=ORIENTED_EDGE('',*,*,#1400,.T.);
#2000=ORIENTED_EDGE('',*,*,#1401,.F.);
#2001=ORIENTED_EDGE('',*,*,#1151,.T.);
#2002=ORIENTED_EDGE('',*,*,#1280,.T.);
#2003=ORIENTED_EDGE('',*,*,#1402,.T.);
#2004=ORIENTED_EDGE('',*,*,#1256,.F.);
#2005=ORIENTED_EDGE('',*,*,#1260,.F.);
#2006=ORIENTED_EDGE('',*,*,#1106,.T.);
#2007=ORIENTED_EDGE('',*,*,#1164,.T.);
#2008=ORIENTED_EDGE('',*,*,#1152,.T.);
#2009=ORIENTED_EDGE('',*,*,#1155,.T.);
#2010=ORIENTED_EDGE('',*,*,#1157,.T.);
#2011=ORIENTED_EDGE('',*,*,#1083,.T.);
#2012=ORIENTED_EDGE('',*,*,#1081,.F.);
#2013=ORIENTED_EDGE('',*,*,#1095,.T.);
#2014=ORIENTED_EDGE('',*,*,#1096,.T.);
#2015=ORIENTED_EDGE('',*,*,#1099,.T.);
#2016=ORIENTED_EDGE('',*,*,#1086,.T.);
#2017=ORIENTED_EDGE('',*,*,#1092,.T.);
#2018=ORIENTED_EDGE('',*,*,#1158,.T.);
#2019=ORIENTED_EDGE('',*,*,#1160,.T.);
#2020=ORIENTED_EDGE('',*,*,#1162,.T.);
#2021=ORIENTED_EDGE('',*,*,#1237,.T.);
#2022=ORIENTED_EDGE('',*,*,#1194,.T.);
#2023=ORIENTED_EDGE('',*,*,#1191,.T.);
#2024=ORIENTED_EDGE('',*,*,#1187,.T.);
#2025=ORIENTED_EDGE('',*,*,#1303,.T.);
#2026=ORIENTED_EDGE('',*,*,#1240,.T.);
#2027=ORIENTED_EDGE('',*,*,#1295,.T.);
#2028=ORIENTED_EDGE('',*,*,#1203,.T.);
#2029=ORIENTED_EDGE('',*,*,#1200,.T.);
#2030=ORIENTED_EDGE('',*,*,#1197,.T.);
#2031=ORIENTED_EDGE('',*,*,#1180,.T.);
#2032=ORIENTED_EDGE('',*,*,#1168,.T.);
#2033=ORIENTED_EDGE('',*,*,#1403,.F.);
#2034=ORIENTED_EDGE('',*,*,#1404,.T.);
#2035=ORIENTED_EDGE('',*,*,#1391,.T.);
#2036=ORIENTED_EDGE('',*,*,#1404,.F.);
#2037=ORIENTED_EDGE('',*,*,#1257,.F.);
#2038=ORIENTED_EDGE('',*,*,#1402,.F.);
#2039=ORIENTED_EDGE('',*,*,#1267,.F.);
#2040=ORIENTED_EDGE('',*,*,#1218,.F.);
#2041=ORIENTED_EDGE('',*,*,#1373,.T.);
#2042=ORIENTED_EDGE('',*,*,#1397,.F.);
#2043=ORIENTED_EDGE('',*,*,#1387,.T.);
#2044=ORIENTED_EDGE('',*,*,#1261,.F.);
#2045=ORIENTED_EDGE('',*,*,#1382,.F.);
#2046=ORIENTED_EDGE('',*,*,#1390,.T.);
#2047=ORIENTED_EDGE('',*,*,#1396,.F.);
#2048=ORIENTED_EDGE('',*,*,#1405,.F.);
#2049=ORIENTED_EDGE('',*,*,#1384,.T.);
#2050=ORIENTED_EDGE('',*,*,#1393,.T.);
#2051=ORIENTED_EDGE('',*,*,#1406,.F.);
#2052=ORIENTED_EDGE('',*,*,#1400,.F.);
#2053=ORIENTED_EDGE('',*,*,#1378,.F.);
#2054=ORIENTED_EDGE('',*,*,#1399,.F.);
#2055=ORIENTED_EDGE('',*,*,#1401,.T.);
#2056=ORIENTED_EDGE('',*,*,#1406,.T.);
#2057=ORIENTED_EDGE('',*,*,#1392,.T.);
#2058=ORIENTED_EDGE('',*,*,#1379,.F.);
#2059=ORIENTED_EDGE('',*,*,#1405,.T.);
#2060=ORIENTED_EDGE('',*,*,#1395,.F.);
#2061=ORIENTED_EDGE('',*,*,#1375,.F.);
#2062=ORIENTED_EDGE('',*,*,#1403,.T.);
#2063=CYLINDRICAL_SURFACE('',#2379,4.);
#2064=CYLINDRICAL_SURFACE('',#2383,4.);
#2065=CYLINDRICAL_SURFACE('',#2387,6.);
#2066=CYLINDRICAL_SURFACE('',#2391,6.);
#2067=CYLINDRICAL_SURFACE('',#2443,11.698409519533);
#2068=CYLINDRICAL_SURFACE('',#2446,11.698409519533);
#2069=CYLINDRICAL_SURFACE('',#2448,11.698409519533);
#2070=CYLINDRICAL_SURFACE('',#2451,11.698409519533);
#2071=CYLINDRICAL_SURFACE('',#2454,5.498409519533);
#2072=CYLINDRICAL_SURFACE('',#2458,7.49840951953301);
#2073=CYLINDRICAL_SURFACE('',#2461,7.49840951953301);
#2074=CYLINDRICAL_SURFACE('',#2464,5.498409519533);
#2075=CYLINDRICAL_SURFACE('',#2469,5.498409519533);
#2076=CYLINDRICAL_SURFACE('',#2479,5.498409519533);
#2077=CYLINDRICAL_SURFACE('',#2486,5.498409519533);
#2078=CYLINDRICAL_SURFACE('',#2489,2.);
#2079=CYLINDRICAL_SURFACE('',#2490,7.49840951953301);
#2080=CYLINDRICAL_SURFACE('',#2493,2.);
#2081=CYLINDRICAL_SURFACE('',#2497,5.498409519533);
#2082=CYLINDRICAL_SURFACE('',#2499,2.);
#2083=CYLINDRICAL_SURFACE('',#2502,2.);
#2084=CYLINDRICAL_SURFACE('',#2504,2.);
#2085=CYLINDRICAL_SURFACE('',#2506,2.);
#2086=CYLINDRICAL_SURFACE('',#2508,2.);
#2087=CYLINDRICAL_SURFACE('',#2509,2.);
#2088=CYLINDRICAL_SURFACE('',#2516,1.);
#2089=CYLINDRICAL_SURFACE('',#2521,5.498409519533);
#2090=CYLINDRICAL_SURFACE('',#2522,1.);
#2091=CYLINDRICAL_SURFACE('',#2527,1.);
#2092=CYLINDRICAL_SURFACE('',#2529,1.);
#2093=CYLINDRICAL_SURFACE('',#2534,1.);
#2094=CYLINDRICAL_SURFACE('',#2535,1.);
#2095=CYLINDRICAL_SURFACE('',#2544,1.);
#2096=CYLINDRICAL_SURFACE('',#2547,3.);
#2097=CYLINDRICAL_SURFACE('',#2549,3.);
#2098=CYLINDRICAL_SURFACE('',#2553,3.);
#2099=CYLINDRICAL_SURFACE('',#2556,3.);
#2100=CYLINDRICAL_SURFACE('',#2560,3.);
#2101=CYLINDRICAL_SURFACE('',#2563,5.498409519533);
#2102=CYLINDRICAL_SURFACE('',#2565,5.498409519533);
#2103=CYLINDRICAL_SURFACE('',#2567,5.498409519533);
#2104=CYLINDRICAL_SURFACE('',#2569,1.70000000000001);
#2105=CYLINDRICAL_SURFACE('',#2573,3.00000000000001);
#2106=CYLINDRICAL_SURFACE('',#2578,1.70000000000001);
#2107=CYLINDRICAL_SURFACE('',#2582,3.00000000000001);
#2108=CYLINDRICAL_SURFACE('',#2587,1.70000000000001);
#2109=CYLINDRICAL_SURFACE('',#2590,3.00000000000001);
#2110=CYLINDRICAL_SURFACE('',#2597,1.);
#2111=CYLINDRICAL_SURFACE('',#2598,1.);
#2112=CYLINDRICAL_SURFACE('',#2607,1.);
#2113=CYLINDRICAL_SURFACE('',#2610,3.);
#2114=CYLINDRICAL_SURFACE('',#2613,7.49840951953301);
#2115=CYLINDRICAL_SURFACE('',#2615,1.70000000000001);
#2116=CYLINDRICAL_SURFACE('',#2619,3.00000000000001);
#2117=STYLED_ITEM('',(#4084),#2237);
#2118=STYLED_ITEM('',(#4084),#2238);
#2119=STYLED_ITEM('',(#4084),#2239);
#2120=STYLED_ITEM('',(#4084),#2240);
#2121=STYLED_ITEM('',(#4084),#2241);
#2122=STYLED_ITEM('',(#4084),#2242);
#2123=STYLED_ITEM('',(#4084),#2243);
#2124=STYLED_ITEM('',(#4084),#2244);
#2125=STYLED_ITEM('',(#4084),#2245);
#2126=STYLED_ITEM('',(#4084),#2246);
#2127=STYLED_ITEM('',(#4084),#2247);
#2128=STYLED_ITEM('',(#4084),#2248);
#2129=STYLED_ITEM('',(#4084),#2249);
#2130=STYLED_ITEM('',(#4084),#2250);
#2131=STYLED_ITEM('',(#4084),#2251);
#2132=STYLED_ITEM('',(#4084),#2252);
#2133=STYLED_ITEM('',(#4084),#2253);
#2134=STYLED_ITEM('',(#4084),#2254);
#2135=STYLED_ITEM('',(#4084),#2255);
#2136=STYLED_ITEM('',(#4084),#2256);
#2137=STYLED_ITEM('',(#4084),#2257);
#2138=STYLED_ITEM('',(#4084),#2258);
#2139=STYLED_ITEM('',(#4084),#2259);
#2140=STYLED_ITEM('',(#4084),#2260);
#2141=STYLED_ITEM('',(#4084),#2261);
#2142=STYLED_ITEM('',(#4084),#2262);
#2143=STYLED_ITEM('',(#4084),#2263);
#2144=STYLED_ITEM('',(#4084),#2264);
#2145=STYLED_ITEM('',(#4084),#2265);
#2146=STYLED_ITEM('',(#4084),#2266);
#2147=STYLED_ITEM('',(#4084),#2267);
#2148=STYLED_ITEM('',(#4084),#2268);
#2149=STYLED_ITEM('',(#4084),#2269);
#2150=STYLED_ITEM('',(#4084),#2270);
#2151=STYLED_ITEM('',(#4084),#2271);
#2152=STYLED_ITEM('',(#4084),#2272);
#2153=STYLED_ITEM('',(#4084),#2273);
#2154=STYLED_ITEM('',(#4084),#2274);
#2155=STYLED_ITEM('',(#4084),#2275);
#2156=STYLED_ITEM('',(#4084),#2276);
#2157=STYLED_ITEM('',(#4084),#2277);
#2158=STYLED_ITEM('',(#4084),#2278);
#2159=STYLED_ITEM('',(#4084),#2279);
#2160=STYLED_ITEM('',(#4084),#2280);
#2161=STYLED_ITEM('',(#4084),#2281);
#2162=STYLED_ITEM('',(#4084),#2282);
#2163=STYLED_ITEM('',(#4084),#2283);
#2164=STYLED_ITEM('',(#4084),#2284);
#2165=STYLED_ITEM('',(#4084),#2285);
#2166=STYLED_ITEM('',(#4084),#2286);
#2167=STYLED_ITEM('',(#4084),#2287);
#2168=STYLED_ITEM('',(#4084),#2288);
#2169=STYLED_ITEM('',(#4084),#2289);
#2170=STYLED_ITEM('',(#4084),#2290);
#2171=STYLED_ITEM('',(#4084),#2291);
#2172=STYLED_ITEM('',(#4084),#2292);
#2173=STYLED_ITEM('',(#4084),#2293);
#2174=STYLED_ITEM('',(#4084),#2294);
#2175=STYLED_ITEM('',(#4084),#2295);
#2176=STYLED_ITEM('',(#4084),#2296);
#2177=STYLED_ITEM('',(#4084),#2297);
#2178=STYLED_ITEM('',(#4084),#2298);
#2179=STYLED_ITEM('',(#4084),#2299);
#2180=STYLED_ITEM('',(#4084),#2300);
#2181=STYLED_ITEM('',(#4084),#2301);
#2182=STYLED_ITEM('',(#4084),#2302);
#2183=STYLED_ITEM('',(#4084),#2303);
#2184=STYLED_ITEM('',(#4084),#2304);
#2185=STYLED_ITEM('',(#4084),#2305);
#2186=STYLED_ITEM('',(#4084),#2306);
#2187=STYLED_ITEM('',(#4084),#2307);
#2188=STYLED_ITEM('',(#4084),#2308);
#2189=STYLED_ITEM('',(#4084),#2309);
#2190=STYLED_ITEM('',(#4084),#2310);
#2191=STYLED_ITEM('',(#4084),#2311);
#2192=STYLED_ITEM('',(#4084),#2312);
#2193=STYLED_ITEM('',(#4084),#2313);
#2194=STYLED_ITEM('',(#4084),#2314);
#2195=STYLED_ITEM('',(#4084),#2315);
#2196=STYLED_ITEM('',(#4084),#2316);
#2197=STYLED_ITEM('',(#4084),#2317);
#2198=STYLED_ITEM('',(#4084),#2318);
#2199=STYLED_ITEM('',(#4084),#2319);
#2200=STYLED_ITEM('',(#4084),#2320);
#2201=STYLED_ITEM('',(#4084),#2321);
#2202=STYLED_ITEM('',(#4084),#2322);
#2203=STYLED_ITEM('',(#4084),#2323);
#2204=STYLED_ITEM('',(#4084),#2324);
#2205=STYLED_ITEM('',(#4084),#2325);
#2206=STYLED_ITEM('',(#4084),#2326);
#2207=STYLED_ITEM('',(#4084),#2327);
#2208=STYLED_ITEM('',(#4084),#2328);
#2209=STYLED_ITEM('',(#4084),#2329);
#2210=STYLED_ITEM('',(#4084),#2330);
#2211=STYLED_ITEM('',(#4084),#2331);
#2212=STYLED_ITEM('',(#4084),#2332);
#2213=STYLED_ITEM('',(#4084),#2333);
#2214=STYLED_ITEM('',(#4084),#2334);
#2215=STYLED_ITEM('',(#4084),#2335);
#2216=STYLED_ITEM('',(#4084),#2336);
#2217=STYLED_ITEM('',(#4084),#2337);
#2218=STYLED_ITEM('',(#4084),#2338);
#2219=STYLED_ITEM('',(#4084),#2339);
#2220=STYLED_ITEM('',(#4084),#2340);
#2221=STYLED_ITEM('',(#4084),#2341);
#2222=STYLED_ITEM('',(#4084),#2342);
#2223=STYLED_ITEM('',(#4084),#2343);
#2224=STYLED_ITEM('',(#4084),#2344);
#2225=STYLED_ITEM('',(#4084),#2345);
#2226=STYLED_ITEM('',(#4084),#2346);
#2227=STYLED_ITEM('',(#4084),#2347);
#2228=STYLED_ITEM('',(#4084),#2348);
#2229=STYLED_ITEM('',(#4084),#2349);
#2230=STYLED_ITEM('',(#4084),#2350);
#2231=STYLED_ITEM('',(#4084),#2351);
#2232=STYLED_ITEM('',(#4084),#2352);
#2233=STYLED_ITEM('',(#4084),#2353);
#2234=STYLED_ITEM('',(#4084),#2354);
#2235=STYLED_ITEM('',(#4084),#2355);
#2236=STYLED_ITEM('',(#4083),#13);
#2237=ADVANCED_FACE('',(#112),#2063,.F.);
#2238=ADVANCED_FACE('',(#113),#59,.T.);
#2239=ADVANCED_FACE('',(#114),#2064,.F.);
#2240=ADVANCED_FACE('',(#115),#60,.T.);
#2241=ADVANCED_FACE('',(#116),#2065,.T.);
#2242=ADVANCED_FACE('',(#117),#61,.T.);
#2243=ADVANCED_FACE('',(#118),#2066,.T.);
#2244=ADVANCED_FACE('',(#119),#47,.F.);
#2245=ADVANCED_FACE('',(#120,#32,#33),#62,.T.);
#2246=ADVANCED_FACE('',(#121),#48,.F.);
#2247=ADVANCED_FACE('',(#122),#49,.F.);
#2248=ADVANCED_FACE('',(#123,#34,#35),#63,.T.);
#2249=ADVANCED_FACE('',(#124),#50,.F.);
#2250=ADVANCED_FACE('',(#125),#51,.T.);
#2251=ADVANCED_FACE('',(#126),#64,.F.);
#2252=ADVANCED_FACE('',(#127),#52,.T.);
#2253=ADVANCED_FACE('',(#128),#65,.F.);
#2254=ADVANCED_FACE('',(#129),#53,.T.);
#2255=ADVANCED_FACE('',(#130),#66,.T.);
#2256=ADVANCED_FACE('',(#131),#54,.T.);
#2257=ADVANCED_FACE('',(#132),#67,.T.);
#2258=ADVANCED_FACE('',(#133,#36),#68,.F.);
#2259=ADVANCED_FACE('',(#134),#2067,.T.);
#2260=ADVANCED_FACE('',(#135),#69,.T.);
#2261=ADVANCED_FACE('',(#136),#2068,.T.);
#2262=ADVANCED_FACE('',(#137),#2069,.T.);
#2263=ADVANCED_FACE('',(#138),#70,.T.);
#2264=ADVANCED_FACE('',(#139),#2070,.T.);
#2265=ADVANCED_FACE('',(#140),#71,.T.);
#2266=ADVANCED_FACE('',(#141),#2071,.F.);
#2267=ADVANCED_FACE('',(#142),#72,.T.);
#2268=ADVANCED_FACE('',(#143),#2072,.T.);
#2269=ADVANCED_FACE('',(#144),#73,.T.);
#2270=ADVANCED_FACE('',(#145),#2073,.T.);
#2271=ADVANCED_FACE('',(#146),#74,.F.);
#2272=ADVANCED_FACE('',(#147),#2074,.F.);
#2273=ADVANCED_FACE('',(#148),#75,.F.);
#2274=ADVANCED_FACE('',(#149),#76,.F.);
#2275=ADVANCED_FACE('',(#150),#2075,.F.);
#2276=ADVANCED_FACE('',(#151),#77,.F.);
#2277=ADVANCED_FACE('',(#152),#78,.F.);
#2278=ADVANCED_FACE('',(#153),#79,.T.);
#2279=ADVANCED_FACE('',(#154),#2076,.F.);
#2280=ADVANCED_FACE('',(#155),#80,.T.);
#2281=ADVANCED_FACE('',(#156),#2077,.F.);
#2282=ADVANCED_FACE('',(#157),#2078,.T.);
#2283=ADVANCED_FACE('',(#158),#2079,.T.);
#2284=ADVANCED_FACE('',(#159),#81,.T.);
#2285=ADVANCED_FACE('',(#160),#2080,.T.);
#2286=ADVANCED_FACE('',(#161),#82,.F.);
#2287=ADVANCED_FACE('',(#162),#2081,.F.);
#2288=ADVANCED_FACE('',(#163),#2082,.F.);
#2289=ADVANCED_FACE('',(#164),#83,.T.);
#2290=ADVANCED_FACE('',(#165),#2083,.F.);
#2291=ADVANCED_FACE('',(#166),#2084,.T.);
#2292=ADVANCED_FACE('',(#167),#84,.T.);
#2293=ADVANCED_FACE('',(#168),#2085,.F.);
#2294=ADVANCED_FACE('',(#169),#85,.T.);
#2295=ADVANCED_FACE('',(#170),#2086,.F.);
#2296=ADVANCED_FACE('',(#171),#2087,.T.);
#2297=ADVANCED_FACE('',(#172),#86,.F.);
#2298=ADVANCED_FACE('',(#173),#87,.T.);
#2299=ADVANCED_FACE('',(#174),#88,.T.);
#2300=ADVANCED_FACE('',(#175),#2088,.F.);
#2301=ADVANCED_FACE('',(#176),#55,.F.);
#2302=ADVANCED_FACE('',(#177),#2089,.F.);
#2303=ADVANCED_FACE('',(#178),#2090,.F.);
#2304=ADVANCED_FACE('',(#179),#56,.F.);
#2305=ADVANCED_FACE('',(#180),#2091,.F.);
#2306=ADVANCED_FACE('',(#181),#89,.T.);
#2307=ADVANCED_FACE('',(#182),#2092,.F.);
#2308=ADVANCED_FACE('',(#183),#57,.F.);
#2309=ADVANCED_FACE('',(#184),#2093,.F.);
#2310=ADVANCED_FACE('',(#185),#2094,.T.);
#2311=ADVANCED_FACE('',(#186,#37),#90,.T.);
#2312=ADVANCED_FACE('',(#187),#91,.T.);
#2313=ADVANCED_FACE('',(#188),#2095,.F.);
#2314=ADVANCED_FACE('',(#189),#92,.T.);
#2315=ADVANCED_FACE('',(#190),#2096,.F.);
#2316=ADVANCED_FACE('',(#191),#2097,.F.);
#2317=ADVANCED_FACE('',(#192),#93,.T.);
#2318=ADVANCED_FACE('',(#193),#2098,.F.);
#2319=ADVANCED_FACE('',(#194),#2099,.F.);
#2320=ADVANCED_FACE('',(#195),#94,.T.);
#2321=ADVANCED_FACE('',(#196),#2100,.F.);
#2322=ADVANCED_FACE('',(#197),#2101,.F.);
#2323=ADVANCED_FACE('',(#198),#2102,.F.);
#2324=ADVANCED_FACE('',(#199),#2103,.F.);
#2325=ADVANCED_FACE('',(#200),#2104,.F.);
#2326=ADVANCED_FACE('',(#201),#95,.T.);
#2327=ADVANCED_FACE('',(#202),#2105,.T.);
#2328=ADVANCED_FACE('',(#203,#38),#96,.T.);
#2329=ADVANCED_FACE('',(#204,#39),#97,.F.);
#2330=ADVANCED_FACE('',(#205),#2106,.F.);
#2331=ADVANCED_FACE('',(#206),#98,.T.);
#2332=ADVANCED_FACE('',(#207),#2107,.T.);
#2333=ADVANCED_FACE('',(#208,#40),#99,.T.);
#2334=ADVANCED_FACE('',(#209,#41),#100,.F.);
#2335=ADVANCED_FACE('',(#210),#2108,.F.);
#2336=ADVANCED_FACE('',(#211),#101,.T.);
#2337=ADVANCED_FACE('',(#212),#2109,.T.);
#2338=ADVANCED_FACE('',(#213),#102,.T.);
#2339=ADVANCED_FACE('',(#214,#42),#103,.F.);
#2340=ADVANCED_FACE('',(#215),#58,.F.);
#2341=ADVANCED_FACE('',(#216),#2110,.F.);
#2342=ADVANCED_FACE('',(#217),#2111,.T.);
#2343=ADVANCED_FACE('',(#218,#43),#104,.F.);
#2344=ADVANCED_FACE('',(#219),#105,.T.);
#2345=ADVANCED_FACE('',(#220),#2112,.F.);
#2346=ADVANCED_FACE('',(#221),#106,.T.);
#2347=ADVANCED_FACE('',(#222),#2113,.F.);
#2348=ADVANCED_FACE('',(#223),#107,.T.);
#2349=ADVANCED_FACE('',(#224),#2114,.T.);
#2350=ADVANCED_FACE('',(#225,#44,#45),#108,.T.);
#2351=ADVANCED_FACE('',(#226),#2115,.F.);
#2352=ADVANCED_FACE('',(#227),#109,.T.);
#2353=ADVANCED_FACE('',(#228),#110,.T.);
#2354=ADVANCED_FACE('',(#229),#2116,.T.);
#2355=ADVANCED_FACE('',(#230,#46),#111,.T.);
#2356=CLOSED_SHELL('',(#2237,#2238,#2239,#2240,#2241,#2242,#2243,#2244,
#2245,#2246,#2247,#2248,#2249,#2250,#2251,#2252,#2253,#2254,#2255,#2256,
#2257,#2258,#2259,#2260,#2261,#2262,#2263,#2264,#2265,#2266,#2267,#2268,
#2269,#2270,#2271,#2272,#2273,#2274,#2275,#2276,#2277,#2278,#2279,#2280,
#2281,#2282,#2283,#2284,#2285,#2286,#2287,#2288,#2289,#2290,#2291,#2292,
#2293,#2294,#2295,#2296,#2297,#2298,#2299,#2300,#2301,#2302,#2303,#2304,
#2305,#2306,#2307,#2308,#2309,#2310,#2311,#2312,#2313,#2314,#2315,#2316,
#2317,#2318,#2319,#2320,#2321,#2322,#2323,#2324,#2325,#2326,#2327,#2328,
#2329,#2330,#2331,#2332,#2333,#2334,#2335,#2336,#2337,#2338,#2339,#2340,
#2341,#2342,#2343,#2344,#2345,#2346,#2347,#2348,#2349,#2350,#2351,#2352,
#2353,#2354,#2355));
#2357=DERIVED_UNIT_ELEMENT(#2360,1.);
#2358=DERIVED_UNIT_ELEMENT(#4069,-3.);
#2359=DIMENSIONAL_EXPONENTS(0.,1.,0.,0.,0.,0.,0.);
#2360=(
CONVERSION_BASED_UNIT('gram',#2362)
MASS_UNIT()
NAMED_UNIT(#2359)
);
#2361=(
MASS_UNIT()
NAMED_UNIT(*)
SI_UNIT(.KILO.,.GRAM.)
);
#2362=MASS_MEASURE_WITH_UNIT(MASS_MEASURE(0.001),#2361);
#2363=DERIVED_UNIT((#2357,#2358));
#2364=MEASURE_REPRESENTATION_ITEM('density measure',
POSITIVE_RATIO_MEASURE(1.),#2363);
#2365=PROPERTY_DEFINITION_REPRESENTATION(#2370,#2367);
#2366=PROPERTY_DEFINITION_REPRESENTATION(#2371,#2368);
#2367=REPRESENTATION('material name',(#2369),#4066);
#2368=REPRESENTATION('density',(#2364),#4066);
#2369=DESCRIPTIVE_REPRESENTATION_ITEM('Generic','Generic');
#2370=PROPERTY_DEFINITION('material property','material name',#4076);
#2371=PROPERTY_DEFINITION('material property','density of part',#4076);
#2372=DATE_TIME_ROLE('creation_date');
#2373=APPLIED_DATE_AND_TIME_ASSIGNMENT(#2374,#2372,(#4076));
#2374=DATE_AND_TIME(#2375,#2376);
#2375=CALENDAR_DATE(2026,15,4);
#2376=LOCAL_TIME(0,0,0.,#2377);
#2377=COORDINATED_UNIVERSAL_TIME_OFFSET(0,0,.BEHIND.);
#2378=AXIS2_PLACEMENT_3D('',#3300,#2622,#2623);
#2379=AXIS2_PLACEMENT_3D('',#3301,#2624,#2625);
#2380=AXIS2_PLACEMENT_3D('',#3304,#2626,#2627);
#2381=AXIS2_PLACEMENT_3D('',#3308,#2629,#2630);
#2382=AXIS2_PLACEMENT_3D('',#3310,#2632,#2633);
#2383=AXIS2_PLACEMENT_3D('',#3316,#2637,#2638);
#2384=AXIS2_PLACEMENT_3D('',#3319,#2639,#2640);
#2385=AXIS2_PLACEMENT_3D('',#3323,#2642,#2643);
#2386=AXIS2_PLACEMENT_3D('',#3325,#2645,#2646);
#2387=AXIS2_PLACEMENT_3D('',#3331,#2650,#2651);
#2388=AXIS2_PLACEMENT_3D('',#3333,#2652,#2653);
#2389=AXIS2_PLACEMENT_3D('',#3336,#2655,#2656);
#2390=AXIS2_PLACEMENT_3D('',#3337,#2657,#2658);
#2391=AXIS2_PLACEMENT_3D('',#3343,#2662,#2663);
#2392=AXIS2_PLACEMENT_3D('',#3344,#2664,#2665);
#2393=AXIS2_PLACEMENT_3D('',#3345,#2666,#2667);
#2394=AXIS2_PLACEMENT_3D('',#3346,#2668,#2669);
#2395=AXIS2_PLACEMENT_3D('',#3349,#2670,#2671);
#2396=AXIS2_PLACEMENT_3D('',#3351,#2672,#2673);
#2397=AXIS2_PLACEMENT_3D('',#3352,#2674,#2675);
#2398=AXIS2_PLACEMENT_3D('',#3353,#2676,#2677);
#2399=AXIS2_PLACEMENT_3D('',#3354,#2678,#2679);
#2400=AXIS2_PLACEMENT_3D('',#3363,#2683,#2684);
#2401=AXIS2_PLACEMENT_3D('',#3367,#2686,#2687);
#2402=AXIS2_PLACEMENT_3D('',#3371,#2689,#2690);
#2403=AXIS2_PLACEMENT_3D('',#3375,#2692,#2693);
#2404=AXIS2_PLACEMENT_3D('',#3380,#2696,#2697);
#2405=AXIS2_PLACEMENT_3D('',#3381,#2698,#2699);
#2406=AXIS2_PLACEMENT_3D('',#3384,#2700,#2701);
#2407=AXIS2_PLACEMENT_3D('',#3385,#2702,#2703);
#2408=AXIS2_PLACEMENT_3D('',#3386,#2704,#2705);
#2409=AXIS2_PLACEMENT_3D('',#3387,#2706,#2707);
#2410=AXIS2_PLACEMENT_3D('',#3389,#2708,#2709);
#2411=AXIS2_PLACEMENT_3D('',#3391,#2710,#2711);
#2412=AXIS2_PLACEMENT_3D('',#3392,#2712,#2713);
#2413=AXIS2_PLACEMENT_3D('',#3393,#2714,#2715);
#2414=AXIS2_PLACEMENT_3D('',#3403,#2720,#2721);
#2415=AXIS2_PLACEMENT_3D('',#3404,#2722,#2723);
#2416=AXIS2_PLACEMENT_3D('',#3406,#2724,#2725);
#2417=AXIS2_PLACEMENT_3D('',#3407,#2726,#2727);
#2418=AXIS2_PLACEMENT_3D('',#3408,#2728,#2729);
#2419=AXIS2_PLACEMENT_3D('',#3410,#2730,#2731);
#2420=AXIS2_PLACEMENT_3D('',#3411,#2732,#2733);
#2421=AXIS2_PLACEMENT_3D('',#3412,#2734,#2735);
#2422=AXIS2_PLACEMENT_3D('',#3413,#2736,#2737);
#2423=AXIS2_PLACEMENT_3D('',#3415,#2738,#2739);
#2424=AXIS2_PLACEMENT_3D('',#3416,#2740,#2741);
#2425=AXIS2_PLACEMENT_3D('',#3417,#2742,#2743);
#2426=AXIS2_PLACEMENT_3D('',#3418,#2744,#2745);
#2427=AXIS2_PLACEMENT_3D('',#3420,#2746,#2747);
#2428=AXIS2_PLACEMENT_3D('',#3421,#2748,#2749);
#2429=AXIS2_PLACEMENT_3D('',#3422,#2750,#2751);
#2430=AXIS2_PLACEMENT_3D('',#3423,#2752,#2753);
#2431=AXIS2_PLACEMENT_3D('',#3425,#2754,#2755);
#2432=AXIS2_PLACEMENT_3D('',#3426,#2756,#2757);
#2433=AXIS2_PLACEMENT_3D('',#3427,#2758,#2759);
#2434=AXIS2_PLACEMENT_3D('',#3428,#2760,#2761);
#2435=AXIS2_PLACEMENT_3D('',#3433,#2763,#2764);
#2436=AXIS2_PLACEMENT_3D('',#3436,#2766,#2767);
#2437=AXIS2_PLACEMENT_3D('',#3438,#2768,#2769);
#2438=AXIS2_PLACEMENT_3D('',#3441,#2771,#2772);
#2439=AXIS2_PLACEMENT_3D('',#3443,#2773,#2774);
#2440=AXIS2_PLACEMENT_3D('',#3446,#2776,#2777);
#2441=AXIS2_PLACEMENT_3D('',#3448,#2778,#2779);
#2442=AXIS2_PLACEMENT_3D('',#3451,#2781,#2782);
#2443=AXIS2_PLACEMENT_3D('',#3452,#2783,#2784);
#2444=AXIS2_PLACEMENT_3D('',#3455,#2785,#2786);
#2445=AXIS2_PLACEMENT_3D('',#3458,#2789,#2790);
#2446=AXIS2_PLACEMENT_3D('',#3462,#2793,#2794);
#2447=AXIS2_PLACEMENT_3D('',#3463,#2795,#2796);
#2448=AXIS2_PLACEMENT_3D('',#3464,#2797,#2798);
#2449=AXIS2_PLACEMENT_3D('',#3466,#2799,#2800);
#2450=AXIS2_PLACEMENT_3D('',#3468,#2802,#2803);
#2451=AXIS2_PLACEMENT_3D('',#3472,#2806,#2807);
#2452=AXIS2_PLACEMENT_3D('',#3474,#2808,#2809);
#2453=AXIS2_PLACEMENT_3D('',#3476,#2811,#2812);
#2454=AXIS2_PLACEMENT_3D('',#3478,#2814,#2815);
#2455=AXIS2_PLACEMENT_3D('',#3483,#2817,#2818);
#2456=AXIS2_PLACEMENT_3D('',#3486,#2820,#2821);
#2457=AXIS2_PLACEMENT_3D('',#3487,#2822,#2823);
#2458=AXIS2_PLACEMENT_3D('',#3513,#2837,#2838);
#2459=AXIS2_PLACEMENT_3D('',#3516,#2840,#2841);
#2460=AXIS2_PLACEMENT_3D('',#3517,#2842,#2843);
#2461=AXIS2_PLACEMENT_3D('',#3521,#2846,#2847);
#2462=AXIS2_PLACEMENT_3D('',#3522,#2848,#2849);
#2463=AXIS2_PLACEMENT_3D('',#3523,#2850,#2851);
#2464=AXIS2_PLACEMENT_3D('',#3532,#2856,#2857);
#2465=AXIS2_PLACEMENT_3D('',#3534,#2858,#2859);
#2466=AXIS2_PLACEMENT_3D('',#3537,#2861,#2862);
#2467=AXIS2_PLACEMENT_3D('',#3538,#2863,#2864);
#2468=AXIS2_PLACEMENT_3D('',#3544,#2868,#2869);
#2469=AXIS2_PLACEMENT_3D('',#3550,#2873,#2874);
#2470=AXIS2_PLACEMENT_3D('',#3552,#2875,#2876);
#2471=AXIS2_PLACEMENT_3D('',#3555,#2878,#2879);
#2472=AXIS2_PLACEMENT_3D('',#3556,#2880,#2881);
#2473=AXIS2_PLACEMENT_3D('',#3562,#2885,#2886);
#2474=AXIS2_PLACEMENT_3D('',#3566,#2888,#2889);
#2475=AXIS2_PLACEMENT_3D('',#3569,#2891,#2892);
#2476=AXIS2_PLACEMENT_3D('',#3571,#2894,#2895);
#2477=AXIS2_PLACEMENT_3D('',#3575,#2897,#2898);
#2478=AXIS2_PLACEMENT_3D('',#3579,#2900,#2901);
#2479=AXIS2_PLACEMENT_3D('',#3581,#2903,#2904);
#2480=AXIS2_PLACEMENT_3D('',#3585,#2906,#2907);
#2481=AXIS2_PLACEMENT_3D('',#3587,#2909,#2910);
#2482=AXIS2_PLACEMENT_3D('',#3602,#2917,#2918);
#2483=AXIS2_PLACEMENT_3D('',#3606,#2920,#2921);
#2484=AXIS2_PLACEMENT_3D('',#3610,#2923,#2924);
#2485=AXIS2_PLACEMENT_3D('',#3614,#2926,#2927);
#2486=AXIS2_PLACEMENT_3D('',#3625,#2934,#2935);
#2487=AXIS2_PLACEMENT_3D('',#3629,#2937,#2938);
#2488=AXIS2_PLACEMENT_3D('',#3630,#2939,#2940);
#2489=AXIS2_PLACEMENT_3D('',#3631,#2941,#2942);
#2490=AXIS2_PLACEMENT_3D('',#3658,#2945,#2946);
#2491=AXIS2_PLACEMENT_3D('',#3659,#2947,#2948);
#2492=AXIS2_PLACEMENT_3D('',#3663,#2951,#2952);
#2493=AXIS2_PLACEMENT_3D('',#3681,#2958,#2959);
#2494=AXIS2_PLACEMENT_3D('',#3708,#2962,#2963);
#2495=AXIS2_PLACEMENT_3D('',#3709,#2964,#2965);
#2496=AXIS2_PLACEMENT_3D('',#3711,#2967,#2968);
#2497=AXIS2_PLACEMENT_3D('',#3712,#2969,#2970);
#2498=AXIS2_PLACEMENT_3D('',#3715,#2972,#2973);
#2499=AXIS2_PLACEMENT_3D('',#3716,#2974,#2975);
#2500=AXIS2_PLACEMENT_3D('',#3718,#2976,#2977);
#2501=AXIS2_PLACEMENT_3D('',#3720,#2979,#2980);
#2502=AXIS2_PLACEMENT_3D('',#3724,#2983,#2984);
#2503=AXIS2_PLACEMENT_3D('',#3727,#2986,#2987);
#2504=AXIS2_PLACEMENT_3D('',#3728,#2988,#2989);
#2505=AXIS2_PLACEMENT_3D('',#3730,#2991,#2992);
#2506=AXIS2_PLACEMENT_3D('',#3732,#2994,#2995);
#2507=AXIS2_PLACEMENT_3D('',#3734,#2997,#2998);
#2508=AXIS2_PLACEMENT_3D('',#3736,#3000,#3001);
#2509=AXIS2_PLACEMENT_3D('',#3738,#3003,#3004);
#2510=AXIS2_PLACEMENT_3D('',#3741,#3007,#3008);
#2511=AXIS2_PLACEMENT_3D('',#3743,#3009,#3010);
#2512=AXIS2_PLACEMENT_3D('',#3746,#3012,#3013);
#2513=AXIS2_PLACEMENT_3D('',#3747,#3014,#3015);
#2514=AXIS2_PLACEMENT_3D('',#3748,#3016,#3017);
#2515=AXIS2_PLACEMENT_3D('',#3750,#3019,#3020);
#2516=AXIS2_PLACEMENT_3D('',#3751,#3021,#3022);
#2517=AXIS2_PLACEMENT_3D('',#3753,#3023,#3024);
#2518=AXIS2_PLACEMENT_3D('',#3764,#3026,#3027);
#2519=AXIS2_PLACEMENT_3D('',#3772,#3028,#3029);
#2520=AXIS2_PLACEMENT_3D('',#3773,#3030,#3031);
#2521=AXIS2_PLACEMENT_3D('',#3774,#3032,#3033);
#2522=AXIS2_PLACEMENT_3D('',#3775,#3034,#3035);
#2523=AXIS2_PLACEMENT_3D('',#3777,#3036,#3037);
#2524=AXIS2_PLACEMENT_3D('',#3790,#3040,#3041);
#2525=AXIS2_PLACEMENT_3D('',#3792,#3042,#3043);
#2526=AXIS2_PLACEMENT_3D('',#3793,#3044,#3045);
#2527=AXIS2_PLACEMENT_3D('',#3794,#3046,#3047);
#2528=AXIS2_PLACEMENT_3D('',#3805,#3049,#3050);
#2529=AXIS2_PLACEMENT_3D('',#3820,#3060,#3061);
#2530=AXIS2_PLACEMENT_3D('',#3822,#3062,#3063);
#2531=AXIS2_PLACEMENT_3D('',#3833,#3065,#3066);
#2532=AXIS2_PLACEMENT_3D('',#3835,#3067,#3068);
#2533=AXIS2_PLACEMENT_3D('',#3836,#3069,#3070);
#2534=AXIS2_PLACEMENT_3D('',#3837,#3071,#3072);
#2535=AXIS2_PLACEMENT_3D('',#3848,#3074,#3075);
#2536=AXIS2_PLACEMENT_3D('',#3851,#3076,#3077);
#2537=AXIS2_PLACEMENT_3D('',#3855,#3079,#3080);
#2538=AXIS2_PLACEMENT_3D('',#3857,#3082,#3083);
#2539=AXIS2_PLACEMENT_3D('',#3859,#3084,#3085);
#2540=AXIS2_PLACEMENT_3D('',#3864,#3088,#3089);
#2541=AXIS2_PLACEMENT_3D('',#3867,#3091,#3092);
#2542=AXIS2_PLACEMENT_3D('',#3869,#3093,#3094);
#2543=AXIS2_PLACEMENT_3D('',#3870,#3095,#3096);
#2544=AXIS2_PLACEMENT_3D('',#3874,#3099,#3100);
#2545=AXIS2_PLACEMENT_3D('',#3877,#3101,#3102);
#2546=AXIS2_PLACEMENT_3D('',#3880,#3105,#3106);
#2547=AXIS2_PLACEMENT_3D('',#3882,#3108,#3109);
#2548=AXIS2_PLACEMENT_3D('',#3884,#3110,#3111);
#2549=AXIS2_PLACEMENT_3D('',#3886,#3113,#3114);
#2550=AXIS2_PLACEMENT_3D('',#3888,#3115,#3116);
#2551=AXIS2_PLACEMENT_3D('',#3891,#3118,#3119);
#2552=AXIS2_PLACEMENT_3D('',#3892,#3120,#3121);
#2553=AXIS2_PLACEMENT_3D('',#3898,#3125,#3126);
#2554=AXIS2_PLACEMENT_3D('',#3900,#3127,#3128);
#2555=AXIS2_PLACEMENT_3D('',#3902,#3129,#3130);
#2556=AXIS2_PLACEMENT_3D('',#3904,#3132,#3133);
#2557=AXIS2_PLACEMENT_3D('',#3906,#3134,#3135);
#2558=AXIS2_PLACEMENT_3D('',#3909,#3137,#3138);
#2559=AXIS2_PLACEMENT_3D('',#3910,#3139,#3140);
#2560=AXIS2_PLACEMENT_3D('',#3916,#3144,#3145);
#2561=AXIS2_PLACEMENT_3D('',#3918,#3146,#3147);
#2562=AXIS2_PLACEMENT_3D('',#3920,#3148,#3149);
#2563=AXIS2_PLACEMENT_3D('',#3922,#3151,#3152);
#2564=AXIS2_PLACEMENT_3D('',#3923,#3153,#3154);
#2565=AXIS2_PLACEMENT_3D('',#3924,#3155,#3156);
#2566=AXIS2_PLACEMENT_3D('',#3925,#3157,#3158);
#2567=AXIS2_PLACEMENT_3D('',#3926,#3159,#3160);
#2568=AXIS2_PLACEMENT_3D('',#3927,#3161,#3162);
#2569=AXIS2_PLACEMENT_3D('',#3928,#3163,#3164);
#2570=AXIS2_PLACEMENT_3D('',#3930,#3165,#3166);
#2571=AXIS2_PLACEMENT_3D('',#3933,#3168,#3169);
#2572=AXIS2_PLACEMENT_3D('',#3934,#3170,#3171);
#2573=AXIS2_PLACEMENT_3D('',#3940,#3175,#3176);
#2574=AXIS2_PLACEMENT_3D('',#3941,#3177,#3178);
#2575=AXIS2_PLACEMENT_3D('',#3942,#3179,#3180);
#2576=AXIS2_PLACEMENT_3D('',#3943,#3181,#3182);
#2577=AXIS2_PLACEMENT_3D('',#3944,#3183,#3184);
#2578=AXIS2_PLACEMENT_3D('',#3945,#3185,#3186);
#2579=AXIS2_PLACEMENT_3D('',#3947,#3187,#3188);
#2580=AXIS2_PLACEMENT_3D('',#3950,#3190,#3191);
#2581=AXIS2_PLACEMENT_3D('',#3951,#3192,#3193);
#2582=AXIS2_PLACEMENT_3D('',#3957,#3197,#3198);
#2583=AXIS2_PLACEMENT_3D('',#3958,#3199,#3200);
#2584=AXIS2_PLACEMENT_3D('',#3959,#3201,#3202);
#2585=AXIS2_PLACEMENT_3D('',#3960,#3203,#3204);
#2586=AXIS2_PLACEMENT_3D('',#3961,#3205,#3206);
#2587=AXIS2_PLACEMENT_3D('',#3962,#3207,#3208);
#2588=AXIS2_PLACEMENT_3D('',#3965,#3210,#3211);
#2589=AXIS2_PLACEMENT_3D('',#3966,#3212,#3213);
#2590=AXIS2_PLACEMENT_3D('',#3970,#3216,#3217);
#2591=AXIS2_PLACEMENT_3D('',#3971,#3218,#3219);
#2592=AXIS2_PLACEMENT_3D('',#3972,#3220,#3221);
#2593=AXIS2_PLACEMENT_3D('',#3974,#3223,#3224);
#2594=AXIS2_PLACEMENT_3D('',#3975,#3225,#3226);
#2595=AXIS2_PLACEMENT_3D('',#3986,#3227,#3228);
#2596=AXIS2_PLACEMENT_3D('',#3988,#3229,#3230);
#2597=AXIS2_PLACEMENT_3D('',#3995,#3231,#3232);
#2598=AXIS2_PLACEMENT_3D('',#4006,#3234,#3235);
#2599=AXIS2_PLACEMENT_3D('',#4009,#3236,#3237);
#2600=AXIS2_PLACEMENT_3D('',#4013,#3239,#3240);
#2601=AXIS2_PLACEMENT_3D('',#4015,#3242,#3243);
#2602=AXIS2_PLACEMENT_3D('',#4019,#3245,#3246);
#2603=AXIS2_PLACEMENT_3D('',#4022,#3248,#3249);
#2604=AXIS2_PLACEMENT_3D('',#4028,#3252,#3253);
#2605=AXIS2_PLACEMENT_3D('',#4031,#3255,#3256);
#2606=AXIS2_PLACEMENT_3D('',#4032,#3257,#3258);
#2607=AXIS2_PLACEMENT_3D('',#4036,#3261,#3262);
#2608=AXIS2_PLACEMENT_3D('',#4039,#3264,#3265);
#2609=AXIS2_PLACEMENT_3D('',#4041,#3267,#3268);
#2610=AXIS2_PLACEMENT_3D('',#4043,#3270,#3271);
#2611=AXIS2_PLACEMENT_3D('',#4046,#3273,#3274);
#2612=AXIS2_PLACEMENT_3D('',#4047,#3275,#3276);
#2613=AXIS2_PLACEMENT_3D('',#4051,#3279,#3280);
#2614=AXIS2_PLACEMENT_3D('',#4053,#3282,#3283);
#2615=AXIS2_PLACEMENT_3D('',#4054,#3284,#3285);
#2616=AXIS2_PLACEMENT_3D('',#4056,#3286,#3287);
#2617=AXIS2_PLACEMENT_3D('',#4058,#3289,#3290);
#2618=AXIS2_PLACEMENT_3D('',#4059,#3291,#3292);
#2619=AXIS2_PLACEMENT_3D('',#4061,#3294,#3295);
#2620=AXIS2_PLACEMENT_3D('',#4062,#3296,#3297);
#2621=AXIS2_PLACEMENT_3D('',#4063,#3298,#3299);
#2622=DIRECTION('axis',(0.,0.,1.));
#2623=DIRECTION('refdir',(1.,0.,0.));
#2624=DIRECTION('center_axis',(0.,0.,1.));
#2625=DIRECTION('ref_axis',(0.,-1.,0.));
#2626=DIRECTION('center_axis',(0.,0.,1.));
#2627=DIRECTION('ref_axis',(0.,-1.,0.));
#2628=DIRECTION('',(0.,0.,-1.));
#2629=DIRECTION('center_axis',(0.,0.,-1.));
#2630=DIRECTION('ref_axis',(0.,-1.,0.));
#2631=DIRECTION('',(0.,0.,1.));
#2632=DIRECTION('center_axis',(-9.86830026696315E-17,-1.,0.));
#2633=DIRECTION('ref_axis',(1.,-9.86830026696315E-17,0.));
#2634=DIRECTION('',(-1.,9.86830026696315E-17,0.));
#2635=DIRECTION('',(0.,0.,1.));
#2636=DIRECTION('',(1.,-9.86830026696315E-17,0.));
#2637=DIRECTION('center_axis',(0.,0.,-1.));
#2638=DIRECTION('ref_axis',(0.,-1.,0.));
#2639=DIRECTION('center_axis',(0.,0.,-1.));
#2640=DIRECTION('ref_axis',(0.,-1.,0.));
#2641=DIRECTION('',(0.,0.,1.));
#2642=DIRECTION('center_axis',(0.,0.,1.));
#2643=DIRECTION('ref_axis',(0.,-1.,0.));
#2644=DIRECTION('',(0.,0.,-1.));
#2645=DIRECTION('center_axis',(-9.86830026696315E-17,-1.,0.));
#2646=DIRECTION('ref_axis',(1.,-9.86830026696315E-17,0.));
#2647=DIRECTION('',(1.,-9.86830026696315E-17,0.));
#2648=DIRECTION('',(0.,0.,1.));
#2649=DIRECTION('',(-1.,9.86830026696315E-17,0.));
#2650=DIRECTION('center_axis',(0.,0.,1.));
#2651=DIRECTION('ref_axis',(1.,8.08242361927113E-13,0.));
#2652=DIRECTION('center_axis',(0.,0.,1.));
#2653=DIRECTION('ref_axis',(1.,8.08242361927113E-13,0.));
#2654=DIRECTION('',(0.,0.,1.));
#2655=DIRECTION('center_axis',(0.,0.,-1.));
#2656=DIRECTION('ref_axis',(1.,8.08242361927113E-13,0.));
#2657=DIRECTION('center_axis',(-1.1897890080523E-12,-1.,0.));
#2658=DIRECTION('ref_axis',(1.,-1.1897890080523E-12,0.));
#2659=DIRECTION('',(-1.,1.1897890080523E-12,0.));
#2660=DIRECTION('',(1.,-1.1897890080523E-12,0.));
#2661=DIRECTION('',(0.,0.,1.));
#2662=DIRECTION('center_axis',(0.,0.,1.));
#2663=DIRECTION('ref_axis',(-8.01136934569512E-12,-1.,0.));
#2664=DIRECTION('center_axis',(0.,0.,-1.));
#2665=DIRECTION('ref_axis',(-8.01136934569512E-12,-1.,0.));
#2666=DIRECTION('center_axis',(0.,0.,1.));
#2667=DIRECTION('ref_axis',(-8.01136934569512E-12,-1.,0.));
#2668=DIRECTION('center_axis',(0.,1.,0.));
#2669=DIRECTION('ref_axis',(0.,0.,1.));
#2670=DIRECTION('center_axis',(0.,1.,0.));
#2671=DIRECTION('ref_axis',(-1.,0.,0.));
#2672=DIRECTION('center_axis',(-1.,0.,0.));
#2673=DIRECTION('ref_axis',(0.,0.,-1.));
#2674=DIRECTION('center_axis',(0.,-1.,0.));
#2675=DIRECTION('ref_axis',(-1.,0.,0.));
#2676=DIRECTION('center_axis',(0.,1.,0.));
#2677=DIRECTION('ref_axis',(-1.,0.,0.));
#2678=DIRECTION('center_axis',(0.,-1.,0.));
#2679=DIRECTION('ref_axis',(-1.,0.,0.));
#2680=DIRECTION('',(1.,0.,0.));
#2681=DIRECTION('',(0.,0.,-1.));
#2682=DIRECTION('',(1.,0.,0.));
#2683=DIRECTION('center_axis',(0.,1.,0.));
#2684=DIRECTION('ref_axis',(-0.707106781186546,0.,0.707106781186549));
#2685=DIRECTION('',(0.,0.,-1.));
#2686=DIRECTION('center_axis',(0.,-1.,0.));
#2687=DIRECTION('ref_axis',(0.707106781186546,0.,-0.707106781186549));
#2688=DIRECTION('',(1.,0.,0.));
#2689=DIRECTION('center_axis',(0.,-1.,0.));
#2690=DIRECTION('ref_axis',(-0.707106781186546,3.14018491736756E-15,-0.707106781186549));
#2691=DIRECTION('',(0.,0.,-1.));
#2692=DIRECTION('center_axis',(0.,1.,0.));
#2693=DIRECTION('ref_axis',(0.707106781186546,-3.14018491736756E-15,0.707106781186549));
#2694=DIRECTION('',(1.,0.,0.));
#2695=DIRECTION('',(0.,0.,-1.));
#2696=DIRECTION('center_axis',(0.,-1.,0.));
#2697=DIRECTION('ref_axis',(-1.,0.,0.));
#2698=DIRECTION('center_axis',(0.,1.,0.));
#2699=DIRECTION('ref_axis',(0.,0.,1.));
#2700=DIRECTION('center_axis',(0.,1.,0.));
#2701=DIRECTION('ref_axis',(-1.,0.,0.));
#2702=DIRECTION('center_axis',(-1.,0.,0.));
#2703=DIRECTION('ref_axis',(0.,0.,-1.));
#2704=DIRECTION('center_axis',(0.,1.,0.));
#2705=DIRECTION('ref_axis',(-1.,0.,0.));
#2706=DIRECTION('center_axis',(0.,-1.,0.));
#2707=DIRECTION('ref_axis',(0.,0.,-1.));
#2708=DIRECTION('center_axis',(0.,-1.,0.));
#2709=DIRECTION('ref_axis',(-1.,0.,0.));
#2710=DIRECTION('center_axis',(-1.,0.,0.));
#2711=DIRECTION('ref_axis',(0.,0.,1.));
#2712=DIRECTION('center_axis',(0.,1.,0.));
#2713=DIRECTION('ref_axis',(-1.,0.,0.));
#2714=DIRECTION('center_axis',(0.,1.,0.));
#2715=DIRECTION('ref_axis',(1.,0.,0.));
#2716=DIRECTION('',(-1.,0.,0.));
#2717=DIRECTION('',(0.,0.,-1.));
#2718=DIRECTION('',(-1.,0.,0.));
#2719=DIRECTION('',(0.,0.,-1.));
#2720=DIRECTION('center_axis',(0.,1.,0.));
#2721=DIRECTION('ref_axis',(-1.,0.,0.));
#2722=DIRECTION('center_axis',(0.,-1.,0.));
#2723=DIRECTION('ref_axis',(0.,0.,-1.));
#2724=DIRECTION('center_axis',(0.,-1.,0.));
#2725=DIRECTION('ref_axis',(-1.,0.,0.));
#2726=DIRECTION('center_axis',(-1.,0.,0.));
#2727=DIRECTION('ref_axis',(0.,0.,1.));
#2728=DIRECTION('center_axis',(0.,-1.,0.));
#2729=DIRECTION('ref_axis',(0.,0.,-1.));
#2730=DIRECTION('center_axis',(-1.,0.,0.));
#2731=DIRECTION('ref_axis',(0.,0.,1.));
#2732=DIRECTION('center_axis',(0.,-1.,0.));
#2733=DIRECTION('ref_axis',(-1.,0.,0.));
#2734=DIRECTION('center_axis',(0.,-1.,0.));
#2735=DIRECTION('ref_axis',(0.,0.,-1.));
#2736=DIRECTION('center_axis',(0.,-1.,0.));
#2737=DIRECTION('ref_axis',(0.,0.,-1.));
#2738=DIRECTION('center_axis',(-1.,0.,0.));
#2739=DIRECTION('ref_axis',(0.,0.,1.));
#2740=DIRECTION('center_axis',(0.,-1.,0.));
#2741=DIRECTION('ref_axis',(-1.,0.,0.));
#2742=DIRECTION('center_axis',(0.,-1.,0.));
#2743=DIRECTION('ref_axis',(0.,0.,-1.));
#2744=DIRECTION('center_axis',(0.,-1.,0.));
#2745=DIRECTION('ref_axis',(0.,0.,-1.));
#2746=DIRECTION('center_axis',(0.,1.,0.));
#2747=DIRECTION('ref_axis',(-1.,0.,0.));
#2748=DIRECTION('center_axis',(-1.,0.,0.));
#2749=DIRECTION('ref_axis',(0.,0.,1.));
#2750=DIRECTION('center_axis',(0.,-1.,0.));
#2751=DIRECTION('ref_axis',(0.,0.,-1.));
#2752=DIRECTION('center_axis',(0.,-1.,0.));
#2753=DIRECTION('ref_axis',(0.,0.,-1.));
#2754=DIRECTION('center_axis',(0.,1.,0.));
#2755=DIRECTION('ref_axis',(-1.,0.,0.));
#2756=DIRECTION('center_axis',(-1.,0.,0.));
#2757=DIRECTION('ref_axis',(0.,0.,1.));
#2758=DIRECTION('center_axis',(0.,-1.,0.));
#2759=DIRECTION('ref_axis',(0.,0.,-1.));
#2760=DIRECTION('center_axis',(0.,0.,-1.));
#2761=DIRECTION('ref_axis',(-1.,0.,0.));
#2762=DIRECTION('',(-1.,1.23353753337039E-16,0.));
#2763=DIRECTION('center_axis',(0.,0.,1.));
#2764=DIRECTION('ref_axis',(-1.,1.42355638360404E-16,0.));
#2765=DIRECTION('',(-4.44053891278009E-16,-1.,0.));
#2766=DIRECTION('center_axis',(0.,0.,1.));
#2767=DIRECTION('ref_axis',(0.,-1.,0.));
#2768=DIRECTION('center_axis',(0.,0.,1.));
#2769=DIRECTION('ref_axis',(1.,0.,0.));
#2770=DIRECTION('',(1.66520209229253E-16,1.,0.));
#2771=DIRECTION('center_axis',(0.,0.,1.));
#2772=DIRECTION('ref_axis',(1.22475895894059E-16,1.,0.));
#2773=DIRECTION('center_axis',(0.,0.,1.));
#2774=DIRECTION('ref_axis',(0.,-1.,0.));
#2775=DIRECTION('',(0.,-1.,0.));
#2776=DIRECTION('center_axis',(0.,0.,1.));
#2777=DIRECTION('ref_axis',(-1.,3.55346736145335E-15,0.));
#2778=DIRECTION('center_axis',(0.,0.,1.));
#2779=DIRECTION('ref_axis',(0.,1.,0.));
#2780=DIRECTION('',(0.,1.,0.));
#2781=DIRECTION('center_axis',(0.,0.,1.));
#2782=DIRECTION('ref_axis',(1.,0.,0.));
#2783=DIRECTION('center_axis',(0.,0.,1.));
#2784=DIRECTION('ref_axis',(1.22475895894059E-16,1.,0.));
#2785=DIRECTION('center_axis',(0.,0.,-1.));
#2786=DIRECTION('ref_axis',(1.22475895894059E-16,1.,0.));
#2787=DIRECTION('',(0.,0.,1.));
#2788=DIRECTION('',(0.,0.,1.));
#2789=DIRECTION('center_axis',(1.,-1.66520209229253E-16,0.));
#2790=DIRECTION('ref_axis',(1.66520209229253E-16,1.,0.));
#2791=DIRECTION('',(-1.66520209229253E-16,-1.,0.));
#2792=DIRECTION('',(0.,0.,1.));
#2793=DIRECTION('center_axis',(0.,0.,1.));
#2794=DIRECTION('ref_axis',(1.,0.,0.));
#2795=DIRECTION('center_axis',(0.,0.,-1.));
#2796=DIRECTION('ref_axis',(1.,0.,0.));
#2797=DIRECTION('center_axis',(0.,0.,1.));
#2798=DIRECTION('ref_axis',(0.,-1.,0.));
#2799=DIRECTION('center_axis',(0.,0.,-1.));
#2800=DIRECTION('ref_axis',(0.,-1.,0.));
#2801=DIRECTION('',(0.,0.,1.));
#2802=DIRECTION('center_axis',(-1.,4.44053891278009E-16,0.));
#2803=DIRECTION('ref_axis',(-4.44053891278009E-16,-1.,0.));
#2804=DIRECTION('',(4.44053891278009E-16,1.,0.));
#2805=DIRECTION('',(0.,0.,1.));
#2806=DIRECTION('center_axis',(0.,0.,1.));
#2807=DIRECTION('ref_axis',(-1.,1.42355638360404E-16,0.));
#2808=DIRECTION('center_axis',(0.,0.,-1.));
#2809=DIRECTION('ref_axis',(-1.,1.42355638360404E-16,0.));
#2810=DIRECTION('',(0.,0.,1.));
#2811=DIRECTION('center_axis',(1.23353753337039E-16,1.,0.));
#2812=DIRECTION('ref_axis',(-1.,1.23353753337039E-16,0.));
#2813=DIRECTION('',(1.,-1.23353753337039E-16,0.));
#2814=DIRECTION('center_axis',(0.,0.,-1.));
#2815=DIRECTION('ref_axis',(1.,0.,0.));
#2816=DIRECTION('',(0.,0.,-1.));
#2817=DIRECTION('center_axis',(0.,0.,-1.));
#2818=DIRECTION('ref_axis',(-0.707106781186547,0.707106781186548,0.));
#2819=DIRECTION('',(0.,0.,1.));
#2820=DIRECTION('center_axis',(0.,0.,1.));
#2821=DIRECTION('ref_axis',(-1.,0.,0.));
#2822=DIRECTION('center_axis',(0.,-1.,0.));
#2823=DIRECTION('ref_axis',(-1.,0.,0.));
#2824=DIRECTION('',(1.,0.,0.));
#2825=DIRECTION('',(0.,0.,-1.));
#2826=DIRECTION('',(1.,0.,0.));
#2827=DIRECTION('',(0.,0.,-1.));
#2828=DIRECTION('',(1.,0.,0.));
#2829=DIRECTION('',(0.,0.,-1.));
#2830=DIRECTION('',(1.,0.,0.));
#2831=DIRECTION('',(0.,0.,-1.));
#2832=DIRECTION('',(1.,0.,0.));
#2833=DIRECTION('',(0.,0.,1.));
#2834=DIRECTION('',(1.,0.,0.));
#2835=DIRECTION('',(-1.,0.,0.));
#2836=DIRECTION('',(0.,0.,1.));
#2837=DIRECTION('center_axis',(0.,0.,-1.));
#2838=DIRECTION('ref_axis',(-1.,3.55346736145335E-15,0.));
#2839=DIRECTION('',(0.,0.,-1.));
#2840=DIRECTION('center_axis',(0.,0.,1.));
#2841=DIRECTION('ref_axis',(-1.,3.55346736145335E-15,0.));
#2842=DIRECTION('center_axis',(-1.,0.,0.));
#2843=DIRECTION('ref_axis',(0.,1.,0.));
#2844=DIRECTION('',(0.,0.,-1.));
#2845=DIRECTION('',(0.,-1.,0.));
#2846=DIRECTION('center_axis',(0.,0.,-1.));
#2847=DIRECTION('ref_axis',(0.,-1.,0.));
#2848=DIRECTION('center_axis',(0.,0.,1.));
#2849=DIRECTION('ref_axis',(0.,-1.,0.));
#2850=DIRECTION('center_axis',(-2.10936705139867E-8,1.,0.));
#2851=DIRECTION('ref_axis',(-1.,-2.10936705139867E-8,0.));
#2852=DIRECTION('',(-1.,-2.10936705139867E-8,0.));
#2853=DIRECTION('',(0.,0.,1.));
#2854=DIRECTION('',(1.,2.10936705139867E-8,0.));
#2855=DIRECTION('',(0.,0.,1.));
#2856=DIRECTION('center_axis',(0.,0.,1.));
#2857=DIRECTION('ref_axis',(-3.23067402305672E-15,1.,0.));
#2858=DIRECTION('center_axis',(0.,0.,1.));
#2859=DIRECTION('ref_axis',(-3.23067402305672E-15,1.,0.));
#2860=DIRECTION('',(0.,0.,1.));
#2861=DIRECTION('center_axis',(0.,0.,-1.));
#2862=DIRECTION('ref_axis',(-3.23067402305672E-15,1.,0.));
#2863=DIRECTION('center_axis',(1.,0.,0.));
#2864=DIRECTION('ref_axis',(0.,1.,0.));
#2865=DIRECTION('',(0.,1.,0.));
#2866=DIRECTION('',(0.,0.,1.));
#2867=DIRECTION('',(0.,-1.,0.));
#2868=DIRECTION('center_axis',(1.,0.,0.));
#2869=DIRECTION('ref_axis',(0.,1.,0.));
#2870=DIRECTION('',(0.,1.,0.));
#2871=DIRECTION('',(0.,0.,1.));
#2872=DIRECTION('',(0.,-1.,0.));
#2873=DIRECTION('center_axis',(0.,0.,1.));
#2874=DIRECTION('ref_axis',(1.,0.,0.));
#2875=DIRECTION('center_axis',(0.,0.,1.));
#2876=DIRECTION('ref_axis',(1.,0.,0.));
#2877=DIRECTION('',(0.,0.,1.));
#2878=DIRECTION('center_axis',(0.,0.,-1.));
#2879=DIRECTION('ref_axis',(1.,0.,0.));
#2880=DIRECTION('center_axis',(-2.10936705139867E-8,-1.,0.));
#2881=DIRECTION('ref_axis',(1.,-2.10936705139867E-8,0.));
#2882=DIRECTION('',(1.,-2.10936705139867E-8,0.));
#2883=DIRECTION('',(0.,0.,1.));
#2884=DIRECTION('',(-1.,2.10936705139867E-8,0.));
#2885=DIRECTION('center_axis',(0.,0.,-1.));
#2886=DIRECTION('ref_axis',(-1.,0.,0.));
#2887=DIRECTION('',(-1.,0.,0.));
#2888=DIRECTION('center_axis',(0.,0.,-1.));
#2889=DIRECTION('ref_axis',(-1.,0.,0.));
#2890=DIRECTION('',(0.,-1.,0.));
#2891=DIRECTION('center_axis',(0.,0.,-1.));
#2892=DIRECTION('ref_axis',(0.,-1.,0.));
#2893=DIRECTION('',(0.,1.,0.));
#2894=DIRECTION('center_axis',(-1.,0.,0.));
#2895=DIRECTION('ref_axis',(0.,-1.,0.));
#2896=DIRECTION('',(0.,0.,-1.));
#2897=DIRECTION('center_axis',(-1.,0.,0.));
#2898=DIRECTION('ref_axis',(0.,-1.,1.38777175747132E-16));
#2899=DIRECTION('',(0.,-1.,0.));
#2900=DIRECTION('center_axis',(-1.,0.,0.));
#2901=DIRECTION('ref_axis',(0.,1.,8.57115592849438E-12));
#2902=DIRECTION('',(0.,0.,-1.));
#2903=DIRECTION('center_axis',(0.,0.,-1.));
#2904=DIRECTION('ref_axis',(-1.,0.,0.));
#2905=DIRECTION('',(0.,0.,-1.));
#2906=DIRECTION('center_axis',(0.,0.,-1.));
#2907=DIRECTION('ref_axis',(0.707106781136586,-0.707106781236509,0.));
#2908=DIRECTION('',(0.,0.,-1.));
#2909=DIRECTION('center_axis',(0.,1.,0.));
#2910=DIRECTION('ref_axis',(1.,0.,0.));
#2911=DIRECTION('',(0.,0.,1.));
#2912=DIRECTION('',(-1.,0.,0.));
#2913=DIRECTION('',(0.,0.,-1.));
#2914=DIRECTION('',(-1.,0.,0.));
#2915=DIRECTION('',(0.,0.,-1.));
#2916=DIRECTION('',(-1.,0.,0.));
#2917=DIRECTION('center_axis',(0.,-1.,0.));
#2918=DIRECTION('ref_axis',(0.707106781186546,-3.14018491736756E-15,0.707106781186549));
#2919=DIRECTION('',(0.,0.,-1.));
#2920=DIRECTION('center_axis',(0.,1.,0.));
#2921=DIRECTION('ref_axis',(-0.707106781186546,3.14018491736756E-15,-0.707106781186549));
#2922=DIRECTION('',(-1.,0.,0.));
#2923=DIRECTION('center_axis',(0.,1.,0.));
#2924=DIRECTION('ref_axis',(0.707106781186546,0.,-0.707106781186549));
#2925=DIRECTION('',(0.,0.,-1.));
#2926=DIRECTION('center_axis',(0.,-1.,0.));
#2927=DIRECTION('ref_axis',(-0.707106781186546,0.,0.707106781186549));
#2928=DIRECTION('',(-1.,0.,0.));
#2929=DIRECTION('',(0.,0.,-1.));
#2930=DIRECTION('',(-1.,0.,0.));
#2931=DIRECTION('',(0.,0.,1.));
#2932=DIRECTION('',(-1.,0.,0.));
#2933=DIRECTION('',(1.,-9.86830026696315E-17,0.));
#2934=DIRECTION('center_axis',(0.,0.,-1.));
#2935=DIRECTION('ref_axis',(0.,1.,0.));
#2936=DIRECTION('',(0.,0.,1.));
#2937=DIRECTION('center_axis',(0.,0.,-1.));
#2938=DIRECTION('ref_axis',(-0.707106781186547,-0.707106781186547,0.));
#2939=DIRECTION('center_axis',(0.,0.,1.));
#2940=DIRECTION('ref_axis',(0.,-1.,0.));
#2941=DIRECTION('center_axis',(0.999994939171703,0.00318145108114375,0.));
#2942=DIRECTION('ref_axis',(0.00224962563349372,-0.707103202640538,0.707106781186549));
#2943=DIRECTION('',(-0.999994939171703,-0.00318145108114375,0.));
#2944=DIRECTION('',(0.999994939171703,0.00318145108114375,0.));
#2945=DIRECTION('center_axis',(0.,0.,-1.));
#2946=DIRECTION('ref_axis',(0.,1.,0.));
#2947=DIRECTION('center_axis',(0.,0.,1.));
#2948=DIRECTION('ref_axis',(0.,1.,0.));
#2949=DIRECTION('',(0.,0.,-1.));
#2950=DIRECTION('',(0.,0.,-1.));
#2951=DIRECTION('center_axis',(0.00318145108114375,-0.999994939171703,0.));
#2952=DIRECTION('ref_axis',(-0.999994939171703,-0.00318145108114375,0.));
#2953=DIRECTION('',(0.,0.,-1.));
#2954=DIRECTION('',(-0.999994939171703,-0.00318145108114375,0.));
#2955=DIRECTION('',(0.,0.,-1.));
#2956=DIRECTION('',(0.,0.,-1.));
#2957=DIRECTION('',(-0.999994939171703,-0.00318145108114375,0.));
#2958=DIRECTION('center_axis',(-0.999994939171703,0.00318145108114796,0.));
#2959=DIRECTION('ref_axis',(0.00224962563348744,0.70710320264054,0.707106781186548));
#2960=DIRECTION('',(0.999994939171703,-0.00318145108114796,0.));
#2961=DIRECTION('',(-0.999994939171703,0.00318145108114796,0.));
#2962=DIRECTION('center_axis',(0.,0.,-1.));
#2963=DIRECTION('ref_axis',(-1.,0.,0.));
#2964=DIRECTION('center_axis',(0.,0.,-1.));
#2965=DIRECTION('ref_axis',(-1.,0.,0.));
#2966=DIRECTION('',(0.,1.,0.));
#2967=DIRECTION('center_axis',(0.,0.,1.));
#2968=DIRECTION('ref_axis',(1.,0.,0.));
#2969=DIRECTION('center_axis',(0.,0.,-1.));
#2970=DIRECTION('ref_axis',(-1.,0.,0.));
#2971=DIRECTION('',(0.,0.,-1.));
#2972=DIRECTION('center_axis',(0.,0.,-1.));
#2973=DIRECTION('ref_axis',(1.,0.,0.));
#2974=DIRECTION('center_axis',(0.999994939171703,0.00318145108114375,0.));
#2975=DIRECTION('ref_axis',(-0.00224962563348743,0.707103202640542,-0.707106781186546));
#2976=DIRECTION('center_axis',(1.,0.,0.));
#2977=DIRECTION('ref_axis',(0.,1.,8.57115592849438E-12));
#2978=DIRECTION('',(0.999994939171703,0.00318145108114375,0.));
#2979=DIRECTION('center_axis',(0.,0.,1.));
#2980=DIRECTION('ref_axis',(1.,0.,0.));
#2981=DIRECTION('',(-0.999994939171703,0.00318145108114796,0.));
#2982=DIRECTION('',(0.,1.,0.));
#2983=DIRECTION('center_axis',(-0.999994939171703,0.00318145108114796,0.));
#2984=DIRECTION('ref_axis',(-0.0022496256335,-0.70710320264054,-0.707106781186547));
#2985=DIRECTION('',(0.999994939171703,-0.00318145108114796,0.));
#2986=DIRECTION('center_axis',(1.,0.,0.));
#2987=DIRECTION('ref_axis',(0.,-1.,1.38777175747132E-16));
#2988=DIRECTION('center_axis',(0.,-1.,0.));
#2989=DIRECTION('ref_axis',(-0.707106781186546,0.,0.707106781186549));
#2990=DIRECTION('',(0.,-1.,0.));
#2991=DIRECTION('center_axis',(-1.,0.,0.));
#2992=DIRECTION('ref_axis',(0.,1.,0.));
#2993=DIRECTION('',(0.,1.,0.));
#2994=DIRECTION('center_axis',(0.,-1.,0.));
#2995=DIRECTION('ref_axis',(0.707106781186546,0.,-0.707106781186549));
#2996=DIRECTION('',(0.,-1.,0.));
#2997=DIRECTION('center_axis',(0.,0.,1.));
#2998=DIRECTION('ref_axis',(1.,0.,0.));
#2999=DIRECTION('',(4.44089209850062E-15,1.,0.));
#3000=DIRECTION('center_axis',(4.44089209850062E-15,1.,0.));
#3001=DIRECTION('ref_axis',(-0.707106781186546,3.14018491736756E-15,-0.707106781186549));
#3002=DIRECTION('',(-4.44089209850062E-15,-1.,0.));
#3003=DIRECTION('center_axis',(4.44089209850062E-15,1.,0.));
#3004=DIRECTION('ref_axis',(0.707106781186546,-3.14018491736756E-15,0.707106781186549));
#3005=DIRECTION('',(4.44089209850062E-15,1.,0.));
#3006=DIRECTION('',(-4.44089209850062E-15,-1.,0.));
#3007=DIRECTION('center_axis',(0.,0.,-1.));
#3008=DIRECTION('ref_axis',(-1.,0.,0.));
#3009=DIRECTION('center_axis',(0.,0.,-1.));
#3010=DIRECTION('ref_axis',(0.,1.,0.));
#3011=DIRECTION('',(0.,1.,0.));
#3012=DIRECTION('center_axis',(0.,0.,-1.));
#3013=DIRECTION('ref_axis',(1.,0.,0.));
#3014=DIRECTION('center_axis',(0.,0.,-1.));
#3015=DIRECTION('ref_axis',(0.,-1.,0.));
#3016=DIRECTION('center_axis',(1.,0.,0.));
#3017=DIRECTION('ref_axis',(0.,1.,0.));
#3018=DIRECTION('',(0.,0.,1.));
#3019=DIRECTION('center_axis',(1.,-4.44089209850062E-15,0.));
#3020=DIRECTION('ref_axis',(-4.44089209850062E-15,-1.,0.));
#3021=DIRECTION('center_axis',(1.,0.,0.));
#3022=DIRECTION('ref_axis',(0.,0.707106781186546,0.707106781186549));
#3023=DIRECTION('center_axis',(1.,0.,0.));
#3024=DIRECTION('ref_axis',(0.,1.,0.));
#3025=DIRECTION('',(-1.,0.,0.));
#3026=DIRECTION('center_axis',(0.,0.,-1.));
#3027=DIRECTION('ref_axis',(0.707231794157794,0.706981746109719,0.));
#3028=DIRECTION('center_axis',(0.,0.,1.));
#3029=DIRECTION('ref_axis',(0.707106781136586,0.707106781236509,0.));
#3030=DIRECTION('center_axis',(0.,0.,-1.));
#3031=DIRECTION('ref_axis',(0.707106781136586,0.707106781236509,0.));
#3032=DIRECTION('center_axis',(0.,0.,-1.));
#3033=DIRECTION('ref_axis',(0.,-1.,0.));
#3034=DIRECTION('center_axis',(0.,1.,0.));
#3035=DIRECTION('ref_axis',(-0.707106781186548,0.,0.707106781186547));
#3036=DIRECTION('center_axis',(0.,1.,0.));
#3037=DIRECTION('ref_axis',(-1.,0.,0.));
#3038=DIRECTION('',(0.,-1.,0.));
#3039=DIRECTION('',(0.,1.,0.));
#3040=DIRECTION('center_axis',(0.,0.,-1.));
#3041=DIRECTION('ref_axis',(-1.,0.,0.));
#3042=DIRECTION('center_axis',(1.,0.,0.));
#3043=DIRECTION('ref_axis',(0.,1.,0.));
#3044=DIRECTION('center_axis',(0.,0.,1.));
#3045=DIRECTION('ref_axis',(-0.707106781186547,0.707106781186548,0.));
#3046=DIRECTION('center_axis',(1.,0.,0.));
#3047=DIRECTION('ref_axis',(0.,0.707106781186546,0.707106781186549));
#3048=DIRECTION('',(-1.,0.,0.));
#3049=DIRECTION('center_axis',(1.,0.,0.));
#3050=DIRECTION('ref_axis',(0.,-1.,0.));
#3051=DIRECTION('',(0.,-1.,0.));
#3052=DIRECTION('',(0.,0.,-1.));
#3053=DIRECTION('',(0.,1.,0.));
#3054=DIRECTION('',(0.,0.,1.));
#3055=DIRECTION('',(0.,0.,-1.));
#3056=DIRECTION('',(0.,1.,0.));
#3057=DIRECTION('',(0.,0.,1.));
#3058=DIRECTION('',(0.,1.,0.));
#3059=DIRECTION('',(0.,-1.,0.));
#3060=DIRECTION('center_axis',(-1.,0.,0.));
#3061=DIRECTION('ref_axis',(0.,-0.707106781186548,0.707106781186547));
#3062=DIRECTION('center_axis',(-1.,0.,0.));
#3063=DIRECTION('ref_axis',(0.,-1.,0.));
#3064=DIRECTION('',(1.,0.,0.));
#3065=DIRECTION('center_axis',(0.,0.,-1.));
#3066=DIRECTION('ref_axis',(-1.,0.,0.));
#3067=DIRECTION('center_axis',(0.,1.,0.));
#3068=DIRECTION('ref_axis',(-1.,0.,0.));
#3069=DIRECTION('center_axis',(0.,0.,1.));
#3070=DIRECTION('ref_axis',(-0.707106781186548,-0.707106781186548,0.));
#3071=DIRECTION('center_axis',(0.,1.,0.));
#3072=DIRECTION('ref_axis',(-0.707106781186548,0.,0.707106781186547));
#3073=DIRECTION('',(0.,-1.,0.));
#3074=DIRECTION('center_axis',(0.,0.,-1.));
#3075=DIRECTION('ref_axis',(0.707106781186541,-0.707106781186554,0.));
#3076=DIRECTION('center_axis',(0.,0.,1.));
#3077=DIRECTION('ref_axis',(0.707106781186541,-0.707106781186554,0.));
#3078=DIRECTION('',(0.,0.,1.));
#3079=DIRECTION('center_axis',(0.,0.,-1.));
#3080=DIRECTION('ref_axis',(0.707106781186541,-0.707106781186554,0.));
#3081=DIRECTION('',(0.,0.,-1.));
#3082=DIRECTION('center_axis',(0.,0.,-1.));
#3083=DIRECTION('ref_axis',(-1.,0.,0.));
#3084=DIRECTION('center_axis',(0.,0.,-1.));
#3085=DIRECTION('ref_axis',(-0.707106781186554,0.707106781186541,0.));
#3086=DIRECTION('',(1.11081202662651E-15,-1.,0.));
#3087=DIRECTION('',(-1.,-1.0095856554438E-15,0.));
#3088=DIRECTION('center_axis',(0.,0.,-1.));
#3089=DIRECTION('ref_axis',(5.92118946466749E-15,-1.,0.));
#3090=DIRECTION('',(0.,1.,0.));
#3091=DIRECTION('center_axis',(0.,0.,-1.));
#3092=DIRECTION('ref_axis',(0.707106781186543,0.707106781186552,0.));
#3093=DIRECTION('center_axis',(0.,0.,1.));
#3094=DIRECTION('ref_axis',(1.,0.,0.));
#3095=DIRECTION('center_axis',(1.0095856554438E-15,-1.,0.));
#3096=DIRECTION('ref_axis',(-1.,-1.0095856554438E-15,0.));
#3097=DIRECTION('',(-1.,-1.0095856554438E-15,0.));
#3098=DIRECTION('',(0.,0.,-1.));
#3099=DIRECTION('center_axis',(0.,0.,-1.));
#3100=DIRECTION('ref_axis',(-0.707106781186554,0.707106781186541,0.));
#3101=DIRECTION('center_axis',(0.,0.,1.));
#3102=DIRECTION('ref_axis',(-0.707106781186554,0.707106781186541,0.));
#3103=DIRECTION('',(0.,0.,-1.));
#3104=DIRECTION('',(0.,0.,1.));
#3105=DIRECTION('center_axis',(1.,1.11081202662651E-15,0.));
#3106=DIRECTION('ref_axis',(1.11081202662651E-15,-1.,0.));
#3107=DIRECTION('',(1.11081202662651E-15,-1.,0.));
#3108=DIRECTION('center_axis',(0.,0.,-1.));
#3109=DIRECTION('ref_axis',(0.707106781186543,0.707106781186552,0.));
#3110=DIRECTION('center_axis',(0.,0.,1.));
#3111=DIRECTION('ref_axis',(0.707106781186543,0.707106781186552,0.));
#3112=DIRECTION('',(0.,0.,1.));
#3113=DIRECTION('center_axis',(0.,0.,-1.));
#3114=DIRECTION('ref_axis',(-0.707106781186546,0.707106781186549,0.));
#3115=DIRECTION('center_axis',(0.,0.,1.));
#3116=DIRECTION('ref_axis',(-0.707106781186546,0.707106781186549,0.));
#3117=DIRECTION('',(0.,0.,-1.));
#3118=DIRECTION('center_axis',(0.,0.,-1.));
#3119=DIRECTION('ref_axis',(-0.707106781186546,0.707106781186549,0.));
#3120=DIRECTION('center_axis',(1.,0.,0.));
#3121=DIRECTION('ref_axis',(0.,-1.,0.));
#3122=DIRECTION('',(0.,-1.,0.));
#3123=DIRECTION('',(0.,0.,-1.));
#3124=DIRECTION('',(0.,-1.,0.));
#3125=DIRECTION('center_axis',(0.,0.,-1.));
#3126=DIRECTION('ref_axis',(-0.707106781186546,0.707106781186549,0.));
#3127=DIRECTION('center_axis',(0.,0.,1.));
#3128=DIRECTION('ref_axis',(-0.707106781186546,0.707106781186549,0.));
#3129=DIRECTION('center_axis',(0.,0.,-1.));
#3130=DIRECTION('ref_axis',(-0.707106781186546,0.707106781186549,0.));
#3131=DIRECTION('',(0.,0.,1.));
#3132=DIRECTION('center_axis',(0.,0.,-1.));
#3133=DIRECTION('ref_axis',(-0.707106781186548,-0.707106781186548,0.));
#3134=DIRECTION('center_axis',(0.,0.,1.));
#3135=DIRECTION('ref_axis',(-0.707106781186548,-0.707106781186548,0.));
#3136=DIRECTION('',(0.,0.,-1.));
#3137=DIRECTION('center_axis',(0.,0.,-1.));
#3138=DIRECTION('ref_axis',(-0.707106781186548,-0.707106781186548,0.));
#3139=DIRECTION('center_axis',(0.,1.,0.));
#3140=DIRECTION('ref_axis',(1.,0.,0.));
#3141=DIRECTION('',(1.,0.,0.));
#3142=DIRECTION('',(0.,0.,-1.));
#3143=DIRECTION('',(1.,0.,0.));
#3144=DIRECTION('center_axis',(0.,0.,-1.));
#3145=DIRECTION('ref_axis',(-0.707106781186548,-0.707106781186548,0.));
#3146=DIRECTION('center_axis',(0.,0.,1.));
#3147=DIRECTION('ref_axis',(-0.707106781186548,-0.707106781186548,0.));
#3148=DIRECTION('center_axis',(0.,0.,-1.));
#3149=DIRECTION('ref_axis',(-0.707106781186548,-0.707106781186548,0.));
#3150=DIRECTION('',(0.,0.,1.));
#3151=DIRECTION('center_axis',(0.,0.,-1.));
#3152=DIRECTION('ref_axis',(0.,-1.,0.));
#3153=DIRECTION('center_axis',(0.,0.,-1.));
#3154=DIRECTION('ref_axis',(0.,1.,0.));
#3155=DIRECTION('center_axis',(0.,0.,-1.));
#3156=DIRECTION('ref_axis',(0.,1.,0.));
#3157=DIRECTION('center_axis',(0.,0.,-1.));
#3158=DIRECTION('ref_axis',(0.,-1.,0.));
#3159=DIRECTION('center_axis',(0.,0.,-1.));
#3160=DIRECTION('ref_axis',(1.,0.,0.));
#3161=DIRECTION('center_axis',(0.,0.,-1.));
#3162=DIRECTION('ref_axis',(-1.,0.,0.));
#3163=DIRECTION('center_axis',(0.,0.,-1.));
#3164=DIRECTION('ref_axis',(1.,0.,0.));
#3165=DIRECTION('center_axis',(0.,0.,1.));
#3166=DIRECTION('ref_axis',(1.,0.,0.));
#3167=DIRECTION('',(0.,0.,1.));
#3168=DIRECTION('center_axis',(0.,0.,1.));
#3169=DIRECTION('ref_axis',(1.,0.,0.));
#3170=DIRECTION('center_axis',(1.,0.,0.));
#3171=DIRECTION('ref_axis',(0.,-1.,0.));
#3172=DIRECTION('',(0.,-1.,0.));
#3173=DIRECTION('',(0.,0.,-1.));
#3174=DIRECTION('',(0.,-1.,0.));
#3175=DIRECTION('center_axis',(0.,0.,-1.));
#3176=DIRECTION('ref_axis',(-5.92118946466749E-15,1.,0.));
#3177=DIRECTION('center_axis',(0.,0.,-1.));
#3178=DIRECTION('ref_axis',(-5.92118946466749E-15,1.,0.));
#3179=DIRECTION('center_axis',(0.,0.,-1.));
#3180=DIRECTION('ref_axis',(-5.92118946466749E-15,1.,0.));
#3181=DIRECTION('center_axis',(0.,0.,-1.));
#3182=DIRECTION('ref_axis',(-1.,0.,0.));
#3183=DIRECTION('center_axis',(0.,0.,-1.));
#3184=DIRECTION('ref_axis',(-1.,0.,0.));
#3185=DIRECTION('center_axis',(0.,0.,-1.));
#3186=DIRECTION('ref_axis',(1.,0.,0.));
#3187=DIRECTION('center_axis',(0.,0.,1.));
#3188=DIRECTION('ref_axis',(1.,0.,0.));
#3189=DIRECTION('',(0.,0.,1.));
#3190=DIRECTION('center_axis',(0.,0.,1.));
#3191=DIRECTION('ref_axis',(1.,0.,0.));
#3192=DIRECTION('center_axis',(-1.0095856554438E-15,-1.,0.));
#3193=DIRECTION('ref_axis',(-1.,1.0095856554438E-15,0.));
#3194=DIRECTION('',(-1.,1.0095856554438E-15,0.));
#3195=DIRECTION('',(0.,0.,-1.));
#3196=DIRECTION('',(-1.,1.0095856554438E-15,0.));
#3197=DIRECTION('center_axis',(0.,0.,-1.));
#3198=DIRECTION('ref_axis',(1.,-2.96059473233374E-15,0.));
#3199=DIRECTION('center_axis',(0.,0.,-1.));
#3200=DIRECTION('ref_axis',(1.,-2.96059473233374E-15,0.));
#3201=DIRECTION('center_axis',(0.,0.,-1.));
#3202=DIRECTION('ref_axis',(1.,-2.96059473233374E-15,0.));
#3203=DIRECTION('center_axis',(0.,0.,-1.));
#3204=DIRECTION('ref_axis',(-1.,0.,0.));
#3205=DIRECTION('center_axis',(0.,0.,-1.));
#3206=DIRECTION('ref_axis',(-1.,0.,0.));
#3207=DIRECTION('center_axis',(0.,0.,-1.));
#3208=DIRECTION('ref_axis',(1.,0.,0.));
#3209=DIRECTION('',(0.,0.,1.));
#3210=DIRECTION('center_axis',(0.,0.,1.));
#3211=DIRECTION('ref_axis',(1.,0.,0.));
#3212=DIRECTION('center_axis',(-1.,0.,0.));
#3213=DIRECTION('ref_axis',(0.,1.,0.));
#3214=DIRECTION('',(0.,0.,-1.));
#3215=DIRECTION('',(0.,1.,0.));
#3216=DIRECTION('center_axis',(0.,0.,-1.));
#3217=DIRECTION('ref_axis',(5.92118946466749E-15,-1.,0.));
#3218=DIRECTION('center_axis',(0.,0.,-1.));
#3219=DIRECTION('ref_axis',(5.92118946466749E-15,-1.,0.));
#3220=DIRECTION('center_axis',(0.,-1.,0.));
#3221=DIRECTION('ref_axis',(-1.,0.,0.));
#3222=DIRECTION('',(-1.,0.,0.));
#3223=DIRECTION('center_axis',(0.,0.,-1.));
#3224=DIRECTION('ref_axis',(-1.,0.,0.));
#3225=DIRECTION('center_axis',(0.,0.,-1.));
#3226=DIRECTION('ref_axis',(0.707231794157794,-0.706981746109719,0.));
#3227=DIRECTION('center_axis',(-1.,0.,0.));
#3228=DIRECTION('ref_axis',(0.,-1.,0.));
#3229=DIRECTION('center_axis',(0.,0.,1.));
#3230=DIRECTION('ref_axis',(0.707106781136586,-0.707106781236509,0.));
#3231=DIRECTION('center_axis',(-1.,0.,0.));
#3232=DIRECTION('ref_axis',(0.,-0.707106781186548,0.707106781186547));
#3233=DIRECTION('',(1.,0.,0.));
#3234=DIRECTION('center_axis',(0.,0.,-1.));
#3235=DIRECTION('ref_axis',(0.707106781186553,0.707106781186542,0.));
#3236=DIRECTION('center_axis',(0.,0.,1.));
#3237=DIRECTION('ref_axis',(0.707106781186553,0.707106781186542,0.));
#3238=DIRECTION('',(0.,0.,1.));
#3239=DIRECTION('center_axis',(0.,0.,-1.));
#3240=DIRECTION('ref_axis',(0.707106781186553,0.707106781186542,0.));
#3241=DIRECTION('',(0.,0.,-1.));
#3242=DIRECTION('center_axis',(0.,0.,-1.));
#3243=DIRECTION('ref_axis',(-1.,0.,0.));
#3244=DIRECTION('',(1.,0.,0.));
#3245=DIRECTION('center_axis',(0.,0.,-1.));
#3246=DIRECTION('ref_axis',(-1.,2.96059473233374E-15,0.));
#3247=DIRECTION('',(0.,1.,0.));
#3248=DIRECTION('center_axis',(0.,0.,1.));
#3249=DIRECTION('ref_axis',(0.707106781186548,-0.707106781186547,0.));
#3250=DIRECTION('',(0.999994939171703,-0.00318145108114796,0.));
#3251=DIRECTION('',(1.,5.92118946466749E-15,0.));
#3252=DIRECTION('center_axis',(0.,0.,1.));
#3253=DIRECTION('ref_axis',(-0.70710678118654,-0.707106781186555,0.));
#3254=DIRECTION('',(-1.48108270216867E-15,-1.,0.));
#3255=DIRECTION('center_axis',(0.,0.,1.));
#3256=DIRECTION('ref_axis',(1.,0.,0.));
#3257=DIRECTION('center_axis',(0.,1.,0.));
#3258=DIRECTION('ref_axis',(1.,0.,0.));
#3259=DIRECTION('',(1.,0.,0.));
#3260=DIRECTION('',(0.,0.,-1.));
#3261=DIRECTION('center_axis',(0.,0.,-1.));
#3262=DIRECTION('ref_axis',(-0.70710678118654,-0.707106781186555,0.));
#3263=DIRECTION('',(0.,0.,-1.));
#3264=DIRECTION('center_axis',(0.,0.,-1.));
#3265=DIRECTION('ref_axis',(-0.70710678118654,-0.707106781186555,0.));
#3266=DIRECTION('',(0.,0.,1.));
#3267=DIRECTION('center_axis',(-5.92118946466749E-15,1.,0.));
#3268=DIRECTION('ref_axis',(1.,5.92118946466749E-15,0.));
#3269=DIRECTION('',(0.,0.,-1.));
#3270=DIRECTION('center_axis',(0.,0.,-1.));
#3271=DIRECTION('ref_axis',(0.707106781186548,-0.707106781186547,0.));
#3272=DIRECTION('',(0.,0.,-1.));
#3273=DIRECTION('center_axis',(0.,0.,-1.));
#3274=DIRECTION('ref_axis',(0.707106781186548,-0.707106781186547,0.));
#3275=DIRECTION('center_axis',(-1.,0.,0.));
#3276=DIRECTION('ref_axis',(0.,1.,0.));
#3277=DIRECTION('',(0.,0.,-1.));
#3278=DIRECTION('',(0.,1.,0.));
#3279=DIRECTION('center_axis',(0.,0.,-1.));
#3280=DIRECTION('ref_axis',(1.,0.,0.));
#3281=DIRECTION('',(0.,0.,1.));
#3282=DIRECTION('center_axis',(0.,0.,-1.));
#3283=DIRECTION('ref_axis',(-1.,0.,0.));
#3284=DIRECTION('center_axis',(0.,0.,-1.));
#3285=DIRECTION('ref_axis',(1.,0.,0.));
#3286=DIRECTION('center_axis',(0.,0.,1.));
#3287=DIRECTION('ref_axis',(1.,0.,0.));
#3288=DIRECTION('',(0.,0.,1.));
#3289=DIRECTION('center_axis',(0.00318145108114796,0.999994939171703,0.));
#3290=DIRECTION('ref_axis',(0.999994939171703,-0.00318145108114796,0.));
#3291=DIRECTION('center_axis',(1.,-1.48108270216867E-15,0.));
#3292=DIRECTION('ref_axis',(-1.48108270216867E-15,-1.,0.));
#3293=DIRECTION('',(-1.48108270216867E-15,-1.,0.));
#3294=DIRECTION('center_axis',(0.,0.,-1.));
#3295=DIRECTION('ref_axis',(-1.,2.96059473233374E-15,0.));
#3296=DIRECTION('center_axis',(0.,0.,-1.));
#3297=DIRECTION('ref_axis',(-1.,2.96059473233374E-15,0.));
#3298=DIRECTION('center_axis',(0.,0.,-1.));
#3299=DIRECTION('ref_axis',(-1.,0.,0.));
#3300=CARTESIAN_POINT('',(0.,0.,0.));
#3301=CARTESIAN_POINT('Origin',(89.9457819303556,-10.700000126562,-13.5887212));
#3302=CARTESIAN_POINT('',(85.9674728181773,-10.2839993958422,-11.5887212));
#3303=CARTESIAN_POINT('',(89.9457819303556,-6.700000126562,-11.5887212));
#3304=CARTESIAN_POINT('Origin',(89.9457819303556,-10.700000126562,-11.5887212));
#3305=CARTESIAN_POINT('',(85.9674728181773,-10.2839993958422,-13.5887212));
#3306=CARTESIAN_POINT('',(85.9674728181773,-10.2839993958422,-13.5887212));
#3307=CARTESIAN_POINT('',(89.9457819303556,-6.700000126562,-13.5887212));
#3308=CARTESIAN_POINT('Origin',(89.9457819303556,-10.700000126562,-13.5887212));
#3309=CARTESIAN_POINT('',(89.9457819303556,-6.700000126562,-13.5887212));
#3310=CARTESIAN_POINT('Origin',(4.998409266409,-6.700000126562,-13.5887212));
#3311=CARTESIAN_POINT('',(95.001590733591,-6.70000018984301,-13.5887212));
#3312=CARTESIAN_POINT('',(95.001590733591,-6.700000126562,-13.5887212));
#3313=CARTESIAN_POINT('',(95.001590733591,-6.70000018984301,-11.5887212));
#3314=CARTESIAN_POINT('',(95.001590733591,-6.70000018984301,-13.5887212));
#3315=CARTESIAN_POINT('',(95.001590733591,-6.700000126562,-11.5887212));
#3316=CARTESIAN_POINT('Origin',(46.0542363694713,-10.700000126562,-13.5887212));
#3317=CARTESIAN_POINT('',(50.0325454816484,-10.2839993958308,-13.5887212));
#3318=CARTESIAN_POINT('',(46.0542363694713,-6.700000126562,-13.5887212));
#3319=CARTESIAN_POINT('Origin',(46.0542363694713,-10.700000126562,-13.5887212));
#3320=CARTESIAN_POINT('',(50.0325454816484,-10.2839993958308,-11.5887212));
#3321=CARTESIAN_POINT('',(50.0325454816484,-10.2839993958308,-13.5887212));
#3322=CARTESIAN_POINT('',(46.0542363694713,-6.700000126562,-11.5887212));
#3323=CARTESIAN_POINT('Origin',(46.0542363694713,-10.700000126562,-11.5887212));
#3324=CARTESIAN_POINT('',(46.0542363694713,-6.700000126562,-13.5887212));
#3325=CARTESIAN_POINT('Origin',(4.998409266409,-6.700000126562,-13.5887212));
#3326=CARTESIAN_POINT('',(4.998409266409,-6.700000189843,-11.5887212));
#3327=CARTESIAN_POINT('',(95.001590733591,-6.700000126562,-11.5887212));
#3328=CARTESIAN_POINT('',(4.998409266409,-6.700000189843,-13.5887212));
#3329=CARTESIAN_POINT('',(4.998409266409,-6.700000189843,-13.5887212));
#3330=CARTESIAN_POINT('',(95.001590733591,-6.700000126562,-13.5887212));
#3331=CARTESIAN_POINT('Origin',(80.0000091499099,-9.65999829976257,-13.5887212));
#3332=CARTESIAN_POINT('',(80.0000091499533,-15.6599982997626,-11.5887212));
#3333=CARTESIAN_POINT('Origin',(80.0000091499099,-9.65999829976257,-11.5887212));
#3334=CARTESIAN_POINT('',(80.0000091499533,-15.6599982997626,-13.5887212));
#3335=CARTESIAN_POINT('',(80.0000091499533,-15.6599982997626,-13.5887212));
#3336=CARTESIAN_POINT('Origin',(80.0000091499099,-9.65999829976257,-13.5887212));
#3337=CARTESIAN_POINT('Origin',(56.0000091498659,-15.659998299734,-13.5887212));
#3338=CARTESIAN_POINT('',(56.0000091498659,-15.659998299734,-13.5887212));
#3339=CARTESIAN_POINT('',(80.0000091499533,-15.6599982997626,-13.5887212));
#3340=CARTESIAN_POINT('',(56.0000091498659,-15.659998299734,-11.5887212));
#3341=CARTESIAN_POINT('',(80.0000091499533,-15.6599982997626,-11.5887212));
#3342=CARTESIAN_POINT('',(56.0000091498659,-15.659998299734,-13.5887212));
#3343=CARTESIAN_POINT('Origin',(56.000009149914,-9.65999829973401,-13.5887212));
#3344=CARTESIAN_POINT('Origin',(56.000009149914,-9.65999829973401,-13.5887212));
#3345=CARTESIAN_POINT('Origin',(56.000009149914,-9.65999829973401,-11.5887212));
#3346=CARTESIAN_POINT('Origin',(38.9992090291983,-2.7,-7.5887212));
#3347=CARTESIAN_POINT('',(38.9992090291983,-2.64285714285714,-6.35956377625004));
#3348=CARTESIAN_POINT('',(38.9992090291983,-2.64285714285714,-8.81787862374996));
#3349=CARTESIAN_POINT('Origin',(38.9992090291983,-2.64285714285714,-7.5887212));
#3350=CARTESIAN_POINT('',(38.9992090291983,-2.5,-9.00954159324994));
#3351=CARTESIAN_POINT('Origin',(38.9992090291983,-2.7,-9.00954159324994));
#3352=CARTESIAN_POINT('Origin',(38.9992090291983,-2.5,-7.5887212));
#3353=CARTESIAN_POINT('Origin',(38.9992090291983,-2.64285714285714,-7.5887212));
#3354=CARTESIAN_POINT('Origin',(95.001590733591,-2.5,-0.5887212));
#3355=CARTESIAN_POINT('',(4.998409266409,-2.50000012656201,-11.5887212));
#3356=CARTESIAN_POINT('',(95.001590733591,-2.50000012656201,-11.5887212));
#3357=CARTESIAN_POINT('',(72.5007953667955,-2.5,-11.5887212));
#3358=CARTESIAN_POINT('',(95.001590733591,-2.50000012656201,2.4112788));
#3359=CARTESIAN_POINT('',(95.001590733591,-2.50000012656201,-0.5887212));
#3360=CARTESIAN_POINT('',(89.000008786235,-2.5,2.4112788));
#3361=CARTESIAN_POINT('',(95.001590733591,-2.5,2.4112788));
#3362=CARTESIAN_POINT('',(87.000008786235,-2.5,0.4112788));
#3363=CARTESIAN_POINT('Origin',(89.000008786235,-2.5,0.4112788));
#3364=CARTESIAN_POINT('',(87.000008786235,-2.5,-6.5887212));
#3365=CARTESIAN_POINT('',(87.000008786235,-2.5,-0.5887212));
#3366=CARTESIAN_POINT('',(85.000008786235,-2.5,-8.5887212));
#3367=CARTESIAN_POINT('Origin',(85.000008786235,-2.5,-6.5887212));
#3368=CARTESIAN_POINT('',(51.0000087862349,-2.5,-8.5887212));
#3369=CARTESIAN_POINT('',(87.000008786235,-2.5,-8.5887212));
#3370=CARTESIAN_POINT('',(49.0000087862349,-2.5,-6.5887212));
#3371=CARTESIAN_POINT('Origin',(51.0000087862349,-2.4999999999998,-6.5887212));
#3372=CARTESIAN_POINT('',(49.0000087862349,-2.5,0.4112788));
#3373=CARTESIAN_POINT('',(49.0000087862349,-2.5,-0.5887212));
#3374=CARTESIAN_POINT('',(47.0000087862349,-2.5,2.4112788));
#3375=CARTESIAN_POINT('Origin',(47.0000087862349,-2.49999999999979,0.4112788));
#3376=CARTESIAN_POINT('',(4.998409266409,-2.50000012656201,2.4112788));
#3377=CARTESIAN_POINT('',(95.001590733591,-2.5,2.4112788));
#3378=CARTESIAN_POINT('',(4.998409266409,-2.50000012656201,-0.5887212));
#3379=CARTESIAN_POINT('',(14.998409266409,-2.5,-9.00954159324993));
#3380=CARTESIAN_POINT('Origin',(14.998409266409,-2.5,-7.5887212));
#3381=CARTESIAN_POINT('Origin',(14.998409266409,-2.7,-7.5887212));
#3382=CARTESIAN_POINT('',(14.998409266409,-2.64285714285714,-6.35956377625005));
#3383=CARTESIAN_POINT('',(14.998409266409,-2.64285714285714,-8.81787862374995));
#3384=CARTESIAN_POINT('Origin',(14.998409266409,-2.64285714285714,-7.5887212));
#3385=CARTESIAN_POINT('Origin',(14.998409266409,-2.7,-9.00954159324993));
#3386=CARTESIAN_POINT('Origin',(14.998409266409,-2.64285714285714,-7.5887212));
#3387=CARTESIAN_POINT('Origin',(14.998409266409,52.7,-7.5887212));
#3388=CARTESIAN_POINT('',(14.998409266409,52.6428571428572,-6.35956377625004));
#3389=CARTESIAN_POINT('Origin',(14.998409266409,52.6428571428572,-7.5887212));
#3390=CARTESIAN_POINT('',(14.998409266409,52.5,-6.16790080675006));
#3391=CARTESIAN_POINT('Origin',(14.998409266409,52.7,-6.16790080675006));
#3392=CARTESIAN_POINT('Origin',(14.998409266409,52.5,-7.5887212));
#3393=CARTESIAN_POINT('Origin',(4.998409266409,52.5,-0.5887212));
#3394=CARTESIAN_POINT('',(95.001590733591,52.500000126562,-11.5887212));
#3395=CARTESIAN_POINT('',(4.998409266409,52.500000126562,-11.5887212));
#3396=CARTESIAN_POINT('',(27.4992046332045,52.5,-11.5887212));
#3397=CARTESIAN_POINT('',(4.998409266409,52.500000126562,2.4112788));
#3398=CARTESIAN_POINT('',(4.998409266409,52.500000126562,-0.5887212));
#3399=CARTESIAN_POINT('',(95.001590733591,52.500000126562,2.4112788));
#3400=CARTESIAN_POINT('',(4.998409266409,52.5,2.4112788));
#3401=CARTESIAN_POINT('',(95.001590733591,52.500000126562,-0.5887212));
#3402=CARTESIAN_POINT('',(38.9992090291983,52.5,-6.16790080675006));
#3403=CARTESIAN_POINT('Origin',(38.9992090291983,52.5,-7.5887212));
#3404=CARTESIAN_POINT('Origin',(38.9992090291983,52.7,-7.5887212));
#3405=CARTESIAN_POINT('',(38.9992090291983,52.6428571428572,-6.35956377625004));
#3406=CARTESIAN_POINT('Origin',(38.9992090291983,52.6428571428572,-7.5887212));
#3407=CARTESIAN_POINT('Origin',(38.9992090291983,52.7,-6.16790080675006));
#3408=CARTESIAN_POINT('Origin',(38.9992090291983,52.5,-7.5887212));
#3409=CARTESIAN_POINT('',(38.9992090291983,53.,-6.8387212));
#3410=CARTESIAN_POINT('Origin',(38.9992090291983,52.5,-6.8387212));
#3411=CARTESIAN_POINT('Origin',(38.9992090291983,53.,-7.5887212));
#3412=CARTESIAN_POINT('Origin',(38.9992090291983,53.,-7.5887212));
#3413=CARTESIAN_POINT('Origin',(14.998409266409,52.5,-7.5887212));
#3414=CARTESIAN_POINT('',(14.998409266409,53.,-6.8387212));
#3415=CARTESIAN_POINT('Origin',(14.998409266409,52.5,-6.8387212));
#3416=CARTESIAN_POINT('Origin',(14.998409266409,53.,-7.5887212));
#3417=CARTESIAN_POINT('Origin',(14.998409266409,53.,-7.5887212));
#3418=CARTESIAN_POINT('Origin',(38.9992090291983,-2.5,-7.5887212));
#3419=CARTESIAN_POINT('',(38.9992090291983,-3.,-6.8387212));
#3420=CARTESIAN_POINT('Origin',(38.9992090291983,-3.,-7.5887212));
#3421=CARTESIAN_POINT('Origin',(38.9992090291983,-2.5,-6.8387212));
#3422=CARTESIAN_POINT('Origin',(38.9992090291983,-3.,-7.5887212));
#3423=CARTESIAN_POINT('Origin',(14.998409266409,-2.5,-7.5887212));
#3424=CARTESIAN_POINT('',(14.998409266409,-3.,-6.8387212));
#3425=CARTESIAN_POINT('Origin',(14.998409266409,-3.,-7.5887212));
#3426=CARTESIAN_POINT('Origin',(14.998409266409,-2.5,-6.8387212));
#3427=CARTESIAN_POINT('Origin',(14.998409266409,-3.,-7.5887212));
#3428=CARTESIAN_POINT('Origin',(50.,25.,-11.5887212));
#3429=CARTESIAN_POINT('',(95.001590733591,56.700000189843,-11.5887212));
#3430=CARTESIAN_POINT('',(4.998409266409,56.700000189843,-11.5887212));
#3431=CARTESIAN_POINT('',(4.998409266409,56.700000126562,-11.5887212));
#3432=CARTESIAN_POINT('',(-6.700000189843,45.001590733591,-11.5887212));
#3433=CARTESIAN_POINT('Origin',(4.998409266409,45.001590733591,-11.5887212));
#3434=CARTESIAN_POINT('',(-6.70000018984301,4.998409266409,-11.5887212));
#3435=CARTESIAN_POINT('',(-6.70000012656201,4.998409266409,-11.5887212));
#3436=CARTESIAN_POINT('Origin',(4.998409266409,4.998409266409,-11.5887212));
#3437=CARTESIAN_POINT('',(106.699998903276,4.998409266409,-11.5887212));
#3438=CARTESIAN_POINT('Origin',(95.001590733591,4.998409266409,-11.5887212));
#3439=CARTESIAN_POINT('',(106.699998903276,45.001590733591,-11.5887212));
#3440=CARTESIAN_POINT('',(106.699997553429,45.001590733591,-11.5887212));
#3441=CARTESIAN_POINT('Origin',(95.001590733591,45.001590733591,-11.5887212));
#3442=CARTESIAN_POINT('',(-2.50000012656201,4.998409266409,-11.5887212));
#3443=CARTESIAN_POINT('Origin',(4.998409266409,4.998409266409,-11.5887212));
#3444=CARTESIAN_POINT('',(-2.50000012656201,45.001590733591,-11.5887212));
#3445=CARTESIAN_POINT('',(-2.5,14.9992046332045,-11.5887212));
#3446=CARTESIAN_POINT('Origin',(4.998409266409,45.001590733591,-11.5887212));
#3447=CARTESIAN_POINT('',(102.499997553429,45.0079536601713,-11.5887212));
#3448=CARTESIAN_POINT('Origin',(95.001590733591,45.001590733591,-11.5887212));
#3449=CARTESIAN_POINT('',(102.499997553429,4.99204633982867,-11.5887212));
#3450=CARTESIAN_POINT('',(102.499997553429,14.9960231699143,-11.5887212));
#3451=CARTESIAN_POINT('Origin',(95.001590733591,4.998409266409,-11.5887212));
#3452=CARTESIAN_POINT('Origin',(95.001590733591,45.001590733591,-13.5887212));
#3453=CARTESIAN_POINT('',(95.001590733591,56.700000189843,-13.5887212));
#3454=CARTESIAN_POINT('',(106.699998903276,45.001590733591,-13.5887212));
#3455=CARTESIAN_POINT('Origin',(95.001590733591,45.001590733591,-13.5887212));
#3456=CARTESIAN_POINT('',(95.001590733591,56.700000189843,-13.5887212));
#3457=CARTESIAN_POINT('',(106.699998903276,45.001590733591,-13.5887212));
#3458=CARTESIAN_POINT('Origin',(106.699997553429,4.998409266409,-13.5887212));
#3459=CARTESIAN_POINT('',(106.699998903276,4.998409266409,-13.5887212));
#3460=CARTESIAN_POINT('',(106.699997553429,45.001590733591,-13.5887212));
#3461=CARTESIAN_POINT('',(106.699998903276,4.998409266409,-13.5887212));
#3462=CARTESIAN_POINT('Origin',(95.001590733591,4.998409266409,-13.5887212));
#3463=CARTESIAN_POINT('Origin',(95.001590733591,4.998409266409,-13.5887212));
#3464=CARTESIAN_POINT('Origin',(4.998409266409,4.998409266409,-13.5887212));
#3465=CARTESIAN_POINT('',(-6.70000018984301,4.998409266409,-13.5887212));
#3466=CARTESIAN_POINT('Origin',(4.998409266409,4.998409266409,-13.5887212));
#3467=CARTESIAN_POINT('',(-6.70000018984301,4.998409266409,-13.5887212));
#3468=CARTESIAN_POINT('Origin',(-6.700000126562,45.001590733591,-13.5887212));
#3469=CARTESIAN_POINT('',(-6.700000189843,45.001590733591,-13.5887212));
#3470=CARTESIAN_POINT('',(-6.70000012656201,4.998409266409,-13.5887212));
#3471=CARTESIAN_POINT('',(-6.700000189843,45.001590733591,-13.5887212));
#3472=CARTESIAN_POINT('Origin',(4.998409266409,45.001590733591,-13.5887212));
#3473=CARTESIAN_POINT('',(4.998409266409,56.700000189843,-13.5887212));
#3474=CARTESIAN_POINT('Origin',(4.998409266409,45.001590733591,-13.5887212));
#3475=CARTESIAN_POINT('',(4.998409266409,56.700000189843,-13.5887212));
#3476=CARTESIAN_POINT('Origin',(95.001590733591,56.700000126562,-13.5887212));
#3477=CARTESIAN_POINT('',(4.998409266409,56.700000126562,-13.5887212));
#3478=CARTESIAN_POINT('Origin',(4.998409266409,45.001590733591,-0.5887212));
#3479=CARTESIAN_POINT('',(4.998409266409,50.500000126562,-4.5887212));
#3480=CARTESIAN_POINT('',(4.998409266409,50.500000189843,-13.5887212));
#3481=CARTESIAN_POINT('',(4.998409266409,50.500000126562,-0.5887212));
#3482=CARTESIAN_POINT('',(-0.500000126562004,45.001590733591,-4.5887212));
#3483=CARTESIAN_POINT('Origin',(4.998409266409,45.001590733591,-4.5887212));
#3484=CARTESIAN_POINT('',(-0.500000189843002,45.001590733591,-13.5887212));
#3485=CARTESIAN_POINT('',(-0.500000126562004,45.001590733591,-0.5887212));
#3486=CARTESIAN_POINT('Origin',(4.998409266409,45.001590733591,-13.5887212));
#3487=CARTESIAN_POINT('Origin',(95.001590733591,50.5,-0.5887212));
#3488=CARTESIAN_POINT('',(10.998409456252,50.5000001275508,-11.5887212));
#3489=CARTESIAN_POINT('',(95.001590733591,50.500000189843,-11.5887212));
#3490=CARTESIAN_POINT('',(72.5007953667955,50.5,-11.5887212));
#3491=CARTESIAN_POINT('',(95.001590733591,50.500000126562,-4.5887212));
#3492=CARTESIAN_POINT('',(95.001590733591,50.500000126562,-0.5887212));
#3493=CARTESIAN_POINT('',(89.001590733591,50.5,-4.5887212));
#3494=CARTESIAN_POINT('',(95.6261931134742,50.5,-4.5887212));
#3495=CARTESIAN_POINT('',(89.001590733591,50.5,-0.5887212));
#3496=CARTESIAN_POINT('',(89.001590733591,50.5,-0.5887212));
#3497=CARTESIAN_POINT('',(95.001590733591,50.500000126562,-0.5887212));
#3498=CARTESIAN_POINT('',(4.998409266409,50.5,-0.5887212));
#3499=CARTESIAN_POINT('',(95.001590733591,50.500000126562,2.4112788));
#3500=CARTESIAN_POINT('',(95.001590733591,50.500000126562,-0.5887212));
#3501=CARTESIAN_POINT('',(4.998409266409,50.500000126562,2.4112788));
#3502=CARTESIAN_POINT('',(95.001590733591,50.5,2.4112788));
#3503=CARTESIAN_POINT('',(4.998409266409,50.500000126562,-0.5887212));
#3504=CARTESIAN_POINT('',(4.998409266409,50.500000126562,-0.5887212));
#3505=CARTESIAN_POINT('',(10.998409266409,50.5,-0.5887212));
#3506=CARTESIAN_POINT('',(4.998409266409,50.5,-0.5887212));
#3507=CARTESIAN_POINT('',(10.998409266409,50.5,-4.5887212));
#3508=CARTESIAN_POINT('',(10.998409266409,50.5,-0.5887212));
#3509=CARTESIAN_POINT('',(49.3753976201168,50.5,-4.5887212));
#3510=CARTESIAN_POINT('',(10.998409456252,50.5000001275508,-13.5887212));
#3511=CARTESIAN_POINT('',(52.8742063130419,50.500000126562,-13.5887212));
#3512=CARTESIAN_POINT('',(10.998409456252,50.5000001275508,-13.5887212));
#3513=CARTESIAN_POINT('Origin',(4.998409266409,45.001590733591,-0.5887212));
#3514=CARTESIAN_POINT('',(-2.50000012656201,45.001590733591,2.4112788));
#3515=CARTESIAN_POINT('',(-2.50000012656201,45.001590733591,-0.5887212));
#3516=CARTESIAN_POINT('Origin',(4.998409266409,45.001590733591,2.4112788));
#3517=CARTESIAN_POINT('Origin',(-2.5,4.998409266409,-0.5887212));
#3518=CARTESIAN_POINT('',(-2.50000012656201,4.998409266409,2.4112788));
#3519=CARTESIAN_POINT('',(-2.50000012656201,4.998409266409,-0.5887212));
#3520=CARTESIAN_POINT('',(-2.5,4.998409266409,2.4112788));
#3521=CARTESIAN_POINT('Origin',(4.998409266409,4.998409266409,-0.5887212));
#3522=CARTESIAN_POINT('Origin',(4.998409266409,4.998409266409,2.4112788));
#3523=CARTESIAN_POINT('Origin',(5.50000000000001,10.998409392971,-13.5887212));
#3524=CARTESIAN_POINT('',(5.50000000000001,10.998409456252,-13.5887212));
#3525=CARTESIAN_POINT('',(-0.500000000000007,10.998409266409,-13.5887212));
#3526=CARTESIAN_POINT('',(50.1250014820927,10.9984103342761,-13.5887212));
#3527=CARTESIAN_POINT('',(5.50000000000001,10.998409456252,-11.5887212));
#3528=CARTESIAN_POINT('',(5.50000000000001,10.998409456252,-13.5887212));
#3529=CARTESIAN_POINT('',(-0.500000000000007,10.998409266409,-11.5887212));
#3530=CARTESIAN_POINT('',(27.7500001476725,10.9984098623052,-11.5887212));
#3531=CARTESIAN_POINT('',(-0.500000000000007,10.998409266409,-13.5887212));
#3532=CARTESIAN_POINT('Origin',(5.50000000000002,5.50000000000002,-13.5887212));
#3533=CARTESIAN_POINT('',(10.9984094878925,5.50000000000002,-13.5887212));
#3534=CARTESIAN_POINT('Origin',(5.50000000000002,5.50000000000002,-13.5887212));
#3535=CARTESIAN_POINT('',(10.9984094878925,5.50000000000002,-11.5887212));
#3536=CARTESIAN_POINT('',(10.9984094878925,5.50000000000002,-13.5887212));
#3537=CARTESIAN_POINT('Origin',(5.50000000000002,5.50000000000002,-11.5887212));
#3538=CARTESIAN_POINT('Origin',(10.998409456252,-0.500000189843002,-13.5887212));
#3539=CARTESIAN_POINT('',(10.998409456252,-0.500000189843002,-13.5887212));
#3540=CARTESIAN_POINT('',(10.998409456252,0.374602158399746,-13.5887212));
#3541=CARTESIAN_POINT('',(10.998409456252,-0.500000189843002,-11.5887212));
#3542=CARTESIAN_POINT('',(10.998409456252,-0.500000189843002,-13.5887212));
#3543=CARTESIAN_POINT('',(10.998409456252,12.2499999050785,-11.5887212));
#3544=CARTESIAN_POINT('Origin',(10.998409456252,44.5,-13.5887212));
#3545=CARTESIAN_POINT('',(10.9984094878925,44.5,-13.5887212));
#3546=CARTESIAN_POINT('',(10.998409456252,22.8746022533212,-13.5887212));
#3547=CARTESIAN_POINT('',(10.9984094878925,44.5,-11.5887212));
#3548=CARTESIAN_POINT('',(10.9984094878925,44.5,-13.5887212));
#3549=CARTESIAN_POINT('',(10.998409456252,34.75,-11.5887212));
#3550=CARTESIAN_POINT('Origin',(5.50000000000002,44.5,-13.5887212));
#3551=CARTESIAN_POINT('',(5.50000000000001,39.001590543748,-13.5887212));
#3552=CARTESIAN_POINT('Origin',(5.50000000000002,44.5,-13.5887212));
#3553=CARTESIAN_POINT('',(5.50000000000001,39.001590543748,-11.5887212));
#3554=CARTESIAN_POINT('',(5.50000000000001,39.001590543748,-13.5887212));
#3555=CARTESIAN_POINT('Origin',(5.50000000000002,44.5,-11.5887212));
#3556=CARTESIAN_POINT('Origin',(-0.500000125573238,39.001590733591,-13.5887212));
#3557=CARTESIAN_POINT('',(-0.500000125573238,39.001590733591,-13.5887212));
#3558=CARTESIAN_POINT('',(47.1250019202975,39.0015897290049,-13.5887212));
#3559=CARTESIAN_POINT('',(-0.500000125573238,39.001590733591,-11.5887212));
#3560=CARTESIAN_POINT('',(-0.500000125573238,39.001590733591,-13.5887212));
#3561=CARTESIAN_POINT('',(24.7500000848858,39.0015902009758,-11.5887212));
#3562=CARTESIAN_POINT('Origin',(50.,25.,-11.5887212));
#3563=CARTESIAN_POINT('',(95.001590733591,-0.500000189843002,-11.5887212));
#3564=CARTESIAN_POINT('',(68.5000043931175,-0.499999999999998,-11.5887212));
#3565=CARTESIAN_POINT('',(100.500000252135,4.998409265632,-11.5887212));
#3566=CARTESIAN_POINT('Origin',(95.001590733591,4.998409266409,-11.5887212));
#3567=CARTESIAN_POINT('',(100.500000252135,45.001590734368,-11.5887212));
#3568=CARTESIAN_POINT('',(100.500000252135,35.000795367184,-11.5887212));
#3569=CARTESIAN_POINT('Origin',(95.001590733591,45.001590733591,-11.5887212));
#3570=CARTESIAN_POINT('',(-0.500000000000007,35.0007953667955,-11.5887212));
#3571=CARTESIAN_POINT('Origin',(100.500000252135,45.001590734368,-13.5887212));
#3572=CARTESIAN_POINT('',(100.500000252135,4.998409265632,-6.5887212));
#3573=CARTESIAN_POINT('',(100.500000252135,4.998409265632,-0.5887212));
#3574=CARTESIAN_POINT('',(100.500000252135,6.99841938731466,-8.5887212));
#3575=CARTESIAN_POINT('Origin',(100.500000252135,6.99841938731466,-6.5887212));
#3576=CARTESIAN_POINT('',(100.500000252135,43.0015806126853,-8.5887212));
#3577=CARTESIAN_POINT('',(100.500000252135,4.998409265632,-8.5887212));
#3578=CARTESIAN_POINT('',(100.500000252135,45.001590734368,-6.5887212));
#3579=CARTESIAN_POINT('Origin',(100.500000252135,43.0015806126853,-6.5887212));
#3580=CARTESIAN_POINT('',(100.500000252135,45.001590734368,-0.5887212));
#3581=CARTESIAN_POINT('Origin',(95.001590733591,4.998409266409,-0.5887212));
#3582=CARTESIAN_POINT('',(95.001590733591,-0.500000126561999,-4.5887212));
#3583=CARTESIAN_POINT('',(95.001590733591,-0.500000126561999,-0.5887212));
#3584=CARTESIAN_POINT('',(100.500000252135,4.998409265632,-4.5887212));
#3585=CARTESIAN_POINT('Origin',(95.001590733591,4.998409266409,-4.5887212));
#3586=CARTESIAN_POINT('',(100.500000252135,4.998409265632,-0.5887212));
#3587=CARTESIAN_POINT('Origin',(87.000008786235,-0.499999999999998,-0.5887212));
#3588=CARTESIAN_POINT('',(4.998409266409,-0.500000221483496,-13.5887212));
#3589=CARTESIAN_POINT('',(4.998409266409,-0.500000126561999,-4.5887212));
#3590=CARTESIAN_POINT('',(4.998409266409,-0.500000221483496,-13.5887212));
#3591=CARTESIAN_POINT('',(10.998409266409,-0.499999999999998,-4.5887212));
#3592=CARTESIAN_POINT('',(4.37380688652575,-0.499999999999998,-4.5887212));
#3593=CARTESIAN_POINT('',(10.998409266409,-0.499999999999998,-0.5887212));
#3594=CARTESIAN_POINT('',(10.998409266409,-0.499999999999998,-0.5887212));
#3595=CARTESIAN_POINT('',(4.998409266409,-0.500000126561999,-0.5887212));
#3596=CARTESIAN_POINT('',(95.001590733591,-0.499999999999998,-0.5887212));
#3597=CARTESIAN_POINT('',(4.998409266409,-0.500000126561995,2.4112788));
#3598=CARTESIAN_POINT('',(4.998409266409,-0.500000126561999,-0.5887212));
#3599=CARTESIAN_POINT('',(47.0000087862349,-0.499999999999998,2.4112788));
#3600=CARTESIAN_POINT('',(4.998409266409,-0.499999999999998,2.4112788));
#3601=CARTESIAN_POINT('',(49.0000087862349,-0.499999999999998,0.4112788));
#3602=CARTESIAN_POINT('Origin',(47.0000087862349,-0.499999999999821,0.4112788));
#3603=CARTESIAN_POINT('',(49.0000087862349,-0.499999999999998,-6.5887212));
#3604=CARTESIAN_POINT('',(49.0000087862349,-0.499999999999998,-0.5887212));
#3605=CARTESIAN_POINT('',(51.0000087862349,-0.499999999999998,-8.5887212));
#3606=CARTESIAN_POINT('Origin',(51.0000087862349,-0.499999999999838,-6.5887212));
#3607=CARTESIAN_POINT('',(85.000008786235,-0.499999999999998,-8.5887212));
#3608=CARTESIAN_POINT('',(49.0000087862349,-0.499999999999998,-8.5887212));
#3609=CARTESIAN_POINT('',(87.000008786235,-0.499999999999998,-6.5887212));
#3610=CARTESIAN_POINT('Origin',(85.000008786235,-0.499999999999998,-6.5887212));
#3611=CARTESIAN_POINT('',(87.000008786235,-0.499999999999998,0.4112788));
#3612=CARTESIAN_POINT('',(87.000008786235,-0.499999999999998,-0.5887212));
#3613=CARTESIAN_POINT('',(89.000008786235,-0.499999999999998,2.4112788));
#3614=CARTESIAN_POINT('Origin',(89.000008786235,-0.499999999999998,0.4112788));
#3615=CARTESIAN_POINT('',(95.001590733591,-0.500000126561999,2.4112788));
#3616=CARTESIAN_POINT('',(4.998409266409,-0.499999999999998,2.4112788));
#3617=CARTESIAN_POINT('',(95.001590733591,-0.500000126561999,-0.5887212));
#3618=CARTESIAN_POINT('',(95.001590733591,-0.500000126561999,-0.5887212));
#3619=CARTESIAN_POINT('',(89.001590733591,-0.499999999999998,-0.5887212));
#3620=CARTESIAN_POINT('',(95.001590733591,-0.499999999999998,-0.5887212));
#3621=CARTESIAN_POINT('',(89.001590733591,-0.499999999999998,-4.5887212));
#3622=CARTESIAN_POINT('',(89.001590733591,-0.499999999999998,-0.5887212));
#3623=CARTESIAN_POINT('',(91.6254021397963,-0.499999999999998,-4.5887212));
#3624=CARTESIAN_POINT('',(49.8742062181204,-0.500000189842997,-13.5887212));
#3625=CARTESIAN_POINT('Origin',(4.998409266409,4.998409266409,-0.5887212));
#3626=CARTESIAN_POINT('',(-0.500000189843002,4.998409266409,-13.5887212));
#3627=CARTESIAN_POINT('',(-0.500000126562004,4.998409266409,-4.5887212));
#3628=CARTESIAN_POINT('',(-0.500000189843002,4.998409266409,-13.5887212));
#3629=CARTESIAN_POINT('Origin',(4.998409266409,4.998409266409,-4.5887212));
#3630=CARTESIAN_POINT('Origin',(4.998409266409,4.998409266409,-13.5887212));
#3631=CARTESIAN_POINT('Origin',(75.212075239959,46.9211481525738,0.4112788));
#3632=CARTESIAN_POINT('',(102.499997553429,45.0079536601713,0.4112788));
#3633=CARTESIAN_POINT('',(102.226831152805,47.0070947119403,2.4112788));
#3634=CARTESIAN_POINT('Ctrl Pts',(102.499997553429,45.0079536601713,0.411278800000002));
#3635=CARTESIAN_POINT('Ctrl Pts',(102.499997553429,45.0079536601713,0.662537624911091));
#3636=CARTESIAN_POINT('Ctrl Pts',(102.50048202522,45.0582028927219,0.930519398248803));
#3637=CARTESIAN_POINT('Ctrl Pts',(102.496158548035,45.2624141191519,1.42334385822239));
#3638=CARTESIAN_POINT('Ctrl Pts',(102.490633228155,45.4163776107847,1.64817936976097));
#3639=CARTESIAN_POINT('Ctrl Pts',(102.462325996278,45.773704421949,2.0055505658824));
#3640=CARTESIAN_POINT('Ctrl Pts',(102.437263210724,46.0014196198391,2.16017291533322));
#3641=CARTESIAN_POINT('Ctrl Pts',(102.353966514157,46.4953957455867,2.36297098328909));
#3642=CARTESIAN_POINT('Ctrl Pts',(102.295006313284,46.7614796793124,2.4112788));
#3643=CARTESIAN_POINT('Ctrl Pts',(102.226831152805,47.0070947119403,2.41127880000001));
#3644=CARTESIAN_POINT('',(100.12382194099,47.0004040571495,2.4112788));
#3645=CARTESIAN_POINT('',(75.212075239959,46.9211481525738,2.4112788));
#3646=CARTESIAN_POINT('',(100.500000252135,45.001590734368,0.4112788));
#3647=CARTESIAN_POINT('Ctrl Pts',(100.12382194099,47.0004040571495,2.41127880000001));
#3648=CARTESIAN_POINT('Ctrl Pts',(100.217752646344,46.7596938394285,2.4112788));
#3649=CARTESIAN_POINT('Ctrl Pts',(100.299353047765,46.4951932453279,2.36467487268106));
#3650=CARTESIAN_POINT('Ctrl Pts',(100.414569948643,45.9999843839843,2.16309939737212));
#3651=CARTESIAN_POINT('Ctrl Pts',(100.449178032999,45.7696201132571,2.00785098917801));
#3652=CARTESIAN_POINT('Ctrl Pts',(100.487692080475,45.4102118068552,1.64840502285348));
#3653=CARTESIAN_POINT('Ctrl Pts',(100.495052675758,45.2562015756283,1.42362137506509));
#3654=CARTESIAN_POINT('Ctrl Pts',(100.500719794242,45.051893031202,0.930739438768893));
#3655=CARTESIAN_POINT('Ctrl Pts',(100.500000253124,45.0015907343963,0.662654480998721));
#3656=CARTESIAN_POINT('Ctrl Pts',(100.500000253124,45.0015907343963,0.411278800000002));
#3657=CARTESIAN_POINT('',(75.2184381421213,44.9211582742304,0.4112788));
#3658=CARTESIAN_POINT('Origin',(95.001590733591,45.001590733591,-0.5887212));
#3659=CARTESIAN_POINT('Origin',(95.001590733591,45.001590733591,2.4112788));
#3660=CARTESIAN_POINT('',(102.499997553429,45.0079536601713,-6.5887212));
#3661=CARTESIAN_POINT('',(102.499997553429,45.0079536601713,-0.5887212));
#3662=CARTESIAN_POINT('',(102.499997553429,45.0079536601713,-0.5887212));
#3663=CARTESIAN_POINT('Origin',(100.500000252135,45.0015907343932,-0.5887212));
#3664=CARTESIAN_POINT('',(100.500000252135,45.001590734368,-0.5887212));
#3665=CARTESIAN_POINT('',(100.500000252135,45.001590734368,-0.5887212));
#3666=CARTESIAN_POINT('',(100.,45.,-0.5887212));
#3667=CARTESIAN_POINT('',(102.499997553429,45.0079536601713,-0.5887212));
#3668=CARTESIAN_POINT('',(100.,45.,-3.72269579621546));
#3669=CARTESIAN_POINT('',(100.,45.,-0.5887212));
#3670=CARTESIAN_POINT('',(100.500000252135,45.001590734368,-4.5887212));
#3671=CARTESIAN_POINT('Ctrl Pts',(100.500000253124,45.0015907343963,-4.5887212));
#3672=CARTESIAN_POINT('Ctrl Pts',(100.500000253124,45.0015907343963,-4.46530787775172));
#3673=CARTESIAN_POINT('Ctrl Pts',(100.47110820883,45.0014988153056,-4.32005753316193));
#3674=CARTESIAN_POINT('Ctrl Pts',(100.376651867522,45.0011983055556,-4.0920192475963));
#3675=CARTESIAN_POINT('Ctrl Pts',(100.294374131815,45.0009365416396,-3.96888176061097));
#3676=CARTESIAN_POINT('Ctrl Pts',(100.149298104249,45.000474987019,-3.82380546557313));
#3677=CARTESIAN_POINT('Ctrl Pts',(100.076514669958,45.0002434289114,-3.76687151454767));
#3678=CARTESIAN_POINT('Ctrl Pts',(99.9999999999984,45.,-3.72269579621456));
#3679=CARTESIAN_POINT('',(100.500000252135,45.001590734368,-0.5887212));
#3680=CARTESIAN_POINT('',(100.968177636437,45.0030802253767,-6.5887212));
#3681=CARTESIAN_POINT('Origin',(97.3746317080123,3.00834240135382,0.4112788));
#3682=CARTESIAN_POINT('',(100.500000252135,4.998409265632,0.4112788));
#3683=CARTESIAN_POINT('',(100.12382194099,2.99959594285051,2.4112788));
#3684=CARTESIAN_POINT('Ctrl Pts',(100.500000253124,4.99840926560369,0.4112788));
#3685=CARTESIAN_POINT('Ctrl Pts',(100.500000253124,4.99840926560369,0.66265448099872));
#3686=CARTESIAN_POINT('Ctrl Pts',(100.500719794242,4.94810696879796,0.930739438768896));
#3687=CARTESIAN_POINT('Ctrl Pts',(100.495052675758,4.74379842437169,1.42362137506509));
#3688=CARTESIAN_POINT('Ctrl Pts',(100.487692080475,4.58978819314483,1.64840502285348));
#3689=CARTESIAN_POINT('Ctrl Pts',(100.449178032999,4.23037988674292,2.00785098917801));
#3690=CARTESIAN_POINT('Ctrl Pts',(100.414569948643,4.00001561601566,2.16309939737212));
#3691=CARTESIAN_POINT('Ctrl Pts',(100.299353047765,3.50480675467213,2.36467487268106));
#3692=CARTESIAN_POINT('Ctrl Pts',(100.217752646344,3.24030616057148,2.4112788));
#3693=CARTESIAN_POINT('Ctrl Pts',(100.12382194099,2.99959594285051,2.4112788));
#3694=CARTESIAN_POINT('',(102.226831152805,2.99290528805966,2.4112788));
#3695=CARTESIAN_POINT('',(97.3746317080123,3.00834240135382,2.4112788));
#3696=CARTESIAN_POINT('',(102.499997553429,4.99204633982867,0.4112788));
#3697=CARTESIAN_POINT('Ctrl Pts',(102.226831152805,2.99290528805966,2.4112788));
#3698=CARTESIAN_POINT('Ctrl Pts',(102.295006313284,3.2385203206876,2.4112788));
#3699=CARTESIAN_POINT('Ctrl Pts',(102.353966514157,3.50460425441331,2.36297098328908));
#3700=CARTESIAN_POINT('Ctrl Pts',(102.437263210724,3.99858038016085,2.16017291533321));
#3701=CARTESIAN_POINT('Ctrl Pts',(102.462325996278,4.22629557805101,2.0055505658824));
#3702=CARTESIAN_POINT('Ctrl Pts',(102.490633228155,4.58362238921528,1.64817936976097));
#3703=CARTESIAN_POINT('Ctrl Pts',(102.496158548035,4.73758588084804,1.42334385822239));
#3704=CARTESIAN_POINT('Ctrl Pts',(102.50048202522,4.9417971072781,0.930519398248802));
#3705=CARTESIAN_POINT('Ctrl Pts',(102.499997553429,4.99204633982867,0.662537624911089));
#3706=CARTESIAN_POINT('Ctrl Pts',(102.499997553429,4.99204633982866,0.4112788));
#3707=CARTESIAN_POINT('',(97.3809946101746,5.00833227969723,0.4112788));
#3708=CARTESIAN_POINT('Origin',(94.7500031698319,1.24920450664249,2.4112788));
#3709=CARTESIAN_POINT('Origin',(95.001590733591,4.998409266409,2.4112788));
#3710=CARTESIAN_POINT('',(89.000008786235,-0.625397746678753,2.4112788));
#3711=CARTESIAN_POINT('Origin',(95.001590733591,4.998409266409,2.4112788));
#3712=CARTESIAN_POINT('Origin',(95.001590733591,4.998409266409,-0.5887212));
#3713=CARTESIAN_POINT('',(100.500000252135,4.998409265632,-0.5887212));
#3714=CARTESIAN_POINT('',(100.500000252135,4.998409265632,-0.5887212));
#3715=CARTESIAN_POINT('Origin',(95.001590733591,4.998409266409,-0.5887212));
#3716=CARTESIAN_POINT('Origin',(100.974540538599,43.0030903470333,-6.5887212));
#3717=CARTESIAN_POINT('',(102.499997553429,43.0079435384635,-8.5887212));
#3718=CARTESIAN_POINT('Origin',(102.499997553429,43.0079435384635,-6.5887212));
#3719=CARTESIAN_POINT('',(100.974540538599,43.0030903470333,-8.5887212));
#3720=CARTESIAN_POINT('Origin',(101.499998902782,25.,-8.5887212));
#3721=CARTESIAN_POINT('',(102.499997553429,6.99205646153649,-8.5887212));
#3722=CARTESIAN_POINT('',(100.724540412532,6.99770502016331,-8.5887212));
#3723=CARTESIAN_POINT('',(102.499997553429,45.0079536601713,-8.5887212));
#3724=CARTESIAN_POINT('Origin',(100.724540412532,6.99770502016331,-6.5887212));
#3725=CARTESIAN_POINT('',(102.499997553429,4.99204633982867,-6.5887212));
#3726=CARTESIAN_POINT('',(100.71817751037,4.9977151418199,-6.5887212));
#3727=CARTESIAN_POINT('Origin',(102.499997553429,6.99205646153649,-6.5887212));
#3728=CARTESIAN_POINT('Origin',(89.000008786235,-0.625397746678753,0.4112788));
#3729=CARTESIAN_POINT('',(87.000008786235,-0.625397746678753,0.4112788));
#3730=CARTESIAN_POINT('Origin',(87.000008786235,-2.5,-0.5887212));
#3731=CARTESIAN_POINT('',(87.000008786235,-2.,-6.5887212));
#3732=CARTESIAN_POINT('Origin',(85.000008786235,-2.,-6.5887212));
#3733=CARTESIAN_POINT('',(85.000008786235,-2.,-8.5887212));
#3734=CARTESIAN_POINT('Origin',(68.000008786235,-1.5,-8.5887212));
#3735=CARTESIAN_POINT('',(51.0000087862349,-0.999999999999965,-8.5887212));
#3736=CARTESIAN_POINT('Origin',(51.0000087862349,-0.999999999999965,-6.5887212));
#3737=CARTESIAN_POINT('',(49.0000087862349,-0.999999999999956,-6.5887212));
#3738=CARTESIAN_POINT('Origin',(47.000008786235,12.25,0.4112788));
#3739=CARTESIAN_POINT('',(49.000008786235,12.25,0.4112788));
#3740=CARTESIAN_POINT('',(47.000008786235,12.25,2.4112788));
#3741=CARTESIAN_POINT('Origin',(49.9999986501523,25.,2.4112788));
#3742=CARTESIAN_POINT('',(-0.500000126562004,4.998409266409,2.4112788));
#3743=CARTESIAN_POINT('Origin',(4.998409266409,4.998409266409,2.4112788));
#3744=CARTESIAN_POINT('',(-0.500000126562004,45.001590733591,2.4112788));
#3745=CARTESIAN_POINT('',(-0.500000000000007,45.001590733591,2.4112788));
#3746=CARTESIAN_POINT('Origin',(4.998409266409,45.001590733591,2.4112788));
#3747=CARTESIAN_POINT('Origin',(95.001590733591,45.001590733591,2.4112788));
#3748=CARTESIAN_POINT('Origin',(102.499997553429,4.99204633982867,-13.5887212));
#3749=CARTESIAN_POINT('',(102.499997553429,4.99204633982867,-0.5887212));
#3750=CARTESIAN_POINT('Origin',(49.0000087862349,-0.499999999999998,-0.5887212));
#3751=CARTESIAN_POINT('Origin',(95.6261931134742,49.5,-4.5887212));
#3752=CARTESIAN_POINT('',(95.001590733591,49.5,-3.5887212));
#3753=CARTESIAN_POINT('Origin',(95.001590733591,49.5,-4.5887212));
#3754=CARTESIAN_POINT('',(91.2376587110908,49.5,-3.5887212));
#3755=CARTESIAN_POINT('',(95.6261931134742,49.5,-3.5887212));
#3756=CARTESIAN_POINT('Ctrl Pts',(91.2376587110908,49.5,-3.5887212));
#3757=CARTESIAN_POINT('Ctrl Pts',(91.0882360276084,49.6670596388236,-3.5887212));
#3758=CARTESIAN_POINT('Ctrl Pts',(90.924381464689,49.812885563376,-3.62868881165813));
#3759=CARTESIAN_POINT('Ctrl Pts',(90.5735740389048,50.0642605728826,-3.75136251914001));
#3760=CARTESIAN_POINT('Ctrl Pts',(90.386709541628,50.1694671989019,-3.83502095361935));
#3761=CARTESIAN_POINT('Ctrl Pts',(89.8052488594799,50.421045579847,-4.12318213204598));
#3762=CARTESIAN_POINT('Ctrl Pts',(89.3898022529832,50.5,-4.36458717477638));
#3763=CARTESIAN_POINT('Ctrl Pts',(89.001590733591,50.5,-4.5887212));
#3764=CARTESIAN_POINT('Origin',(95.001590733591,45.001590733591,-4.5887212));
#3765=CARTESIAN_POINT('',(99.5,45.,-3.5887212));
#3766=CARTESIAN_POINT('Ctrl Pts',(99.9999999999984,45.,-3.72269579621456));
#3767=CARTESIAN_POINT('Ctrl Pts',(99.9610116787112,45.,-3.70018587956416));
#3768=CARTESIAN_POINT('Ctrl Pts',(99.9211710304691,45.,-3.68078375466517));
#3769=CARTESIAN_POINT('Ctrl Pts',(99.7686641728321,45.,-3.61761334770508));
#3770=CARTESIAN_POINT('Ctrl Pts',(99.6234135305029,45.,-3.5887212));
#3771=CARTESIAN_POINT('Ctrl Pts',(99.4999999718653,45.,-3.5887212));
#3772=CARTESIAN_POINT('Origin',(95.001590733591,45.001590733591,-3.5887212));
#3773=CARTESIAN_POINT('Origin',(95.001590733591,45.001590733591,-4.5887212));
#3774=CARTESIAN_POINT('Origin',(95.001590733591,45.001590733591,-0.5887212));
#3775=CARTESIAN_POINT('Origin',(0.499999999999993,45.6261931134743,-4.5887212));
#3776=CARTESIAN_POINT('',(0.499999999999993,45.001590733591,-3.5887212));
#3777=CARTESIAN_POINT('Origin',(0.499999999999993,45.001590733591,-4.5887212));
#3778=CARTESIAN_POINT('',(0.499999999999993,41.2376587110908,-3.5887212));
#3779=CARTESIAN_POINT('',(0.499999999999993,45.6261931134743,-3.5887212));
#3780=CARTESIAN_POINT('',(-0.500000000000007,39.001590733591,-4.5887212));
#3781=CARTESIAN_POINT('Ctrl Pts',(0.499999999999993,41.2376587110908,-3.5887212));
#3782=CARTESIAN_POINT('Ctrl Pts',(0.332940361176434,41.0882360276084,-3.5887212));
#3783=CARTESIAN_POINT('Ctrl Pts',(0.187114436623983,40.924381464689,-3.62868881165813));
#3784=CARTESIAN_POINT('Ctrl Pts',(-0.0642605728826142,40.5735740389047,
-3.75136251914001));
#3785=CARTESIAN_POINT('Ctrl Pts',(-0.169467198901907,40.3867095416281,-3.83502095361935));
#3786=CARTESIAN_POINT('Ctrl Pts',(-0.42104557984698,39.8052488594799,-4.12318213204599));
#3787=CARTESIAN_POINT('Ctrl Pts',(-0.500000000000007,39.3898022529832,-4.36458717477638));
#3788=CARTESIAN_POINT('Ctrl Pts',(-0.500000000000007,39.001590733591,-4.5887212));
#3789=CARTESIAN_POINT('',(-0.500000000000007,45.6261931134743,-4.5887212));
#3790=CARTESIAN_POINT('Origin',(4.998409266409,45.001590733591,-4.5887212));
#3791=CARTESIAN_POINT('',(4.998409266409,49.500000253124,-3.5887212));
#3792=CARTESIAN_POINT('Origin',(4.998409266409,49.500000253124,-4.5887212));
#3793=CARTESIAN_POINT('Origin',(4.998409266409,45.001590733591,-3.5887212));
#3794=CARTESIAN_POINT('Origin',(49.3753976201168,49.5,-4.5887212));
#3795=CARTESIAN_POINT('',(8.76234128890923,49.5,-3.5887212));
#3796=CARTESIAN_POINT('Ctrl Pts',(10.998409266409,50.5,-4.5887212));
#3797=CARTESIAN_POINT('Ctrl Pts',(10.6101977470168,50.5,-4.36458717477638));
#3798=CARTESIAN_POINT('Ctrl Pts',(10.1947511405201,50.421045579847,-4.12318213204599));
#3799=CARTESIAN_POINT('Ctrl Pts',(9.61329045837198,50.1694671989019,-3.83502095361935));
#3800=CARTESIAN_POINT('Ctrl Pts',(9.42642596109529,50.0642605728826,-3.75136251914001));
#3801=CARTESIAN_POINT('Ctrl Pts',(9.07561853531101,49.812885563376,-3.62868881165813));
#3802=CARTESIAN_POINT('Ctrl Pts',(8.91176397239165,49.6670596388236,-3.5887212));
#3803=CARTESIAN_POINT('Ctrl Pts',(8.76234128890923,49.5,-3.5887212));
#3804=CARTESIAN_POINT('',(49.3753976201168,49.5,-3.5887212));
#3805=CARTESIAN_POINT('Origin',(-0.500000000000007,45.001590733591,-0.5887212));
#3806=CARTESIAN_POINT('',(-0.500000126562004,23.1253976201167,-13.5887212));
#3807=CARTESIAN_POINT('',(-0.500000000000007,39.001590733591,-0.5887212));
#3808=CARTESIAN_POINT('',(-0.500000000000007,39.001590733591,-0.5887212));
#3809=CARTESIAN_POINT('',(-0.500000126562004,45.001590733591,-0.5887212));
#3810=CARTESIAN_POINT('',(-0.500000000000007,4.998409266409,-0.5887212));
#3811=CARTESIAN_POINT('',(-0.500000126562004,45.001590733591,-0.5887212));
#3812=CARTESIAN_POINT('',(-0.500000126562004,4.998409266409,-0.5887212));
#3813=CARTESIAN_POINT('',(-0.500000126562004,4.998409266409,-0.5887212));
#3814=CARTESIAN_POINT('',(-0.500000000000007,10.998409266409,-0.5887212));
#3815=CARTESIAN_POINT('',(-0.500000000000007,4.998409266409,-0.5887212));
#3816=CARTESIAN_POINT('',(-0.500000000000007,10.998409266409,-4.5887212));
#3817=CARTESIAN_POINT('',(-0.500000000000007,10.998409266409,-0.5887212));
#3818=CARTESIAN_POINT('',(-0.500000000000007,24.3753976201168,-4.5887212));
#3819=CARTESIAN_POINT('',(-0.500000126562004,6.12380694374343,-13.5887212));
#3820=CARTESIAN_POINT('Origin',(4.37380688652575,0.500000000000002,-4.5887212));
#3821=CARTESIAN_POINT('',(4.998409266409,0.500000000000002,-3.5887212));
#3822=CARTESIAN_POINT('Origin',(4.998409266409,0.500000000000002,-4.5887212));
#3823=CARTESIAN_POINT('',(8.76234128890922,0.500000000000002,-3.5887212));
#3824=CARTESIAN_POINT('',(4.37380688652575,0.500000000000002,-3.5887212));
#3825=CARTESIAN_POINT('Ctrl Pts',(8.76234128890922,0.500000000000002,-3.5887212));
#3826=CARTESIAN_POINT('Ctrl Pts',(8.91176397239163,0.332940361176445,-3.5887212));
#3827=CARTESIAN_POINT('Ctrl Pts',(9.07561853531099,0.187114436623996,-3.62868881165813));
#3828=CARTESIAN_POINT('Ctrl Pts',(9.42642596109527,-0.0642605728826035,
-3.75136251914001));
#3829=CARTESIAN_POINT('Ctrl Pts',(9.61329045837196,-0.169467198901902,-3.83502095361935));
#3830=CARTESIAN_POINT('Ctrl Pts',(10.1947511405201,-0.421045579846973,-4.12318213204599));
#3831=CARTESIAN_POINT('Ctrl Pts',(10.6101977470168,-0.499999999999998,-4.36458717477638));
#3832=CARTESIAN_POINT('Ctrl Pts',(10.998409266409,-0.499999999999998,-4.5887212));
#3833=CARTESIAN_POINT('Origin',(4.998409266409,4.998409266409,-4.5887212));
#3834=CARTESIAN_POINT('',(0.499999746875999,4.998409266409,-3.5887212));
#3835=CARTESIAN_POINT('Origin',(0.499999746875999,4.998409266409,-4.5887212));
#3836=CARTESIAN_POINT('Origin',(4.998409266409,4.998409266409,-3.5887212));
#3837=CARTESIAN_POINT('Origin',(0.499999999999993,24.3753976201168,-4.5887212));
#3838=CARTESIAN_POINT('',(0.499999999999993,8.76234128890922,-3.5887212));
#3839=CARTESIAN_POINT('Ctrl Pts',(-0.500000000000007,10.998409266409,-4.5887212));
#3840=CARTESIAN_POINT('Ctrl Pts',(-0.500000000000007,10.6101977470168,-4.36458717477638));
#3841=CARTESIAN_POINT('Ctrl Pts',(-0.421045579846982,10.1947511405201,-4.12318213204599));
#3842=CARTESIAN_POINT('Ctrl Pts',(-0.169467198901911,9.61329045837196,-3.83502095361935));
#3843=CARTESIAN_POINT('Ctrl Pts',(-0.0642605728826119,9.42642596109527,
-3.75136251914001));
#3844=CARTESIAN_POINT('Ctrl Pts',(0.187114436623988,9.07561853531099,-3.62868881165813));
#3845=CARTESIAN_POINT('Ctrl Pts',(0.332940361176436,8.91176397239163,-3.5887212));
#3846=CARTESIAN_POINT('Ctrl Pts',(0.499999999999993,8.76234128890921,-3.5887212));
#3847=CARTESIAN_POINT('',(0.499999999999993,24.3753976201168,-3.5887212));
#3848=CARTESIAN_POINT('Origin',(97.5,43.001590733591,-0.5887212));
#3849=CARTESIAN_POINT('',(97.5,42.001590733591,-3.5887212));
#3850=CARTESIAN_POINT('',(98.5,43.001590733591,-3.5887212));
#3851=CARTESIAN_POINT('Origin',(97.5,43.001590733591,-3.5887212));
#3852=CARTESIAN_POINT('',(98.5,43.001590733591,-0.5887212));
#3853=CARTESIAN_POINT('',(98.5,43.001590733591,-0.5887212));
#3854=CARTESIAN_POINT('',(97.5,42.001590733591,-0.5887212));
#3855=CARTESIAN_POINT('Origin',(97.5,43.001590733591,-0.5887212));
#3856=CARTESIAN_POINT('',(97.5,42.001590733591,-0.5887212));
#3857=CARTESIAN_POINT('Origin',(96.2507954933575,46.2507954933575,-3.5887212));
#3858=CARTESIAN_POINT('',(98.5,44.,-3.5887212));
#3859=CARTESIAN_POINT('Origin',(99.5,44.,-3.5887212));
#3860=CARTESIAN_POINT('',(98.5,45.,-3.5887212));
#3861=CARTESIAN_POINT('',(95.001590733591,42.001590733591,-3.5887212));
#3862=CARTESIAN_POINT('',(100.5,42.001590733591,-3.5887212));
#3863=CARTESIAN_POINT('',(92.001590733591,45.001590733591,-3.5887212));
#3864=CARTESIAN_POINT('Origin',(95.001590733591,45.001590733591,-3.5887212));
#3865=CARTESIAN_POINT('',(92.001590733591,47.5,-3.5887212));
#3866=CARTESIAN_POINT('',(92.001590733591,45.001590733591,-3.5887212));
#3867=CARTESIAN_POINT('Origin',(89.001590733591,47.5,-3.5887212));
#3868=CARTESIAN_POINT('',(93.301590733591,45.001590733591,-3.5887212));
#3869=CARTESIAN_POINT('Origin',(95.001590733591,45.001590733591,-3.5887212));
#3870=CARTESIAN_POINT('Origin',(98.5,42.001590733591,-0.5887212));
#3871=CARTESIAN_POINT('',(95.001590733591,42.001590733591,-0.5887212));
#3872=CARTESIAN_POINT('',(100.5,42.001590733591,-0.5887212));
#3873=CARTESIAN_POINT('',(95.001590733591,42.001590733591,-0.5887212));
#3874=CARTESIAN_POINT('Origin',(99.5,44.,-0.5887212));
#3875=CARTESIAN_POINT('',(99.5,45.,-0.5887212));
#3876=CARTESIAN_POINT('',(98.5,44.,-0.5887212));
#3877=CARTESIAN_POINT('Origin',(99.5,44.,-0.5887212));
#3878=CARTESIAN_POINT('',(98.5,44.,-0.5887212));
#3879=CARTESIAN_POINT('',(99.5,45.,-0.5887212));
#3880=CARTESIAN_POINT('Origin',(98.5,45.,-0.5887212));
#3881=CARTESIAN_POINT('',(98.5,45.,-0.5887212));
#3882=CARTESIAN_POINT('Origin',(89.001590733591,47.5,-0.5887212));
#3883=CARTESIAN_POINT('',(92.001590733591,47.5,-0.5887212));
#3884=CARTESIAN_POINT('Origin',(89.001590733591,47.5,-0.5887212));
#3885=CARTESIAN_POINT('',(92.001590733591,47.5,-0.5887212));
#3886=CARTESIAN_POINT('Origin',(10.998409266409,47.5,-0.5887212));
#3887=CARTESIAN_POINT('',(7.99840926640902,47.5,-0.5887212));
#3888=CARTESIAN_POINT('Origin',(10.998409266409,47.5,-0.5887212));
#3889=CARTESIAN_POINT('',(7.99840926640902,47.5,-3.5887212));
#3890=CARTESIAN_POINT('',(7.99840926640902,47.5,-0.5887212));
#3891=CARTESIAN_POINT('Origin',(10.998409266409,47.5,-3.5887212));
#3892=CARTESIAN_POINT('Origin',(7.99840926640902,50.5,-0.5887212));
#3893=CARTESIAN_POINT('',(7.99840926640902,45.001590733591,-0.5887212));
#3894=CARTESIAN_POINT('',(7.99840926640902,50.5,-0.5887212));
#3895=CARTESIAN_POINT('',(7.99840926640902,45.001590733591,-3.5887212));
#3896=CARTESIAN_POINT('',(7.99840926640902,45.001590733591,-0.5887212));
#3897=CARTESIAN_POINT('',(7.99840926640902,50.5,-3.5887212));
#3898=CARTESIAN_POINT('Origin',(2.49999999999999,39.001590733591,-0.5887212));
#3899=CARTESIAN_POINT('',(2.5,42.001590733591,-0.5887212));
#3900=CARTESIAN_POINT('Origin',(2.49999999999999,39.001590733591,-0.5887212));
#3901=CARTESIAN_POINT('',(2.5,42.001590733591,-3.5887212));
#3902=CARTESIAN_POINT('Origin',(2.49999999999999,39.001590733591,-3.5887212));
#3903=CARTESIAN_POINT('',(2.5,42.001590733591,-0.5887212));
#3904=CARTESIAN_POINT('Origin',(2.49999999999999,10.998409266409,-0.5887212));
#3905=CARTESIAN_POINT('',(2.49999999999999,7.99840926640901,-0.5887212));
#3906=CARTESIAN_POINT('Origin',(2.49999999999999,10.998409266409,-0.5887212));
#3907=CARTESIAN_POINT('',(2.49999999999999,7.99840926640901,-3.5887212));
#3908=CARTESIAN_POINT('',(2.49999999999999,7.99840926640901,-0.5887212));
#3909=CARTESIAN_POINT('Origin',(2.49999999999999,10.998409266409,-3.5887212));
#3910=CARTESIAN_POINT('Origin',(-0.500000000000007,7.99840926640901,-0.5887212));
#3911=CARTESIAN_POINT('',(4.99840926640898,7.99840926640901,-0.5887212));
#3912=CARTESIAN_POINT('',(-0.500000000000007,7.99840926640901,-0.5887212));
#3913=CARTESIAN_POINT('',(4.99840926640898,7.99840926640901,-3.5887212));
#3914=CARTESIAN_POINT('',(4.99840926640898,7.99840926640901,-0.5887212));
#3915=CARTESIAN_POINT('',(-0.500000000000007,7.99840926640901,-3.5887212));
#3916=CARTESIAN_POINT('Origin',(10.998409266409,2.5,-0.5887212));
#3917=CARTESIAN_POINT('',(7.99840926640901,2.5,-0.5887212));
#3918=CARTESIAN_POINT('Origin',(10.998409266409,2.5,-0.5887212));
#3919=CARTESIAN_POINT('',(7.99840926640901,2.5,-3.5887212));
#3920=CARTESIAN_POINT('Origin',(10.998409266409,2.5,-3.5887212));
#3921=CARTESIAN_POINT('',(7.99840926640901,2.5,-0.5887212));
#3922=CARTESIAN_POINT('Origin',(95.001590733591,45.001590733591,-0.5887212));
#3923=CARTESIAN_POINT('Origin',(95.001590733591,45.001590733591,-0.5887212));
#3924=CARTESIAN_POINT('Origin',(4.998409266409,4.998409266409,-0.5887212));
#3925=CARTESIAN_POINT('Origin',(4.998409266409,4.998409266409,-0.5887212));
#3926=CARTESIAN_POINT('Origin',(4.998409266409,45.001590733591,-0.5887212));
#3927=CARTESIAN_POINT('Origin',(4.998409266409,45.001590733591,-0.5887212));
#3928=CARTESIAN_POINT('Origin',(4.998409266409,4.998409266409,-0.5887212));
#3929=CARTESIAN_POINT('',(3.29840926640899,4.998409266409,-3.5887212));
#3930=CARTESIAN_POINT('Origin',(4.998409266409,4.998409266409,-3.5887212));
#3931=CARTESIAN_POINT('',(3.29840926640899,4.998409266409,-0.5887212));
#3932=CARTESIAN_POINT('',(3.29840926640899,4.998409266409,-0.5887212));
#3933=CARTESIAN_POINT('Origin',(4.998409266409,4.998409266409,-0.5887212));
#3934=CARTESIAN_POINT('Origin',(7.99840926640901,4.99840926640901,-0.5887212));
#3935=CARTESIAN_POINT('',(7.99840926640901,4.99840926640901,-3.5887212));
#3936=CARTESIAN_POINT('',(7.99840926640901,4.99840926640901,-3.5887212));
#3937=CARTESIAN_POINT('',(7.99840926640901,4.99840926640901,-0.5887212));
#3938=CARTESIAN_POINT('',(7.99840926640901,4.99840926640901,-0.5887212));
#3939=CARTESIAN_POINT('',(7.99840926640901,4.99840926640901,-0.5887212));
#3940=CARTESIAN_POINT('Origin',(4.998409266409,4.998409266409,-0.5887212));
#3941=CARTESIAN_POINT('Origin',(4.998409266409,4.998409266409,-0.5887212));
#3942=CARTESIAN_POINT('Origin',(4.998409266409,4.998409266409,-3.5887212));
#3943=CARTESIAN_POINT('Origin',(3.7492045066425,3.7492045066425,-3.5887212));
#3944=CARTESIAN_POINT('Origin',(3.7492045066425,3.7492045066425,-0.5887212));
#3945=CARTESIAN_POINT('Origin',(4.99840926640902,45.001590733591,-0.5887212));
#3946=CARTESIAN_POINT('',(3.29840926640901,45.001590733591,-3.5887212));
#3947=CARTESIAN_POINT('Origin',(4.99840926640902,45.001590733591,-3.5887212));
#3948=CARTESIAN_POINT('',(3.29840926640901,45.001590733591,-0.5887212));
#3949=CARTESIAN_POINT('',(3.29840926640901,45.001590733591,-0.5887212));
#3950=CARTESIAN_POINT('Origin',(4.99840926640902,45.001590733591,-0.5887212));
#3951=CARTESIAN_POINT('Origin',(4.998409266409,42.001590733591,-0.5887212));
#3952=CARTESIAN_POINT('',(4.998409266409,42.001590733591,-3.5887212));
#3953=CARTESIAN_POINT('',(4.998409266409,42.001590733591,-3.5887212));
#3954=CARTESIAN_POINT('',(4.998409266409,42.001590733591,-0.5887212));
#3955=CARTESIAN_POINT('',(4.998409266409,42.001590733591,-0.5887212));
#3956=CARTESIAN_POINT('',(4.998409266409,42.001590733591,-0.5887212));
#3957=CARTESIAN_POINT('Origin',(4.99840926640902,45.001590733591,-0.5887212));
#3958=CARTESIAN_POINT('Origin',(4.99840926640902,45.001590733591,-0.5887212));
#3959=CARTESIAN_POINT('Origin',(4.99840926640902,45.001590733591,-3.5887212));
#3960=CARTESIAN_POINT('Origin',(3.74920450664251,46.2507954933575,-3.5887212));
#3961=CARTESIAN_POINT('Origin',(3.74920450664251,46.2507954933575,-0.5887212));
#3962=CARTESIAN_POINT('Origin',(95.001590733591,45.001590733591,-0.5887212));
#3963=CARTESIAN_POINT('',(93.301590733591,45.001590733591,-0.5887212));
#3964=CARTESIAN_POINT('',(93.301590733591,45.001590733591,-0.5887212));
#3965=CARTESIAN_POINT('Origin',(95.001590733591,45.001590733591,-0.5887212));
#3966=CARTESIAN_POINT('Origin',(92.001590733591,45.001590733591,-0.5887212));
#3967=CARTESIAN_POINT('',(92.001590733591,45.001590733591,-0.5887212));
#3968=CARTESIAN_POINT('',(92.001590733591,45.001590733591,-0.5887212));
#3969=CARTESIAN_POINT('',(92.001590733591,45.001590733591,-0.5887212));
#3970=CARTESIAN_POINT('Origin',(95.001590733591,45.001590733591,-0.5887212));
#3971=CARTESIAN_POINT('Origin',(95.001590733591,45.001590733591,-0.5887212));
#3972=CARTESIAN_POINT('Origin',(100.,45.,-0.5887212));
#3973=CARTESIAN_POINT('',(100.,45.,-0.5887212));
#3974=CARTESIAN_POINT('Origin',(96.2507954933575,46.2507954933575,-0.5887212));
#3975=CARTESIAN_POINT('Origin',(95.001590733591,4.998409266409,-4.5887212));
#3976=CARTESIAN_POINT('',(99.9999999999999,5.,-3.72269579621543));
#3977=CARTESIAN_POINT('Ctrl Pts',(100.000000000001,5.,-3.72269579621589));
#3978=CARTESIAN_POINT('Ctrl Pts',(100.07651466996,4.99975657108858,-3.7668715145488));
#3979=CARTESIAN_POINT('Ctrl Pts',(100.149298104249,4.999525012981,-3.82380546557371));
#3980=CARTESIAN_POINT('Ctrl Pts',(100.294374131815,4.9990634583604,-3.96888176061097));
#3981=CARTESIAN_POINT('Ctrl Pts',(100.376651867522,4.99880169444444,-4.0920192475963));
#3982=CARTESIAN_POINT('Ctrl Pts',(100.47110820883,4.99850118469443,-4.32005753316193));
#3983=CARTESIAN_POINT('Ctrl Pts',(100.500000253124,4.99840926560369,-4.46530787775172));
#3984=CARTESIAN_POINT('Ctrl Pts',(100.500000253124,4.99840926560369,-4.5887212));
#3985=CARTESIAN_POINT('',(95.001590733591,0.499999746876001,-3.5887212));
#3986=CARTESIAN_POINT('Origin',(95.001590733591,0.499999746876001,-4.5887212));
#3987=CARTESIAN_POINT('',(99.5,5.,-3.5887212));
#3988=CARTESIAN_POINT('Origin',(95.001590733591,4.998409266409,-3.5887212));
#3989=CARTESIAN_POINT('Ctrl Pts',(99.4999999718653,5.,-3.5887212));
#3990=CARTESIAN_POINT('Ctrl Pts',(99.6234135305029,5.,-3.5887212034722));
#3991=CARTESIAN_POINT('Ctrl Pts',(99.7686641728321,5.,-3.61761334770508));
#3992=CARTESIAN_POINT('Ctrl Pts',(99.9211710304699,5.,-3.68078375466548));
#3993=CARTESIAN_POINT('Ctrl Pts',(99.9610116787128,5.,-3.70018587956493));
#3994=CARTESIAN_POINT('Ctrl Pts',(100.000000000001,5.,-3.72269579621589));
#3995=CARTESIAN_POINT('Origin',(91.6254021397963,0.500000000000002,-4.5887212));
#3996=CARTESIAN_POINT('',(91.2376587110908,0.500000000000002,-3.5887212));
#3997=CARTESIAN_POINT('Ctrl Pts',(89.001590733591,-0.499999999999998,-4.5887212));
#3998=CARTESIAN_POINT('Ctrl Pts',(89.3898022529832,-0.499999999999998,-4.36458717477638));
#3999=CARTESIAN_POINT('Ctrl Pts',(89.8052488594799,-0.42104557984697,-4.12318213204599));
#4000=CARTESIAN_POINT('Ctrl Pts',(90.386709541628,-0.1694671989019,-3.83502095361935));
#4001=CARTESIAN_POINT('Ctrl Pts',(90.5735740389047,-0.0642605728826055,
-3.75136251914001));
#4002=CARTESIAN_POINT('Ctrl Pts',(90.924381464689,0.187114436623991,-3.62868881165813));
#4003=CARTESIAN_POINT('Ctrl Pts',(91.0882360276084,0.332940361176445,-3.5887212));
#4004=CARTESIAN_POINT('Ctrl Pts',(91.2376587110908,0.500000000000002,-3.5887212));
#4005=CARTESIAN_POINT('',(91.6254021397963,0.500000000000002,-3.5887212));
#4006=CARTESIAN_POINT('Origin',(97.5,6.99840926640901,-0.5887212));
#4007=CARTESIAN_POINT('',(98.5,6.998409266409,-3.5887212));
#4008=CARTESIAN_POINT('',(97.5,7.99840926640901,-3.5887212));
#4009=CARTESIAN_POINT('Origin',(97.5,6.99840926640901,-3.5887212));
#4010=CARTESIAN_POINT('',(97.5,7.99840926640901,-0.5887212));
#4011=CARTESIAN_POINT('',(97.5,7.99840926640901,-0.5887212));
#4012=CARTESIAN_POINT('',(98.5,6.998409266409,-0.5887212));
#4013=CARTESIAN_POINT('Origin',(97.5,6.99840926640901,-0.5887212));
#4014=CARTESIAN_POINT('',(98.5,6.998409266409,-0.5887212));
#4015=CARTESIAN_POINT('Origin',(96.2507954933575,3.7492045066425,-0.5887212));
#4016=CARTESIAN_POINT('',(95.001590733591,7.99840926640901,-0.5887212));
#4017=CARTESIAN_POINT('',(95.001590733591,7.99840926640901,-0.5887212));
#4018=CARTESIAN_POINT('',(92.001590733591,4.99840926640901,-0.5887212));
#4019=CARTESIAN_POINT('Origin',(95.001590733591,4.998409266409,-0.5887212));
#4020=CARTESIAN_POINT('',(92.001590733591,2.5,-0.5887212));
#4021=CARTESIAN_POINT('',(92.001590733591,-0.499999999999998,-0.5887212));
#4022=CARTESIAN_POINT('Origin',(89.001590733591,2.5,-0.5887212));
#4023=CARTESIAN_POINT('',(100.,5.,-0.5887212));
#4024=CARTESIAN_POINT('',(100.,5.,-0.5887212));
#4025=CARTESIAN_POINT('',(99.5,5.,-0.5887212));
#4026=CARTESIAN_POINT('',(98.5,4.99999999999999,-0.5887212));
#4027=CARTESIAN_POINT('',(98.5,6.,-0.5887212));
#4028=CARTESIAN_POINT('Origin',(99.5,6.,-0.5887212));
#4029=CARTESIAN_POINT('',(98.5,7.99840926640899,-0.5887212));
#4030=CARTESIAN_POINT('',(93.301590733591,4.998409266409,-0.5887212));
#4031=CARTESIAN_POINT('Origin',(95.001590733591,4.998409266409,-0.5887212));
#4032=CARTESIAN_POINT('Origin',(95.001590733591,7.99840926640901,-0.5887212));
#4033=CARTESIAN_POINT('',(95.001590733591,7.99840926640901,-3.5887212));
#4034=CARTESIAN_POINT('',(95.001590733591,7.99840926640901,-3.5887212));
#4035=CARTESIAN_POINT('',(95.001590733591,7.99840926640901,-0.5887212));
#4036=CARTESIAN_POINT('Origin',(99.5,6.,-0.5887212));
#4037=CARTESIAN_POINT('',(99.5,5.,-0.5887212));
#4038=CARTESIAN_POINT('',(98.5,6.,-3.5887212));
#4039=CARTESIAN_POINT('Origin',(99.5,6.,-3.5887212));
#4040=CARTESIAN_POINT('',(98.5,6.,-0.5887212));
#4041=CARTESIAN_POINT('Origin',(98.5,4.99999999999999,-0.5887212));
#4042=CARTESIAN_POINT('',(100.,5.,-0.5887212));
#4043=CARTESIAN_POINT('Origin',(89.001590733591,2.5,-0.5887212));
#4044=CARTESIAN_POINT('',(92.001590733591,2.5,-3.5887212));
#4045=CARTESIAN_POINT('',(92.001590733591,2.5,-0.5887212));
#4046=CARTESIAN_POINT('Origin',(89.001590733591,2.5,-3.5887212));
#4047=CARTESIAN_POINT('Origin',(92.001590733591,-0.499999999999998,-0.5887212));
#4048=CARTESIAN_POINT('',(92.001590733591,4.99840926640901,-3.5887212));
#4049=CARTESIAN_POINT('',(92.001590733591,4.99840926640901,-0.5887212));
#4050=CARTESIAN_POINT('',(92.001590733591,-0.499999999999998,-3.5887212));
#4051=CARTESIAN_POINT('Origin',(95.001590733591,4.998409266409,-0.5887212));
#4052=CARTESIAN_POINT('',(102.499997553429,4.99204633982867,-0.5887212));
#4053=CARTESIAN_POINT('Origin',(94.7500031698319,1.24920450664249,-13.5887212));
#4054=CARTESIAN_POINT('Origin',(95.001590733591,4.998409266409,-0.5887212));
#4055=CARTESIAN_POINT('',(93.301590733591,4.998409266409,-3.5887212));
#4056=CARTESIAN_POINT('Origin',(95.001590733591,4.998409266409,-3.5887212));
#4057=CARTESIAN_POINT('',(93.301590733591,4.998409266409,-0.5887212));
#4058=CARTESIAN_POINT('Origin',(100.,5.,-0.5887212));
#4059=CARTESIAN_POINT('Origin',(98.5,7.99840926640899,-0.5887212));
#4060=CARTESIAN_POINT('',(98.5,7.99840926640899,-3.5887212));
#4061=CARTESIAN_POINT('Origin',(95.001590733591,4.998409266409,-0.5887212));
#4062=CARTESIAN_POINT('Origin',(95.001590733591,4.998409266409,-3.5887212));
#4063=CARTESIAN_POINT('Origin',(96.2507954933575,3.7492045066425,-3.5887212));
#4064=UNCERTAINTY_MEASURE_WITH_UNIT(LENGTH_MEASURE(0.01),#4068,
'DISTANCE_ACCURACY_VALUE',
'Maximum model space distance between geometric entities at asserted c
onnectivities');
#4065=UNCERTAINTY_MEASURE_WITH_UNIT(LENGTH_MEASURE(0.01),#4068,
'DISTANCE_ACCURACY_VALUE',
'Maximum model space distance between geometric entities at asserted c
onnectivities');
#4066=(
GEOMETRIC_REPRESENTATION_CONTEXT(3)
GLOBAL_UNCERTAINTY_ASSIGNED_CONTEXT((#4064))
GLOBAL_UNIT_ASSIGNED_CONTEXT((#4068,#4070,#4071))
REPRESENTATION_CONTEXT('','3D')
);
#4067=(
GEOMETRIC_REPRESENTATION_CONTEXT(3)
GLOBAL_UNCERTAINTY_ASSIGNED_CONTEXT((#4065))
GLOBAL_UNIT_ASSIGNED_CONTEXT((#4068,#4070,#4071))
REPRESENTATION_CONTEXT('','3D')
);
#4068=(
LENGTH_UNIT()
NAMED_UNIT(*)
SI_UNIT(.MILLI.,.METRE.)
);
#4069=(
LENGTH_UNIT()
NAMED_UNIT(*)
SI_UNIT(.CENTI.,.METRE.)
);
#4070=(
NAMED_UNIT(*)
PLANE_ANGLE_UNIT()
SI_UNIT($,.RADIAN.)
);
#4071=(
NAMED_UNIT(*)
SI_UNIT($,.STERADIAN.)
SOLID_ANGLE_UNIT()
);
#4072=SHAPE_DEFINITION_REPRESENTATION(#4073,#4074);
#4073=PRODUCT_DEFINITION_SHAPE('',$,#4076);
#4074=SHAPE_REPRESENTATION('',(#2378),#4066);
#4075=PRODUCT_DEFINITION_CONTEXT('part definition',#4080,'design');
#4076=PRODUCT_DEFINITION('Bottom','Enclosure Bottom',#4077,#4075);
#4077=PRODUCT_DEFINITION_FORMATION('',$,#4082);
#4078=PRODUCT_RELATED_PRODUCT_CATEGORY('Enclosure Bottom',
'Enclosure Bottom',(#4082));
#4079=APPLICATION_PROTOCOL_DEFINITION('international standard',
'automotive_design',2009,#4080);
#4080=APPLICATION_CONTEXT(
'Core Data for Automotive Mechanical Design Process');
#4081=PRODUCT_CONTEXT('part definition',#4080,'mechanical');
#4082=PRODUCT('Bottom','Enclosure Bottom',$,(#4081));
#4083=PRESENTATION_STYLE_ASSIGNMENT((#4085));
#4084=PRESENTATION_STYLE_ASSIGNMENT((#4086));
#4085=SURFACE_STYLE_USAGE(.BOTH.,#4091);
#4086=SURFACE_STYLE_USAGE(.BOTH.,#4092);
#4087=SURFACE_STYLE_RENDERING_WITH_PROPERTIES($,#4099,(#4089));
#4088=SURFACE_STYLE_RENDERING_WITH_PROPERTIES($,#4100,(#4090));
#4089=SURFACE_STYLE_TRANSPARENT(0.);
#4090=SURFACE_STYLE_TRANSPARENT(0.);
#4091=SURFACE_SIDE_STYLE('',(#4093,#4087));
#4092=SURFACE_SIDE_STYLE('',(#4094,#4088));
#4093=SURFACE_STYLE_FILL_AREA(#4095);
#4094=SURFACE_STYLE_FILL_AREA(#4096);
#4095=FILL_AREA_STYLE('',(#4097));
#4096=FILL_AREA_STYLE('',(#4098));
#4097=FILL_AREA_STYLE_COLOUR('',#4099);
#4098=FILL_AREA_STYLE_COLOUR('',#4100);
#4099=COLOUR_RGB('',0.749019607843137,0.749019607843137,0.749019607843137);
#4100=COLOUR_RGB('',0.313725490196078,0.701960784313725,0.76078431372549);
ENDSEC;
END-ISO-10303-21;
