ISO-10303-21;
HEADER;
/* Generated by software containing ST-Developer
 * from STEP Tools, Inc. (www.steptools.com) 
 */

FILE_DESCRIPTION(
/* description */ (''),
/* implementation_level */ '2;1');

FILE_NAME(
/* name */ 'Enclosure_Top.stp',
/* time_stamp */ '2026-06-04T21:19:06+01:00',
/* author */ ('xavie'),
/* organization */ (''),
/* preprocessor_version */ 'ST-DEVELOPER v19.2',
/* originating_system */ 'Autodesk Inventor 2024',
/* authorisation */ '');

FILE_SCHEMA (('AUTOMOTIVE_DESIGN { 1 0 10303 214 3 1 1 }'));
ENDSEC;

DATA;
#10=MECHANICAL_DESIGN_GEOMETRIC_PRESENTATION_REPRESENTATION('',(#13),#3374);
#11=SHAPE_REPRESENTATION_RELATIONSHIP('SRR','None',#3381,#12);
#12=ADVANCED_BREP_SHAPE_REPRESENTATION('',(#14),#3373);
#13=STYLED_ITEM('',(#3390),#14);
#14=MANIFOLD_SOLID_BREP('Top',#1879);
#15=FACE_BOUND('',#595,.T.);
#16=FACE_BOUND('',#596,.T.);
#17=FACE_BOUND('',#600,.T.);
#18=FACE_BOUND('',#601,.T.);
#19=FACE_BOUND('',#615,.T.);
#20=(
BOUNDED_SURFACE()
B_SPLINE_SURFACE(2,2,((#2916,#2917,#2918),(#2919,#2920,#2921),(#2922,#2923,
#2924),(#2925,#2926,#2927),(#2928,#2929,#2930)),.UNSPECIFIED.,.F.,.F.,.F.)
B_SPLINE_SURFACE_WITH_KNOTS((3,2,3),(3,3),(0.,0.785398195037949,1.5707963900759),
(-1.5707963267949,0.),.UNSPECIFIED.)
GEOMETRIC_REPRESENTATION_ITEM()
RATIONAL_B_SPLINE_SURFACE(((1.,0.707106781186548,1.),(0.923879526457111,
0.65328147815724,0.923879526457111),(1.,0.707106781186548,1.),(0.923879526457148,
0.653281478157266,0.923879526457148),(1.,0.707106781186548,1.)))
REPRESENTATION_ITEM('')
SURFACE()
);
#21=(
BOUNDED_SURFACE()
B_SPLINE_SURFACE(2,2,((#2942,#2943,#2944),(#2945,#2946,#2947),(#2948,#2949,
#2950),(#2951,#2952,#2953),(#2954,#2955,#2956)),.UNSPECIFIED.,.F.,.F.,.F.)
B_SPLINE_SURFACE_WITH_KNOTS((3,2,3),(3,3),(0.,0.785398195037948,1.5707963900759),
(0.,1.5707963267949),.UNSPECIFIED.)
GEOMETRIC_REPRESENTATION_ITEM()
RATIONAL_B_SPLINE_SURFACE(((1.,0.707106781186548,1.),(0.923879526457108,
0.653281478157238,0.923879526457108),(1.,0.707106781186548,1.),(0.923879526457143,
0.653281478157263,0.923879526457143),(1.,0.707106781186548,1.)))
REPRESENTATION_ITEM('')
SURFACE()
);
#22=(
BOUNDED_SURFACE()
B_SPLINE_SURFACE(2,2,((#2968,#2969,#2970),(#2971,#2972,#2973),(#2974,#2975,
#2976),(#2977,#2978,#2979),(#2980,#2981,#2982)),.UNSPECIFIED.,.F.,.F.,.F.)
B_SPLINE_SURFACE_WITH_KNOTS((3,2,3),(3,3),(0.,0.785398195037949,1.5707963900759),
(1.5707963267949,3.14159265358979),.UNSPECIFIED.)
GEOMETRIC_REPRESENTATION_ITEM()
RATIONAL_B_SPLINE_SURFACE(((1.,0.707106781186548,1.),(0.92387952645714,
0.65328147815726,0.92387952645714),(1.,0.707106781186548,1.),(0.923879526457145,
0.653281478157264,0.923879526457145),(1.,0.707106781186548,1.)))
REPRESENTATION_ITEM('')
SURFACE()
);
#23=(
BOUNDED_SURFACE()
B_SPLINE_SURFACE(2,2,((#2994,#2995,#2996),(#2997,#2998,#2999),(#3000,#3001,
#3002),(#3003,#3004,#3005),(#3006,#3007,#3008)),.UNSPECIFIED.,.F.,.F.,.F.)
B_SPLINE_SURFACE_WITH_KNOTS((3,2,3),(3,3),(0.,0.785398195037948,1.5707963900759),
(-3.14159265358979,-1.5707963267949),.UNSPECIFIED.)
GEOMETRIC_REPRESENTATION_ITEM()
RATIONAL_B_SPLINE_SURFACE(((1.,0.707106781186548,1.),(0.923879526457144,
0.653281478157263,0.923879526457144),(1.,0.707106781186548,1.),(0.923879526457142,
0.653281478157262,0.923879526457142),(1.,0.707106781186548,1.)))
REPRESENTATION_ITEM('')
SURFACE()
);
#24=PLANE('',#1950);
#25=PLANE('',#1953);
#26=PLANE('',#1958);
#27=PLANE('',#1961);
#28=PLANE('',#1962);
#29=PLANE('',#2007);
#30=PLANE('',#2010);
#31=PLANE('',#2013);
#32=PLANE('',#2016);
#33=PLANE('',#2017);
#34=PLANE('',#2018);
#35=PLANE('',#2021);
#36=PLANE('',#2022);
#37=PLANE('',#2032);
#38=PLANE('',#2035);
#39=PLANE('',#2038);
#40=PLANE('',#2041);
#41=PLANE('',#2044);
#42=PLANE('',#2045);
#43=PLANE('',#2049);
#44=PLANE('',#2052);
#45=PLANE('',#2055);
#46=PLANE('',#2056);
#47=PLANE('',#2060);
#48=PLANE('',#2061);
#49=PLANE('',#2065);
#50=PLANE('',#2066);
#51=PLANE('',#2074);
#52=PLANE('',#2084);
#53=PLANE('',#2092);
#54=PLANE('',#2096);
#55=PLANE('',#2100);
#56=PLANE('',#2104);
#57=PLANE('',#2107);
#58=PLANE('',#2111);
#59=PLANE('',#2121);
#60=PLANE('',#2124);
#61=PLANE('',#2127);
#62=PLANE('',#2133);
#63=PLANE('',#2136);
#64=PLANE('',#2138);
#65=SPHERICAL_SURFACE('',#1944,4.);
#66=SPHERICAL_SURFACE('',#1946,4.);
#67=SPHERICAL_SURFACE('',#2001,4.);
#68=SPHERICAL_SURFACE('',#2003,4.);
#69=LINE('',#2773,#213);
#70=LINE('',#2774,#214);
#71=LINE('',#2785,#215);
#72=LINE('',#2786,#216);
#73=LINE('',#2797,#217);
#74=LINE('',#2798,#218);
#75=LINE('',#2809,#219);
#76=LINE('',#2810,#220);
#77=LINE('',#2821,#221);
#78=LINE('',#2822,#222);
#79=LINE('',#2833,#223);
#80=LINE('',#2834,#224);
#81=LINE('',#2839,#225);
#82=LINE('',#2840,#226);
#83=LINE('',#2845,#227);
#84=LINE('',#2847,#228);
#85=LINE('',#2854,#229);
#86=LINE('',#2857,#230);
#87=LINE('',#2860,#231);
#88=LINE('',#2861,#232);
#89=LINE('',#2864,#233);
#90=LINE('',#2868,#234);
#91=LINE('',#2869,#235);
#92=LINE('',#2872,#236);
#93=LINE('',#2876,#237);
#94=LINE('',#2880,#238);
#95=LINE('',#2884,#239);
#96=LINE('',#2885,#240);
#97=LINE('',#2888,#241);
#98=LINE('',#2892,#242);
#99=LINE('',#2893,#243);
#100=LINE('',#2900,#244);
#101=LINE('',#2903,#245);
#102=LINE('',#2914,#246);
#103=LINE('',#2915,#247);
#104=LINE('',#2940,#248);
#105=LINE('',#2941,#249);
#106=LINE('',#2966,#250);
#107=LINE('',#2967,#251);
#108=LINE('',#2992,#252);
#109=LINE('',#2993,#253);
#110=LINE('',#3027,#254);
#111=LINE('',#3028,#255);
#112=LINE('',#3030,#256);
#113=LINE('',#3031,#257);
#114=LINE('',#3035,#258);
#115=LINE('',#3038,#259);
#116=LINE('',#3045,#260);
#117=LINE('',#3048,#261);
#118=LINE('',#3051,#262);
#119=LINE('',#3052,#263);
#120=LINE('',#3055,#264);
#121=LINE('',#3059,#265);
#122=LINE('',#3060,#266);
#123=LINE('',#3063,#267);
#124=LINE('',#3067,#268);
#125=LINE('',#3069,#269);
#126=LINE('',#3071,#270);
#127=LINE('',#3072,#271);
#128=LINE('',#3075,#272);
#129=LINE('',#3079,#273);
#130=LINE('',#3080,#274);
#131=LINE('',#3084,#275);
#132=LINE('',#3086,#276);
#133=LINE('',#3087,#277);
#134=LINE('',#3090,#278);
#135=LINE('',#3093,#279);
#136=LINE('',#3099,#280);
#137=LINE('',#3103,#281);
#138=LINE('',#3107,#282);
#139=LINE('',#3111,#283);
#140=LINE('',#3115,#284);
#141=LINE('',#3118,#285);
#142=LINE('',#3120,#286);
#143=LINE('',#3124,#287);
#144=LINE('',#3128,#288);
#145=LINE('',#3131,#289);
#146=LINE('',#3134,#290);
#147=LINE('',#3136,#291);
#148=LINE('',#3137,#292);
#149=LINE('',#3141,#293);
#150=LINE('',#3144,#294);
#151=LINE('',#3145,#295);
#152=LINE('',#3149,#296);
#153=LINE('',#3152,#297);
#154=LINE('',#3153,#298);
#155=LINE('',#3157,#299);
#156=LINE('',#3160,#300);
#157=LINE('',#3161,#301);
#158=LINE('',#3165,#302);
#159=LINE('',#3167,#303);
#160=LINE('',#3173,#304);
#161=LINE('',#3176,#305);
#162=LINE('',#3179,#306);
#163=LINE('',#3182,#307);
#164=LINE('',#3183,#308);
#165=LINE('',#3187,#309);
#166=LINE('',#3190,#310);
#167=LINE('',#3191,#311);
#168=LINE('',#3195,#312);
#169=LINE('',#3198,#313);
#170=LINE('',#3199,#314);
#171=LINE('',#3201,#315);
#172=LINE('',#3205,#316);
#173=LINE('',#3207,#317);
#174=LINE('',#3210,#318);
#175=LINE('',#3211,#319);
#176=LINE('',#3213,#320);
#177=LINE('',#3217,#321);
#178=LINE('',#3219,#322);
#179=LINE('',#3222,#323);
#180=LINE('',#3223,#324);
#181=LINE('',#3225,#325);
#182=LINE('',#3229,#326);
#183=LINE('',#3241,#327);
#184=LINE('',#3243,#328);
#185=LINE('',#3245,#329);
#186=LINE('',#3246,#330);
#187=LINE('',#3264,#331);
#188=LINE('',#3266,#332);
#189=LINE('',#3268,#333);
#190=LINE('',#3269,#334);
#191=LINE('',#3298,#335);
#192=LINE('',#3301,#336);
#193=LINE('',#3304,#337);
#194=LINE('',#3305,#338);
#195=LINE('',#3312,#339);
#196=LINE('',#3316,#340);
#197=LINE('',#3320,#341);
#198=LINE('',#3324,#342);
#199=LINE('',#3329,#343);
#200=LINE('',#3333,#344);
#201=LINE('',#3336,#345);
#202=LINE('',#3339,#346);
#203=LINE('',#3340,#347);
#204=LINE('',#3342,#348);
#205=LINE('',#3344,#349);
#206=LINE('',#3352,#350);
#207=LINE('',#3357,#351);
#208=LINE('',#3359,#352);
#209=LINE('',#3361,#353);
#210=LINE('',#3363,#354);
#211=LINE('',#3366,#355);
#212=LINE('',#3368,#356);
#213=VECTOR('',#2155,10.);
#214=VECTOR('',#2156,10.);
#215=VECTOR('',#2169,10.);
#216=VECTOR('',#2170,10.);
#217=VECTOR('',#2183,10.);
#218=VECTOR('',#2184,10.);
#219=VECTOR('',#2197,10.);
#220=VECTOR('',#2198,10.);
#221=VECTOR('',#2211,10.);
#222=VECTOR('',#2212,10.);
#223=VECTOR('',#2225,10.);
#224=VECTOR('',#2226,10.);
#225=VECTOR('',#2231,10.);
#226=VECTOR('',#2232,10.);
#227=VECTOR('',#2237,10.);
#228=VECTOR('',#2240,10.);
#229=VECTOR('',#2251,10.);
#230=VECTOR('',#2254,10.);
#231=VECTOR('',#2257,10.);
#232=VECTOR('',#2258,10.);
#233=VECTOR('',#2261,10.);
#234=VECTOR('',#2266,10.);
#235=VECTOR('',#2267,10.);
#236=VECTOR('',#2270,10.);
#237=VECTOR('',#2273,10.);
#238=VECTOR('',#2276,10.);
#239=VECTOR('',#2281,10.);
#240=VECTOR('',#2282,10.);
#241=VECTOR('',#2285,10.);
#242=VECTOR('',#2290,10.);
#243=VECTOR('',#2291,10.);
#244=VECTOR('',#2298,10.);
#245=VECTOR('',#2301,10.);
#246=VECTOR('',#2314,10.);
#247=VECTOR('',#2315,10.);
#248=VECTOR('',#2326,10.);
#249=VECTOR('',#2327,10.);
#250=VECTOR('',#2338,10.);
#251=VECTOR('',#2339,10.);
#252=VECTOR('',#2350,10.);
#253=VECTOR('',#2351,10.);
#254=VECTOR('',#2372,10.);
#255=VECTOR('',#2373,10.);
#256=VECTOR('',#2376,10.);
#257=VECTOR('',#2377,10.);
#258=VECTOR('',#2382,10.);
#259=VECTOR('',#2385,10.);
#260=VECTOR('',#2396,10.);
#261=VECTOR('',#2399,10.);
#262=VECTOR('',#2402,10.);
#263=VECTOR('',#2403,10.);
#264=VECTOR('',#2406,10.);
#265=VECTOR('',#2411,10.);
#266=VECTOR('',#2412,10.);
#267=VECTOR('',#2415,10.);
#268=VECTOR('',#2420,10.);
#269=VECTOR('',#2421,10.);
#270=VECTOR('',#2422,10.);
#271=VECTOR('',#2423,10.);
#272=VECTOR('',#2426,10.);
#273=VECTOR('',#2431,10.);
#274=VECTOR('',#2432,10.);
#275=VECTOR('',#2437,10.);
#276=VECTOR('',#2438,10.);
#277=VECTOR('',#2439,10.);
#278=VECTOR('',#2442,10.);
#279=VECTOR('',#2447,10.);
#280=VECTOR('',#2452,10.);
#281=VECTOR('',#2455,10.);
#282=VECTOR('',#2458,10.);
#283=VECTOR('',#2461,10.);
#284=VECTOR('',#2464,10.);
#285=VECTOR('',#2467,10.);
#286=VECTOR('',#2468,10.);
#287=VECTOR('',#2471,10.);
#288=VECTOR('',#2474,10.);
#289=VECTOR('',#2477,10.);
#290=VECTOR('',#2480,10.);
#291=VECTOR('',#2481,10.);
#292=VECTOR('',#2482,10.);
#293=VECTOR('',#2487,10.);
#294=VECTOR('',#2490,10.);
#295=VECTOR('',#2491,10.);
#296=VECTOR('',#2496,10.);
#297=VECTOR('',#2499,10.);
#298=VECTOR('',#2500,10.);
#299=VECTOR('',#2505,10.);
#300=VECTOR('',#2508,10.);
#301=VECTOR('',#2509,10.);
#302=VECTOR('',#2514,10.);
#303=VECTOR('',#2517,10.);
#304=VECTOR('',#2522,10.);
#305=VECTOR('',#2525,10.);
#306=VECTOR('',#2528,10.);
#307=VECTOR('',#2531,10.);
#308=VECTOR('',#2532,10.);
#309=VECTOR('',#2537,10.);
#310=VECTOR('',#2540,10.);
#311=VECTOR('',#2541,10.);
#312=VECTOR('',#2546,10.);
#313=VECTOR('',#2549,10.);
#314=VECTOR('',#2550,10.);
#315=VECTOR('',#2553,10.);
#316=VECTOR('',#2558,10.);
#317=VECTOR('',#2561,10.);
#318=VECTOR('',#2564,10.);
#319=VECTOR('',#2565,10.);
#320=VECTOR('',#2568,10.);
#321=VECTOR('',#2573,10.);
#322=VECTOR('',#2576,10.);
#323=VECTOR('',#2579,10.);
#324=VECTOR('',#2580,10.);
#325=VECTOR('',#2583,10.);
#326=VECTOR('',#2588,10.);
#327=VECTOR('',#2601,10.);
#328=VECTOR('',#2602,10.);
#329=VECTOR('',#2603,10.);
#330=VECTOR('',#2604,10.);
#331=VECTOR('',#2625,10.);
#332=VECTOR('',#2626,10.);
#333=VECTOR('',#2627,10.);
#334=VECTOR('',#2628,10.);
#335=VECTOR('',#2671,10.);
#336=VECTOR('',#2674,10.);
#337=VECTOR('',#2677,10.);
#338=VECTOR('',#2678,10.);
#339=VECTOR('',#2689,10.);
#340=VECTOR('',#2692,10.);
#341=VECTOR('',#2695,10.);
#342=VECTOR('',#2698,10.);
#343=VECTOR('',#2703,10.);
#344=VECTOR('',#2708,10.);
#345=VECTOR('',#2711,10.);
#346=VECTOR('',#2714,10.);
#347=VECTOR('',#2715,10.);
#348=VECTOR('',#2718,10.);
#349=VECTOR('',#2721,10.);
#350=VECTOR('',#2732,10.);
#351=VECTOR('',#2737,10.);
#352=VECTOR('',#2740,10.);
#353=VECTOR('',#2743,10.);
#354=VECTOR('',#2746,10.);
#355=VECTOR('',#2751,10.);
#356=VECTOR('',#2754,10.);
#357=CYLINDRICAL_SURFACE('',#1907,4.);
#358=CYLINDRICAL_SURFACE('',#1913,4.);
#359=CYLINDRICAL_SURFACE('',#1919,4.);
#360=CYLINDRICAL_SURFACE('',#1925,4.);
#361=CYLINDRICAL_SURFACE('',#1931,4.);
#362=CYLINDRICAL_SURFACE('',#1937,4.);
#363=CYLINDRICAL_SURFACE('',#1939,4.);
#364=CYLINDRICAL_SURFACE('',#1941,4.);
#365=CYLINDRICAL_SURFACE('',#1948,10.198409519533);
#366=CYLINDRICAL_SURFACE('',#1951,10.198409519533);
#367=CYLINDRICAL_SURFACE('',#1954,4.);
#368=CYLINDRICAL_SURFACE('',#1959,4.);
#369=CYLINDRICAL_SURFACE('',#1963,4.);
#370=CYLINDRICAL_SURFACE('',#1970,4.);
#371=CYLINDRICAL_SURFACE('',#1975,4.);
#372=CYLINDRICAL_SURFACE('',#1980,4.);
#373=CYLINDRICAL_SURFACE('',#1985,4.);
#374=CYLINDRICAL_SURFACE('',#1995,4.);
#375=CYLINDRICAL_SURFACE('',#1997,4.);
#376=CYLINDRICAL_SURFACE('',#1998,4.);
#377=CYLINDRICAL_SURFACE('',#2005,5.498409519533);
#378=CYLINDRICAL_SURFACE('',#2008,5.498409519533);
#379=CYLINDRICAL_SURFACE('',#2011,4.);
#380=CYLINDRICAL_SURFACE('',#2014,4.);
#381=CYLINDRICAL_SURFACE('',#2019,5.498409519533);
#382=CYLINDRICAL_SURFACE('',#2033,12.198409519533);
#383=CYLINDRICAL_SURFACE('',#2036,12.198409519533);
#384=CYLINDRICAL_SURFACE('',#2039,12.198409519533);
#385=CYLINDRICAL_SURFACE('',#2042,12.198409519533);
#386=CYLINDRICAL_SURFACE('',#2050,10.198409519533);
#387=CYLINDRICAL_SURFACE('',#2053,10.198409519533);
#388=CYLINDRICAL_SURFACE('',#2057,10.198409519533);
#389=CYLINDRICAL_SURFACE('',#2059,10.198409519533);
#390=CYLINDRICAL_SURFACE('',#2062,10.198409519533);
#391=CYLINDRICAL_SURFACE('',#2064,10.198409519533);
#392=CYLINDRICAL_SURFACE('',#2067,4.);
#393=CYLINDRICAL_SURFACE('',#2105,4.);
#394=CYLINDRICAL_SURFACE('',#2108,4.);
#395=CYLINDRICAL_SURFACE('',#2119,4.);
#396=CYLINDRICAL_SURFACE('',#2122,4.);
#397=CYLINDRICAL_SURFACE('',#2123,4.);
#398=CYLINDRICAL_SURFACE('',#2125,5.498409519533);
#399=CYLINDRICAL_SURFACE('',#2132,8.198409519533);
#400=CYLINDRICAL_SURFACE('',#2134,8.198409519533);
#401=CYLINDRICAL_SURFACE('',#2135,8.198409519533);
#402=CYLINDRICAL_SURFACE('',#2137,8.198409519533);
#403=FACE_OUTER_BOUND('',#514,.T.);
#404=FACE_OUTER_BOUND('',#515,.T.);
#405=FACE_OUTER_BOUND('',#516,.T.);
#406=FACE_OUTER_BOUND('',#517,.T.);
#407=FACE_OUTER_BOUND('',#518,.T.);
#408=FACE_OUTER_BOUND('',#519,.T.);
#409=FACE_OUTER_BOUND('',#520,.T.);
#410=FACE_OUTER_BOUND('',#521,.T.);
#411=FACE_OUTER_BOUND('',#522,.T.);
#412=FACE_OUTER_BOUND('',#523,.T.);
#413=FACE_OUTER_BOUND('',#524,.T.);
#414=FACE_OUTER_BOUND('',#525,.T.);
#415=FACE_OUTER_BOUND('',#526,.T.);
#416=FACE_OUTER_BOUND('',#527,.T.);
#417=FACE_OUTER_BOUND('',#528,.T.);
#418=FACE_OUTER_BOUND('',#529,.T.);
#419=FACE_OUTER_BOUND('',#530,.T.);
#420=FACE_OUTER_BOUND('',#531,.T.);
#421=FACE_OUTER_BOUND('',#532,.T.);
#422=FACE_OUTER_BOUND('',#533,.T.);
#423=FACE_OUTER_BOUND('',#534,.T.);
#424=FACE_OUTER_BOUND('',#535,.T.);
#425=FACE_OUTER_BOUND('',#536,.T.);
#426=FACE_OUTER_BOUND('',#537,.T.);
#427=FACE_OUTER_BOUND('',#538,.T.);
#428=FACE_OUTER_BOUND('',#539,.T.);
#429=FACE_OUTER_BOUND('',#540,.T.);
#430=FACE_OUTER_BOUND('',#541,.T.);
#431=FACE_OUTER_BOUND('',#542,.T.);
#432=FACE_OUTER_BOUND('',#543,.T.);
#433=FACE_OUTER_BOUND('',#544,.T.);
#434=FACE_OUTER_BOUND('',#545,.T.);
#435=FACE_OUTER_BOUND('',#546,.T.);
#436=FACE_OUTER_BOUND('',#547,.T.);
#437=FACE_OUTER_BOUND('',#548,.T.);
#438=FACE_OUTER_BOUND('',#549,.T.);
#439=FACE_OUTER_BOUND('',#550,.T.);
#440=FACE_OUTER_BOUND('',#551,.T.);
#441=FACE_OUTER_BOUND('',#552,.T.);
#442=FACE_OUTER_BOUND('',#553,.T.);
#443=FACE_OUTER_BOUND('',#554,.T.);
#444=FACE_OUTER_BOUND('',#555,.T.);
#445=FACE_OUTER_BOUND('',#556,.T.);
#446=FACE_OUTER_BOUND('',#557,.T.);
#447=FACE_OUTER_BOUND('',#558,.T.);
#448=FACE_OUTER_BOUND('',#559,.T.);
#449=FACE_OUTER_BOUND('',#560,.T.);
#450=FACE_OUTER_BOUND('',#561,.T.);
#451=FACE_OUTER_BOUND('',#562,.T.);
#452=FACE_OUTER_BOUND('',#563,.T.);
#453=FACE_OUTER_BOUND('',#564,.T.);
#454=FACE_OUTER_BOUND('',#565,.T.);
#455=FACE_OUTER_BOUND('',#566,.T.);
#456=FACE_OUTER_BOUND('',#567,.T.);
#457=FACE_OUTER_BOUND('',#568,.T.);
#458=FACE_OUTER_BOUND('',#569,.T.);
#459=FACE_OUTER_BOUND('',#570,.T.);
#460=FACE_OUTER_BOUND('',#571,.T.);
#461=FACE_OUTER_BOUND('',#572,.T.);
#462=FACE_OUTER_BOUND('',#573,.T.);
#463=FACE_OUTER_BOUND('',#574,.T.);
#464=FACE_OUTER_BOUND('',#575,.T.);
#465=FACE_OUTER_BOUND('',#576,.T.);
#466=FACE_OUTER_BOUND('',#577,.T.);
#467=FACE_OUTER_BOUND('',#578,.T.);
#468=FACE_OUTER_BOUND('',#579,.T.);
#469=FACE_OUTER_BOUND('',#580,.T.);
#470=FACE_OUTER_BOUND('',#581,.T.);
#471=FACE_OUTER_BOUND('',#582,.T.);
#472=FACE_OUTER_BOUND('',#583,.T.);
#473=FACE_OUTER_BOUND('',#584,.T.);
#474=FACE_OUTER_BOUND('',#585,.T.);
#475=FACE_OUTER_BOUND('',#586,.T.);
#476=FACE_OUTER_BOUND('',#587,.T.);
#477=FACE_OUTER_BOUND('',#588,.T.);
#478=FACE_OUTER_BOUND('',#589,.T.);
#479=FACE_OUTER_BOUND('',#590,.T.);
#480=FACE_OUTER_BOUND('',#591,.T.);
#481=FACE_OUTER_BOUND('',#592,.T.);
#482=FACE_OUTER_BOUND('',#593,.T.);
#483=FACE_OUTER_BOUND('',#594,.T.);
#484=FACE_OUTER_BOUND('',#597,.T.);
#485=FACE_OUTER_BOUND('',#598,.T.);
#486=FACE_OUTER_BOUND('',#599,.T.);
#487=FACE_OUTER_BOUND('',#602,.T.);
#488=FACE_OUTER_BOUND('',#603,.T.);
#489=FACE_OUTER_BOUND('',#604,.T.);
#490=FACE_OUTER_BOUND('',#605,.T.);
#491=FACE_OUTER_BOUND('',#606,.T.);
#492=FACE_OUTER_BOUND('',#607,.T.);
#493=FACE_OUTER_BOUND('',#608,.T.);
#494=FACE_OUTER_BOUND('',#609,.T.);
#495=FACE_OUTER_BOUND('',#610,.T.);
#496=FACE_OUTER_BOUND('',#611,.T.);
#497=FACE_OUTER_BOUND('',#612,.T.);
#498=FACE_OUTER_BOUND('',#613,.T.);
#499=FACE_OUTER_BOUND('',#614,.T.);
#500=FACE_OUTER_BOUND('',#616,.T.);
#501=FACE_OUTER_BOUND('',#617,.T.);
#502=FACE_OUTER_BOUND('',#618,.T.);
#503=FACE_OUTER_BOUND('',#619,.T.);
#504=FACE_OUTER_BOUND('',#620,.T.);
#505=FACE_OUTER_BOUND('',#621,.T.);
#506=FACE_OUTER_BOUND('',#622,.T.);
#507=FACE_OUTER_BOUND('',#623,.T.);
#508=FACE_OUTER_BOUND('',#624,.T.);
#509=FACE_OUTER_BOUND('',#625,.T.);
#510=FACE_OUTER_BOUND('',#626,.T.);
#511=FACE_OUTER_BOUND('',#627,.T.);
#512=FACE_OUTER_BOUND('',#628,.T.);
#513=FACE_OUTER_BOUND('',#629,.T.);
#514=EDGE_LOOP('',(#1204,#1205,#1206,#1207));
#515=EDGE_LOOP('',(#1208,#1209,#1210,#1211));
#516=EDGE_LOOP('',(#1212,#1213,#1214,#1215));
#517=EDGE_LOOP('',(#1216,#1217,#1218,#1219));
#518=EDGE_LOOP('',(#1220,#1221,#1222,#1223));
#519=EDGE_LOOP('',(#1224,#1225,#1226,#1227));
#520=EDGE_LOOP('',(#1228,#1229,#1230,#1231));
#521=EDGE_LOOP('',(#1232,#1233,#1234,#1235));
#522=EDGE_LOOP('',(#1236,#1237,#1238,#1239));
#523=EDGE_LOOP('',(#1240,#1241,#1242,#1243));
#524=EDGE_LOOP('',(#1244,#1245,#1246,#1247));
#525=EDGE_LOOP('',(#1248,#1249,#1250,#1251));
#526=EDGE_LOOP('',(#1252,#1253,#1254,#1255));
#527=EDGE_LOOP('',(#1256,#1257,#1258,#1259));
#528=EDGE_LOOP('',(#1260,#1261,#1262));
#529=EDGE_LOOP('',(#1263,#1264,#1265));
#530=EDGE_LOOP('',(#1266,#1267,#1268,#1269));
#531=EDGE_LOOP('',(#1270,#1271,#1272,#1273));
#532=EDGE_LOOP('',(#1274,#1275,#1276,#1277));
#533=EDGE_LOOP('',(#1278,#1279,#1280,#1281));
#534=EDGE_LOOP('',(#1282,#1283,#1284,#1285,#1286,#1287,#1288,#1289));
#535=EDGE_LOOP('',(#1290,#1291,#1292,#1293));
#536=EDGE_LOOP('',(#1294,#1295,#1296,#1297));
#537=EDGE_LOOP('',(#1298,#1299,#1300,#1301));
#538=EDGE_LOOP('',(#1302,#1303,#1304,#1305,#1306,#1307,#1308,#1309,#1310,
#1311,#1312,#1313,#1314,#1315));
#539=EDGE_LOOP('',(#1316,#1317,#1318,#1319));
#540=EDGE_LOOP('',(#1320,#1321,#1322,#1323));
#541=EDGE_LOOP('',(#1324,#1325,#1326,#1327));
#542=EDGE_LOOP('',(#1328,#1329,#1330,#1331));
#543=EDGE_LOOP('',(#1332,#1333,#1334,#1335));
#544=EDGE_LOOP('',(#1336,#1337,#1338,#1339));
#545=EDGE_LOOP('',(#1340,#1341,#1342,#1343));
#546=EDGE_LOOP('',(#1344,#1345,#1346,#1347));
#547=EDGE_LOOP('',(#1348,#1349,#1350,#1351));
#548=EDGE_LOOP('',(#1352,#1353,#1354,#1355));
#549=EDGE_LOOP('',(#1356,#1357,#1358,#1359));
#550=EDGE_LOOP('',(#1360,#1361,#1362,#1363));
#551=EDGE_LOOP('',(#1364,#1365,#1366,#1367));
#552=EDGE_LOOP('',(#1368,#1369,#1370,#1371));
#553=EDGE_LOOP('',(#1372,#1373,#1374));
#554=EDGE_LOOP('',(#1375,#1376,#1377));
#555=EDGE_LOOP('',(#1378,#1379,#1380,#1381));
#556=EDGE_LOOP('',(#1382,#1383,#1384,#1385));
#557=EDGE_LOOP('',(#1386,#1387,#1388,#1389));
#558=EDGE_LOOP('',(#1390,#1391,#1392,#1393));
#559=EDGE_LOOP('',(#1394,#1395,#1396,#1397));
#560=EDGE_LOOP('',(#1398,#1399,#1400,#1401,#1402,#1403));
#561=EDGE_LOOP('',(#1404,#1405,#1406,#1407));
#562=EDGE_LOOP('',(#1408,#1409,#1410,#1411));
#563=EDGE_LOOP('',(#1412,#1413,#1414,#1415,#1416,#1417,#1418,#1419,#1420,
#1421,#1422,#1423,#1424,#1425));
#564=EDGE_LOOP('',(#1426,#1427,#1428,#1429));
#565=EDGE_LOOP('',(#1430,#1431,#1432,#1433));
#566=EDGE_LOOP('',(#1434,#1435,#1436,#1437));
#567=EDGE_LOOP('',(#1438,#1439,#1440,#1441,#1442,#1443,#1444,#1445,#1446,
#1447,#1448,#1449,#1450,#1451,#1452,#1453,#1454,#1455,#1456,#1457));
#568=EDGE_LOOP('',(#1458,#1459,#1460,#1461));
#569=EDGE_LOOP('',(#1462,#1463,#1464,#1465));
#570=EDGE_LOOP('',(#1466,#1467,#1468,#1469));
#571=EDGE_LOOP('',(#1470,#1471,#1472,#1473));
#572=EDGE_LOOP('',(#1474,#1475,#1476,#1477));
#573=EDGE_LOOP('',(#1478,#1479,#1480,#1481));
#574=EDGE_LOOP('',(#1482,#1483,#1484,#1485));
#575=EDGE_LOOP('',(#1486,#1487,#1488,#1489));
#576=EDGE_LOOP('',(#1490,#1491,#1492,#1493));
#577=EDGE_LOOP('',(#1494,#1495,#1496,#1497,#1498,#1499,#1500,#1501,#1502,
#1503,#1504,#1505,#1506,#1507,#1508,#1509,#1510,#1511,#1512,#1513));
#578=EDGE_LOOP('',(#1514,#1515,#1516,#1517));
#579=EDGE_LOOP('',(#1518,#1519,#1520,#1521));
#580=EDGE_LOOP('',(#1522,#1523,#1524,#1525));
#581=EDGE_LOOP('',(#1526,#1527,#1528,#1529));
#582=EDGE_LOOP('',(#1530,#1531,#1532,#1533));
#583=EDGE_LOOP('',(#1534,#1535,#1536,#1537));
#584=EDGE_LOOP('',(#1538,#1539,#1540,#1541));
#585=EDGE_LOOP('',(#1542,#1543,#1544,#1545));
#586=EDGE_LOOP('',(#1546,#1547,#1548,#1549));
#587=EDGE_LOOP('',(#1550,#1551,#1552,#1553));
#588=EDGE_LOOP('',(#1554,#1555,#1556,#1557));
#589=EDGE_LOOP('',(#1558,#1559,#1560,#1561));
#590=EDGE_LOOP('',(#1562,#1563,#1564,#1565));
#591=EDGE_LOOP('',(#1566,#1567,#1568,#1569));
#592=EDGE_LOOP('',(#1570,#1571,#1572,#1573,#1574,#1575,#1576,#1577));
#593=EDGE_LOOP('',(#1578,#1579,#1580,#1581,#1582));
#594=EDGE_LOOP('',(#1583,#1584,#1585,#1586));
#595=EDGE_LOOP('',(#1587));
#596=EDGE_LOOP('',(#1588));
#597=EDGE_LOOP('',(#1589,#1590,#1591,#1592,#1593));
#598=EDGE_LOOP('',(#1594,#1595,#1596,#1597));
#599=EDGE_LOOP('',(#1598,#1599,#1600,#1601));
#600=EDGE_LOOP('',(#1602));
#601=EDGE_LOOP('',(#1603));
#602=EDGE_LOOP('',(#1604,#1605,#1606,#1607));
#603=EDGE_LOOP('',(#1608,#1609,#1610,#1611));
#604=EDGE_LOOP('',(#1612));
#605=EDGE_LOOP('',(#1613,#1614,#1615,#1616));
#606=EDGE_LOOP('',(#1617));
#607=EDGE_LOOP('',(#1618,#1619,#1620,#1621,#1622));
#608=EDGE_LOOP('',(#1623));
#609=EDGE_LOOP('',(#1624,#1625,#1626,#1627,#1628));
#610=EDGE_LOOP('',(#1629));
#611=EDGE_LOOP('',(#1630,#1631,#1632,#1633));
#612=EDGE_LOOP('',(#1634,#1635,#1636,#1637));
#613=EDGE_LOOP('',(#1638,#1639,#1640,#1641));
#614=EDGE_LOOP('',(#1642,#1643,#1644,#1645,#1646,#1647,#1648,#1649,#1650,
#1651,#1652,#1653,#1654,#1655,#1656,#1657));
#615=EDGE_LOOP('',(#1658,#1659,#1660,#1661,#1662,#1663,#1664,#1665,#1666,
#1667,#1668,#1669,#1670,#1671,#1672,#1673));
#616=EDGE_LOOP('',(#1674,#1675,#1676,#1677));
#617=EDGE_LOOP('',(#1678,#1679,#1680,#1681));
#618=EDGE_LOOP('',(#1682,#1683,#1684,#1685));
#619=EDGE_LOOP('',(#1686,#1687,#1688,#1689));
#620=EDGE_LOOP('',(#1690,#1691,#1692,#1693));
#621=EDGE_LOOP('',(#1694,#1695,#1696,#1697));
#622=EDGE_LOOP('',(#1698,#1699,#1700,#1701,#1702,#1703,#1704,#1705,#1706,
#1707,#1708,#1709,#1710,#1711,#1712,#1713,#1714,#1715,#1716,#1717,#1718,
#1719,#1720,#1721));
#623=EDGE_LOOP('',(#1722,#1723,#1724,#1725));
#624=EDGE_LOOP('',(#1726,#1727,#1728,#1729));
#625=EDGE_LOOP('',(#1730,#1731,#1732,#1733));
#626=EDGE_LOOP('',(#1734,#1735,#1736,#1737));
#627=EDGE_LOOP('',(#1738,#1739,#1740,#1741));
#628=EDGE_LOOP('',(#1742,#1743,#1744,#1745));
#629=EDGE_LOOP('',(#1746,#1747,#1748,#1749,#1750,#1751));
#630=CIRCLE('',#1903,3.99999999999999);
#631=CIRCLE('',#1904,8.);
#632=CIRCLE('',#1905,4.);
#633=CIRCLE('',#1906,4.);
#634=CIRCLE('',#1908,4.);
#635=CIRCLE('',#1910,4.);
#636=CIRCLE('',#1911,10.198409519533);
#637=CIRCLE('',#1912,6.198409519533);
#638=CIRCLE('',#1914,4.);
#639=CIRCLE('',#1916,4.);
#640=CIRCLE('',#1917,10.198409519533);
#641=CIRCLE('',#1918,6.198409519533);
#642=CIRCLE('',#1920,4.);
#643=CIRCLE('',#1922,4.);
#644=CIRCLE('',#1923,10.198409519533);
#645=CIRCLE('',#1924,6.198409519533);
#646=CIRCLE('',#1926,4.);
#647=CIRCLE('',#1928,4.);
#648=CIRCLE('',#1929,10.198409519533);
#649=CIRCLE('',#1930,6.198409519533);
#650=CIRCLE('',#1932,4.);
#651=CIRCLE('',#1934,4.);
#652=CIRCLE('',#1935,4.);
#653=CIRCLE('',#1936,8.);
#654=CIRCLE('',#1938,4.);
#655=CIRCLE('',#1940,4.);
#656=CIRCLE('',#1942,4.);
#657=CIRCLE('',#1943,4.);
#658=CIRCLE('',#1945,4.);
#659=CIRCLE('',#1947,4.);
#660=CIRCLE('',#1949,10.198409519533);
#661=CIRCLE('',#1952,10.198409519533);
#662=CIRCLE('',#1955,4.);
#663=CIRCLE('',#1956,4.);
#664=CIRCLE('',#1957,4.);
#665=CIRCLE('',#1960,4.);
#666=CIRCLE('',#1964,4.);
#667=CIRCLE('',#1965,4.);
#668=CIRCLE('',#1967,4.);
#669=CIRCLE('',#1968,4.);
#670=CIRCLE('',#1969,8.);
#671=CIRCLE('',#1971,4.);
#672=CIRCLE('',#1972,4.);
#673=CIRCLE('',#1973,5.498409519533);
#674=CIRCLE('',#1974,1.498409519533);
#675=CIRCLE('',#1976,4.);
#676=CIRCLE('',#1977,4.);
#677=CIRCLE('',#1978,5.498409519533);
#678=CIRCLE('',#1979,1.498409519533);
#679=CIRCLE('',#1981,4.);
#680=CIRCLE('',#1982,4.);
#681=CIRCLE('',#1983,5.498409519533);
#682=CIRCLE('',#1984,1.498409519533);
#683=CIRCLE('',#1986,4.);
#684=CIRCLE('',#1987,4.);
#685=CIRCLE('',#1988,5.498409519533);
#686=CIRCLE('',#1989,1.498409519533);
#687=CIRCLE('',#1991,4.);
#688=CIRCLE('',#1992,8.);
#689=CIRCLE('',#1993,4.);
#690=CIRCLE('',#1994,4.);
#691=CIRCLE('',#1996,4.);
#692=CIRCLE('',#1999,4.);
#693=CIRCLE('',#2000,4.);
#694=CIRCLE('',#2002,4.);
#695=CIRCLE('',#2004,4.);
#696=CIRCLE('',#2006,5.498409519533);
#697=CIRCLE('',#2009,5.498409519533);
#698=CIRCLE('',#2012,4.);
#699=CIRCLE('',#2015,4.);
#700=CIRCLE('',#2020,5.498409519533);
#701=CIRCLE('',#2023,10.198409519533);
#702=CIRCLE('',#2024,4.);
#703=CIRCLE('',#2025,12.198409519533);
#704=CIRCLE('',#2026,12.198409519533);
#705=CIRCLE('',#2027,12.198409519533);
#706=CIRCLE('',#2028,12.198409519533);
#707=CIRCLE('',#2029,10.198409519533);
#708=CIRCLE('',#2030,10.198409519533);
#709=CIRCLE('',#2031,10.198409519533);
#710=CIRCLE('',#2034,12.198409519533);
#711=CIRCLE('',#2037,12.198409519533);
#712=CIRCLE('',#2040,12.198409519533);
#713=CIRCLE('',#2043,12.198409519533);
#714=CIRCLE('',#2046,10.198409519533);
#715=CIRCLE('',#2047,10.198409519533);
#716=CIRCLE('',#2048,4.);
#717=CIRCLE('',#2051,10.198409519533);
#718=CIRCLE('',#2054,10.198409519533);
#719=CIRCLE('',#2058,10.198409519533);
#720=CIRCLE('',#2063,10.198409519533);
#721=CIRCLE('',#2068,4.);
#722=CIRCLE('',#2070,1.42082043098343);
#723=CIRCLE('',#2071,0.2);
#724=CIRCLE('',#2072,1.22915745070245);
#725=CIRCLE('',#2073,1.22915745070245);
#726=CIRCLE('',#2075,1.42082043098343);
#727=CIRCLE('',#2077,0.2);
#728=CIRCLE('',#2078,1.22915745070245);
#729=CIRCLE('',#2079,1.22915745070245);
#730=CIRCLE('',#2081,1.42082043098342);
#731=CIRCLE('',#2082,0.2);
#732=CIRCLE('',#2083,1.22915745070244);
#733=CIRCLE('',#2085,1.42082043098342);
#734=CIRCLE('',#2087,0.2);
#735=CIRCLE('',#2088,1.22915745070244);
#736=CIRCLE('',#2090,0.75);
#737=CIRCLE('',#2091,0.5);
#738=CIRCLE('',#2094,0.75);
#739=CIRCLE('',#2095,0.5);
#740=CIRCLE('',#2098,0.5);
#741=CIRCLE('',#2099,0.75);
#742=CIRCLE('',#2102,0.5);
#743=CIRCLE('',#2103,0.75);
#744=CIRCLE('',#2106,4.);
#745=CIRCLE('',#2109,4.);
#746=CIRCLE('',#2110,4.);
#747=CIRCLE('',#2112,4.);
#748=CIRCLE('',#2113,4.);
#749=CIRCLE('',#2114,4.);
#750=CIRCLE('',#2115,8.198409519533);
#751=CIRCLE('',#2116,8.198409519533);
#752=CIRCLE('',#2117,8.198409519533);
#753=CIRCLE('',#2118,8.198409519533);
#754=CIRCLE('',#2120,4.);
#755=CIRCLE('',#2126,5.498409519533);
#756=CIRCLE('',#2128,8.198409519533);
#757=CIRCLE('',#2129,8.198409519533);
#758=CIRCLE('',#2130,8.198409519533);
#759=CIRCLE('',#2131,8.198409519533);
#760=VERTEX_POINT('',#2761);
#761=VERTEX_POINT('',#2762);
#762=VERTEX_POINT('',#2764);
#763=VERTEX_POINT('',#2766);
#764=VERTEX_POINT('',#2770);
#765=VERTEX_POINT('',#2771);
#766=VERTEX_POINT('',#2776);
#767=VERTEX_POINT('',#2777);
#768=VERTEX_POINT('',#2782);
#769=VERTEX_POINT('',#2783);
#770=VERTEX_POINT('',#2788);
#771=VERTEX_POINT('',#2789);
#772=VERTEX_POINT('',#2794);
#773=VERTEX_POINT('',#2795);
#774=VERTEX_POINT('',#2800);
#775=VERTEX_POINT('',#2801);
#776=VERTEX_POINT('',#2806);
#777=VERTEX_POINT('',#2807);
#778=VERTEX_POINT('',#2812);
#779=VERTEX_POINT('',#2813);
#780=VERTEX_POINT('',#2818);
#781=VERTEX_POINT('',#2819);
#782=VERTEX_POINT('',#2824);
#783=VERTEX_POINT('',#2825);
#784=VERTEX_POINT('',#2830);
#785=VERTEX_POINT('',#2831);
#786=VERTEX_POINT('',#2836);
#787=VERTEX_POINT('',#2837);
#788=VERTEX_POINT('',#2842);
#789=VERTEX_POINT('',#2844);
#790=VERTEX_POINT('',#2853);
#791=VERTEX_POINT('',#2855);
#792=VERTEX_POINT('',#2859);
#793=VERTEX_POINT('',#2863);
#794=VERTEX_POINT('',#2867);
#795=VERTEX_POINT('',#2871);
#796=VERTEX_POINT('',#2873);
#797=VERTEX_POINT('',#2875);
#798=VERTEX_POINT('',#2877);
#799=VERTEX_POINT('',#2879);
#800=VERTEX_POINT('',#2883);
#801=VERTEX_POINT('',#2887);
#802=VERTEX_POINT('',#2891);
#803=VERTEX_POINT('',#2896);
#804=VERTEX_POINT('',#2897);
#805=VERTEX_POINT('',#2899);
#806=VERTEX_POINT('',#2901);
#807=VERTEX_POINT('',#2905);
#808=VERTEX_POINT('',#2906);
#809=VERTEX_POINT('',#2911);
#810=VERTEX_POINT('',#2912);
#811=VERTEX_POINT('',#2931);
#812=VERTEX_POINT('',#2932);
#813=VERTEX_POINT('',#2937);
#814=VERTEX_POINT('',#2938);
#815=VERTEX_POINT('',#2957);
#816=VERTEX_POINT('',#2958);
#817=VERTEX_POINT('',#2963);
#818=VERTEX_POINT('',#2964);
#819=VERTEX_POINT('',#2983);
#820=VERTEX_POINT('',#2984);
#821=VERTEX_POINT('',#2989);
#822=VERTEX_POINT('',#2990);
#823=VERTEX_POINT('',#3009);
#824=VERTEX_POINT('',#3010);
#825=VERTEX_POINT('',#3015);
#826=VERTEX_POINT('',#3016);
#827=VERTEX_POINT('',#3018);
#828=VERTEX_POINT('',#3020);
#829=VERTEX_POINT('',#3024);
#830=VERTEX_POINT('',#3025);
#831=VERTEX_POINT('',#3033);
#832=VERTEX_POINT('',#3036);
#833=VERTEX_POINT('',#3044);
#834=VERTEX_POINT('',#3046);
#835=VERTEX_POINT('',#3050);
#836=VERTEX_POINT('',#3054);
#837=VERTEX_POINT('',#3058);
#838=VERTEX_POINT('',#3062);
#839=VERTEX_POINT('',#3066);
#840=VERTEX_POINT('',#3068);
#841=VERTEX_POINT('',#3070);
#842=VERTEX_POINT('',#3074);
#843=VERTEX_POINT('',#3078);
#844=VERTEX_POINT('',#3083);
#845=VERTEX_POINT('',#3085);
#846=VERTEX_POINT('',#3089);
#847=VERTEX_POINT('',#3095);
#848=VERTEX_POINT('',#3096);
#849=VERTEX_POINT('',#3098);
#850=VERTEX_POINT('',#3100);
#851=VERTEX_POINT('',#3102);
#852=VERTEX_POINT('',#3104);
#853=VERTEX_POINT('',#3106);
#854=VERTEX_POINT('',#3108);
#855=VERTEX_POINT('',#3110);
#856=VERTEX_POINT('',#3112);
#857=VERTEX_POINT('',#3114);
#858=VERTEX_POINT('',#3116);
#859=VERTEX_POINT('',#3119);
#860=VERTEX_POINT('',#3121);
#861=VERTEX_POINT('',#3123);
#862=VERTEX_POINT('',#3125);
#863=VERTEX_POINT('',#3127);
#864=VERTEX_POINT('',#3129);
#865=VERTEX_POINT('',#3133);
#866=VERTEX_POINT('',#3135);
#867=VERTEX_POINT('',#3139);
#868=VERTEX_POINT('',#3143);
#869=VERTEX_POINT('',#3147);
#870=VERTEX_POINT('',#3151);
#871=VERTEX_POINT('',#3155);
#872=VERTEX_POINT('',#3159);
#873=VERTEX_POINT('',#3163);
#874=VERTEX_POINT('',#3169);
#875=VERTEX_POINT('',#3170);
#876=VERTEX_POINT('',#3172);
#877=VERTEX_POINT('',#3174);
#878=VERTEX_POINT('',#3177);
#879=VERTEX_POINT('',#3181);
#880=VERTEX_POINT('',#3185);
#881=VERTEX_POINT('',#3189);
#882=VERTEX_POINT('',#3193);
#883=VERTEX_POINT('',#3197);
#884=VERTEX_POINT('',#3203);
#885=VERTEX_POINT('',#3209);
#886=VERTEX_POINT('',#3215);
#887=VERTEX_POINT('',#3221);
#888=VERTEX_POINT('',#3227);
#889=VERTEX_POINT('',#3231);
#890=VERTEX_POINT('',#3233);
#891=VERTEX_POINT('',#3235);
#892=VERTEX_POINT('',#3239);
#893=VERTEX_POINT('',#3240);
#894=VERTEX_POINT('',#3242);
#895=VERTEX_POINT('',#3244);
#896=VERTEX_POINT('',#3247);
#897=VERTEX_POINT('',#3250);
#898=VERTEX_POINT('',#3252);
#899=VERTEX_POINT('',#3256);
#900=VERTEX_POINT('',#3258);
#901=VERTEX_POINT('',#3262);
#902=VERTEX_POINT('',#3263);
#903=VERTEX_POINT('',#3265);
#904=VERTEX_POINT('',#3267);
#905=VERTEX_POINT('',#3270);
#906=VERTEX_POINT('',#3273);
#907=VERTEX_POINT('',#3277);
#908=VERTEX_POINT('',#3282);
#909=VERTEX_POINT('',#3287);
#910=VERTEX_POINT('',#3292);
#911=VERTEX_POINT('',#3297);
#912=VERTEX_POINT('',#3299);
#913=VERTEX_POINT('',#3303);
#914=VERTEX_POINT('',#3310);
#915=VERTEX_POINT('',#3313);
#916=VERTEX_POINT('',#3315);
#917=VERTEX_POINT('',#3317);
#918=VERTEX_POINT('',#3319);
#919=VERTEX_POINT('',#3321);
#920=VERTEX_POINT('',#3323);
#921=VERTEX_POINT('',#3326);
#922=VERTEX_POINT('',#3328);
#923=VERTEX_POINT('',#3332);
#924=VERTEX_POINT('',#3334);
#925=VERTEX_POINT('',#3338);
#926=VERTEX_POINT('',#3349);
#927=VERTEX_POINT('',#3351);
#928=VERTEX_POINT('',#3354);
#929=VERTEX_POINT('',#3356);
#930=EDGE_CURVE('',#760,#761,#630,.T.);
#931=EDGE_CURVE('',#761,#762,#631,.T.);
#932=EDGE_CURVE('',#762,#763,#632,.T.);
#933=EDGE_CURVE('',#763,#760,#633,.T.);
#934=EDGE_CURVE('',#764,#765,#634,.T.);
#935=EDGE_CURVE('',#765,#763,#69,.T.);
#936=EDGE_CURVE('',#762,#764,#70,.T.);
#937=EDGE_CURVE('',#766,#767,#635,.T.);
#938=EDGE_CURVE('',#767,#765,#636,.T.);
#939=EDGE_CURVE('',#764,#766,#637,.T.);
#940=EDGE_CURVE('',#768,#769,#638,.T.);
#941=EDGE_CURVE('',#769,#767,#71,.T.);
#942=EDGE_CURVE('',#766,#768,#72,.T.);
#943=EDGE_CURVE('',#770,#771,#639,.T.);
#944=EDGE_CURVE('',#771,#769,#640,.T.);
#945=EDGE_CURVE('',#768,#770,#641,.T.);
#946=EDGE_CURVE('',#772,#773,#642,.T.);
#947=EDGE_CURVE('',#773,#771,#73,.T.);
#948=EDGE_CURVE('',#770,#772,#74,.T.);
#949=EDGE_CURVE('',#774,#775,#643,.T.);
#950=EDGE_CURVE('',#775,#773,#644,.T.);
#951=EDGE_CURVE('',#772,#774,#645,.T.);
#952=EDGE_CURVE('',#776,#777,#646,.T.);
#953=EDGE_CURVE('',#777,#775,#75,.T.);
#954=EDGE_CURVE('',#774,#776,#76,.T.);
#955=EDGE_CURVE('',#778,#779,#647,.T.);
#956=EDGE_CURVE('',#779,#777,#648,.T.);
#957=EDGE_CURVE('',#776,#778,#649,.T.);
#958=EDGE_CURVE('',#780,#781,#650,.T.);
#959=EDGE_CURVE('',#781,#779,#77,.T.);
#960=EDGE_CURVE('',#778,#780,#78,.T.);
#961=EDGE_CURVE('',#782,#783,#651,.T.);
#962=EDGE_CURVE('',#783,#781,#652,.T.);
#963=EDGE_CURVE('',#780,#782,#653,.T.);
#964=EDGE_CURVE('',#784,#785,#654,.T.);
#965=EDGE_CURVE('',#785,#783,#79,.T.);
#966=EDGE_CURVE('',#782,#784,#80,.T.);
#967=EDGE_CURVE('',#786,#787,#655,.T.);
#968=EDGE_CURVE('',#787,#761,#81,.T.);
#969=EDGE_CURVE('',#760,#786,#82,.T.);
#970=EDGE_CURVE('',#787,#788,#656,.T.);
#971=EDGE_CURVE('',#788,#789,#83,.T.);
#972=EDGE_CURVE('',#789,#784,#657,.T.);
#973=EDGE_CURVE('',#784,#787,#84,.T.);
#974=EDGE_CURVE('',#789,#785,#658,.T.);
#975=EDGE_CURVE('',#786,#788,#659,.T.);
#976=EDGE_CURVE('',#790,#775,#85,.T.);
#977=EDGE_CURVE('',#790,#791,#660,.T.);
#978=EDGE_CURVE('',#791,#773,#86,.T.);
#979=EDGE_CURVE('',#792,#777,#87,.T.);
#980=EDGE_CURVE('',#792,#790,#88,.T.);
#981=EDGE_CURVE('',#793,#779,#89,.T.);
#982=EDGE_CURVE('',#793,#792,#661,.T.);
#983=EDGE_CURVE('',#794,#781,#90,.T.);
#984=EDGE_CURVE('',#794,#793,#91,.T.);
#985=EDGE_CURVE('',#783,#795,#92,.T.);
#986=EDGE_CURVE('',#795,#796,#662,.T.);
#987=EDGE_CURVE('',#796,#797,#93,.T.);
#988=EDGE_CURVE('',#797,#798,#663,.T.);
#989=EDGE_CURVE('',#798,#799,#94,.T.);
#990=EDGE_CURVE('',#799,#794,#664,.T.);
#991=EDGE_CURVE('',#800,#785,#95,.T.);
#992=EDGE_CURVE('',#795,#800,#96,.T.);
#993=EDGE_CURVE('',#789,#801,#97,.T.);
#994=EDGE_CURVE('',#801,#800,#665,.T.);
#995=EDGE_CURVE('',#802,#788,#98,.T.);
#996=EDGE_CURVE('',#801,#802,#99,.T.);
#997=EDGE_CURVE('',#803,#804,#666,.T.);
#998=EDGE_CURVE('',#804,#805,#100,.T.);
#999=EDGE_CURVE('',#805,#806,#667,.T.);
#1000=EDGE_CURVE('',#806,#803,#101,.T.);
#1001=EDGE_CURVE('',#807,#808,#668,.T.);
#1002=EDGE_CURVE('',#808,#806,#669,.T.);
#1003=EDGE_CURVE('',#805,#807,#670,.T.);
#1004=EDGE_CURVE('',#809,#810,#671,.T.);
#1005=EDGE_CURVE('',#810,#808,#102,.T.);
#1006=EDGE_CURVE('',#807,#809,#103,.T.);
#1007=EDGE_CURVE('',#811,#812,#672,.T.);
#1008=EDGE_CURVE('',#812,#810,#673,.T.);
#1009=EDGE_CURVE('',#809,#811,#674,.T.);
#1010=EDGE_CURVE('',#813,#814,#675,.T.);
#1011=EDGE_CURVE('',#814,#812,#104,.T.);
#1012=EDGE_CURVE('',#811,#813,#105,.T.);
#1013=EDGE_CURVE('',#815,#816,#676,.T.);
#1014=EDGE_CURVE('',#816,#814,#677,.T.);
#1015=EDGE_CURVE('',#813,#815,#678,.T.);
#1016=EDGE_CURVE('',#817,#818,#679,.T.);
#1017=EDGE_CURVE('',#818,#816,#106,.T.);
#1018=EDGE_CURVE('',#815,#817,#107,.T.);
#1019=EDGE_CURVE('',#819,#820,#680,.T.);
#1020=EDGE_CURVE('',#820,#818,#681,.T.);
#1021=EDGE_CURVE('',#817,#819,#682,.T.);
#1022=EDGE_CURVE('',#821,#822,#683,.T.);
#1023=EDGE_CURVE('',#822,#820,#108,.T.);
#1024=EDGE_CURVE('',#819,#821,#109,.T.);
#1025=EDGE_CURVE('',#823,#824,#684,.T.);
#1026=EDGE_CURVE('',#824,#822,#685,.T.);
#1027=EDGE_CURVE('',#821,#823,#686,.T.);
#1028=EDGE_CURVE('',#825,#826,#687,.T.);
#1029=EDGE_CURVE('',#826,#827,#688,.T.);
#1030=EDGE_CURVE('',#827,#828,#689,.T.);
#1031=EDGE_CURVE('',#828,#825,#690,.T.);
#1032=EDGE_CURVE('',#829,#830,#691,.T.);
#1033=EDGE_CURVE('',#830,#828,#110,.T.);
#1034=EDGE_CURVE('',#827,#829,#111,.T.);
#1035=EDGE_CURVE('',#825,#824,#112,.T.);
#1036=EDGE_CURVE('',#823,#826,#113,.T.);
#1037=EDGE_CURVE('',#831,#829,#692,.T.);
#1038=EDGE_CURVE('',#829,#804,#114,.T.);
#1039=EDGE_CURVE('',#804,#832,#693,.T.);
#1040=EDGE_CURVE('',#832,#831,#115,.T.);
#1041=EDGE_CURVE('',#831,#830,#694,.T.);
#1042=EDGE_CURVE('',#803,#832,#695,.T.);
#1043=EDGE_CURVE('',#833,#820,#116,.T.);
#1044=EDGE_CURVE('',#833,#834,#696,.T.);
#1045=EDGE_CURVE('',#834,#818,#117,.T.);
#1046=EDGE_CURVE('',#835,#822,#118,.T.);
#1047=EDGE_CURVE('',#835,#833,#119,.T.);
#1048=EDGE_CURVE('',#836,#824,#120,.T.);
#1049=EDGE_CURVE('',#836,#835,#697,.T.);
#1050=EDGE_CURVE('',#837,#825,#121,.T.);
#1051=EDGE_CURVE('',#837,#836,#122,.T.);
#1052=EDGE_CURVE('',#828,#838,#123,.T.);
#1053=EDGE_CURVE('',#838,#837,#698,.T.);
#1054=EDGE_CURVE('',#839,#830,#124,.T.);
#1055=EDGE_CURVE('',#840,#839,#125,.T.);
#1056=EDGE_CURVE('',#841,#840,#126,.T.);
#1057=EDGE_CURVE('',#841,#838,#127,.T.);
#1058=EDGE_CURVE('',#831,#842,#128,.T.);
#1059=EDGE_CURVE('',#842,#839,#699,.T.);
#1060=EDGE_CURVE('',#843,#832,#129,.T.);
#1061=EDGE_CURVE('',#842,#843,#130,.T.);
#1062=EDGE_CURVE('',#844,#814,#131,.T.);
#1063=EDGE_CURVE('',#844,#845,#132,.T.);
#1064=EDGE_CURVE('',#845,#812,#133,.T.);
#1065=EDGE_CURVE('',#846,#816,#134,.T.);
#1066=EDGE_CURVE('',#846,#844,#700,.T.);
#1067=EDGE_CURVE('',#834,#846,#135,.T.);
#1068=EDGE_CURVE('',#847,#848,#701,.T.);
#1069=EDGE_CURVE('',#849,#847,#136,.T.);
#1070=EDGE_CURVE('',#850,#849,#702,.T.);
#1071=EDGE_CURVE('',#850,#851,#137,.T.);
#1072=EDGE_CURVE('',#851,#852,#703,.T.);
#1073=EDGE_CURVE('',#852,#853,#138,.T.);
#1074=EDGE_CURVE('',#853,#854,#704,.T.);
#1075=EDGE_CURVE('',#854,#855,#139,.T.);
#1076=EDGE_CURVE('',#855,#856,#705,.T.);
#1077=EDGE_CURVE('',#856,#857,#140,.T.);
#1078=EDGE_CURVE('',#857,#858,#706,.T.);
#1079=EDGE_CURVE('',#858,#798,#141,.T.);
#1080=EDGE_CURVE('',#859,#797,#142,.T.);
#1081=EDGE_CURVE('',#860,#859,#707,.T.);
#1082=EDGE_CURVE('',#861,#860,#143,.T.);
#1083=EDGE_CURVE('',#862,#861,#708,.T.);
#1084=EDGE_CURVE('',#863,#862,#144,.T.);
#1085=EDGE_CURVE('',#864,#863,#709,.T.);
#1086=EDGE_CURVE('',#848,#864,#145,.T.);
#1087=EDGE_CURVE('',#865,#850,#146,.T.);
#1088=EDGE_CURVE('',#866,#865,#147,.T.);
#1089=EDGE_CURVE('',#851,#866,#148,.T.);
#1090=EDGE_CURVE('',#867,#866,#710,.T.);
#1091=EDGE_CURVE('',#852,#867,#149,.T.);
#1092=EDGE_CURVE('',#868,#867,#150,.T.);
#1093=EDGE_CURVE('',#853,#868,#151,.T.);
#1094=EDGE_CURVE('',#869,#868,#711,.T.);
#1095=EDGE_CURVE('',#854,#869,#152,.T.);
#1096=EDGE_CURVE('',#870,#869,#153,.T.);
#1097=EDGE_CURVE('',#855,#870,#154,.T.);
#1098=EDGE_CURVE('',#871,#870,#712,.T.);
#1099=EDGE_CURVE('',#856,#871,#155,.T.);
#1100=EDGE_CURVE('',#872,#871,#156,.T.);
#1101=EDGE_CURVE('',#857,#872,#157,.T.);
#1102=EDGE_CURVE('',#873,#872,#713,.T.);
#1103=EDGE_CURVE('',#858,#873,#158,.T.);
#1104=EDGE_CURVE('',#799,#873,#159,.T.);
#1105=EDGE_CURVE('',#874,#875,#714,.T.);
#1106=EDGE_CURVE('',#876,#874,#160,.T.);
#1107=EDGE_CURVE('',#877,#876,#715,.T.);
#1108=EDGE_CURVE('',#791,#877,#161,.T.);
#1109=EDGE_CURVE('',#878,#865,#716,.T.);
#1110=EDGE_CURVE('',#875,#878,#162,.T.);
#1111=EDGE_CURVE('',#879,#796,#163,.T.);
#1112=EDGE_CURVE('',#879,#859,#164,.T.);
#1113=EDGE_CURVE('',#880,#879,#717,.T.);
#1114=EDGE_CURVE('',#880,#860,#165,.T.);
#1115=EDGE_CURVE('',#881,#880,#166,.T.);
#1116=EDGE_CURVE('',#881,#861,#167,.T.);
#1117=EDGE_CURVE('',#882,#881,#718,.T.);
#1118=EDGE_CURVE('',#882,#862,#168,.T.);
#1119=EDGE_CURVE('',#883,#882,#169,.T.);
#1120=EDGE_CURVE('',#883,#863,#170,.T.);
#1121=EDGE_CURVE('',#877,#771,#171,.T.);
#1122=EDGE_CURVE('',#884,#883,#719,.T.);
#1123=EDGE_CURVE('',#884,#864,#172,.T.);
#1124=EDGE_CURVE('',#876,#769,#173,.T.);
#1125=EDGE_CURVE('',#885,#884,#174,.T.);
#1126=EDGE_CURVE('',#885,#848,#175,.T.);
#1127=EDGE_CURVE('',#874,#767,#176,.T.);
#1128=EDGE_CURVE('',#886,#885,#720,.T.);
#1129=EDGE_CURVE('',#886,#847,#177,.T.);
#1130=EDGE_CURVE('',#875,#765,#178,.T.);
#1131=EDGE_CURVE('',#887,#886,#179,.T.);
#1132=EDGE_CURVE('',#849,#887,#180,.T.);
#1133=EDGE_CURVE('',#763,#878,#181,.T.);
#1134=EDGE_CURVE('',#887,#888,#721,.T.);
#1135=EDGE_CURVE('',#888,#760,#182,.T.);
#1136=EDGE_CURVE('',#889,#889,#722,.T.);
#1137=EDGE_CURVE('',#889,#890,#723,.T.);
#1138=EDGE_CURVE('',#890,#891,#724,.T.);
#1139=EDGE_CURVE('',#891,#890,#725,.T.);
#1140=EDGE_CURVE('',#892,#893,#183,.T.);
#1141=EDGE_CURVE('',#892,#894,#184,.T.);
#1142=EDGE_CURVE('',#895,#894,#185,.T.);
#1143=EDGE_CURVE('',#893,#895,#186,.T.);
#1144=EDGE_CURVE('',#896,#896,#726,.T.);
#1145=EDGE_CURVE('',#896,#897,#727,.T.);
#1146=EDGE_CURVE('',#897,#898,#728,.T.);
#1147=EDGE_CURVE('',#898,#897,#729,.T.);
#1148=EDGE_CURVE('',#899,#899,#730,.T.);
#1149=EDGE_CURVE('',#899,#900,#731,.T.);
#1150=EDGE_CURVE('',#900,#900,#732,.T.);
#1151=EDGE_CURVE('',#901,#902,#187,.T.);
#1152=EDGE_CURVE('',#903,#901,#188,.T.);
#1153=EDGE_CURVE('',#904,#903,#189,.T.);
#1154=EDGE_CURVE('',#902,#904,#190,.T.);
#1155=EDGE_CURVE('',#905,#905,#733,.T.);
#1156=EDGE_CURVE('',#905,#906,#734,.T.);
#1157=EDGE_CURVE('',#906,#906,#735,.T.);
#1158=EDGE_CURVE('',#907,#907,#736,.T.);
#1159=EDGE_CURVE('',#907,#906,#737,.T.);
#1160=EDGE_CURVE('',#908,#908,#738,.T.);
#1161=EDGE_CURVE('',#908,#900,#739,.T.);
#1162=EDGE_CURVE('',#891,#909,#740,.T.);
#1163=EDGE_CURVE('',#909,#909,#741,.T.);
#1164=EDGE_CURVE('',#898,#910,#742,.T.);
#1165=EDGE_CURVE('',#910,#910,#743,.T.);
#1166=EDGE_CURVE('',#808,#911,#191,.T.);
#1167=EDGE_CURVE('',#911,#912,#744,.T.);
#1168=EDGE_CURVE('',#912,#806,#192,.T.);
#1169=EDGE_CURVE('',#913,#810,#193,.T.);
#1170=EDGE_CURVE('',#913,#911,#194,.T.);
#1171=EDGE_CURVE('',#840,#901,#745,.T.);
#1172=EDGE_CURVE('',#902,#841,#746,.F.);
#1173=EDGE_CURVE('',#914,#802,#747,.T.);
#1174=EDGE_CURVE('',#914,#888,#195,.T.);
#1175=EDGE_CURVE('',#915,#843,#748,.T.);
#1176=EDGE_CURVE('',#915,#916,#196,.T.);
#1177=EDGE_CURVE('',#917,#916,#749,.T.);
#1178=EDGE_CURVE('',#917,#918,#197,.T.);
#1179=EDGE_CURVE('',#918,#919,#750,.T.);
#1180=EDGE_CURVE('',#919,#920,#198,.T.);
#1181=EDGE_CURVE('',#920,#895,#751,.T.);
#1182=EDGE_CURVE('',#894,#921,#752,.T.);
#1183=EDGE_CURVE('',#921,#922,#199,.T.);
#1184=EDGE_CURVE('',#922,#903,#753,.T.);
#1185=EDGE_CURVE('',#916,#923,#200,.T.);
#1186=EDGE_CURVE('',#923,#924,#754,.F.);
#1187=EDGE_CURVE('',#924,#917,#201,.T.);
#1188=EDGE_CURVE('',#925,#924,#202,.T.);
#1189=EDGE_CURVE('',#925,#918,#203,.T.);
#1190=EDGE_CURVE('',#803,#915,#204,.T.);
#1191=EDGE_CURVE('',#786,#914,#205,.T.);
#1192=EDGE_CURVE('',#845,#913,#755,.T.);
#1193=EDGE_CURVE('',#904,#926,#756,.T.);
#1194=EDGE_CURVE('',#926,#927,#206,.T.);
#1195=EDGE_CURVE('',#927,#892,#757,.T.);
#1196=EDGE_CURVE('',#893,#928,#758,.T.);
#1197=EDGE_CURVE('',#928,#929,#207,.T.);
#1198=EDGE_CURVE('',#929,#925,#759,.T.);
#1199=EDGE_CURVE('',#912,#923,#208,.T.);
#1200=EDGE_CURVE('',#926,#922,#209,.T.);
#1201=EDGE_CURVE('',#927,#921,#210,.T.);
#1202=EDGE_CURVE('',#928,#920,#211,.T.);
#1203=EDGE_CURVE('',#929,#919,#212,.T.);
#1204=ORIENTED_EDGE('',*,*,#930,.T.);
#1205=ORIENTED_EDGE('',*,*,#931,.T.);
#1206=ORIENTED_EDGE('',*,*,#932,.T.);
#1207=ORIENTED_EDGE('',*,*,#933,.T.);
#1208=ORIENTED_EDGE('',*,*,#934,.T.);
#1209=ORIENTED_EDGE('',*,*,#935,.T.);
#1210=ORIENTED_EDGE('',*,*,#932,.F.);
#1211=ORIENTED_EDGE('',*,*,#936,.T.);
#1212=ORIENTED_EDGE('',*,*,#937,.T.);
#1213=ORIENTED_EDGE('',*,*,#938,.T.);
#1214=ORIENTED_EDGE('',*,*,#934,.F.);
#1215=ORIENTED_EDGE('',*,*,#939,.T.);
#1216=ORIENTED_EDGE('',*,*,#940,.T.);
#1217=ORIENTED_EDGE('',*,*,#941,.T.);
#1218=ORIENTED_EDGE('',*,*,#937,.F.);
#1219=ORIENTED_EDGE('',*,*,#942,.T.);
#1220=ORIENTED_EDGE('',*,*,#943,.T.);
#1221=ORIENTED_EDGE('',*,*,#944,.T.);
#1222=ORIENTED_EDGE('',*,*,#940,.F.);
#1223=ORIENTED_EDGE('',*,*,#945,.T.);
#1224=ORIENTED_EDGE('',*,*,#946,.T.);
#1225=ORIENTED_EDGE('',*,*,#947,.T.);
#1226=ORIENTED_EDGE('',*,*,#943,.F.);
#1227=ORIENTED_EDGE('',*,*,#948,.T.);
#1228=ORIENTED_EDGE('',*,*,#949,.T.);
#1229=ORIENTED_EDGE('',*,*,#950,.T.);
#1230=ORIENTED_EDGE('',*,*,#946,.F.);
#1231=ORIENTED_EDGE('',*,*,#951,.T.);
#1232=ORIENTED_EDGE('',*,*,#952,.T.);
#1233=ORIENTED_EDGE('',*,*,#953,.T.);
#1234=ORIENTED_EDGE('',*,*,#949,.F.);
#1235=ORIENTED_EDGE('',*,*,#954,.T.);
#1236=ORIENTED_EDGE('',*,*,#955,.T.);
#1237=ORIENTED_EDGE('',*,*,#956,.T.);
#1238=ORIENTED_EDGE('',*,*,#952,.F.);
#1239=ORIENTED_EDGE('',*,*,#957,.T.);
#1240=ORIENTED_EDGE('',*,*,#958,.T.);
#1241=ORIENTED_EDGE('',*,*,#959,.T.);
#1242=ORIENTED_EDGE('',*,*,#955,.F.);
#1243=ORIENTED_EDGE('',*,*,#960,.T.);
#1244=ORIENTED_EDGE('',*,*,#961,.T.);
#1245=ORIENTED_EDGE('',*,*,#962,.T.);
#1246=ORIENTED_EDGE('',*,*,#958,.F.);
#1247=ORIENTED_EDGE('',*,*,#963,.T.);
#1248=ORIENTED_EDGE('',*,*,#964,.T.);
#1249=ORIENTED_EDGE('',*,*,#965,.T.);
#1250=ORIENTED_EDGE('',*,*,#961,.F.);
#1251=ORIENTED_EDGE('',*,*,#966,.T.);
#1252=ORIENTED_EDGE('',*,*,#967,.T.);
#1253=ORIENTED_EDGE('',*,*,#968,.T.);
#1254=ORIENTED_EDGE('',*,*,#930,.F.);
#1255=ORIENTED_EDGE('',*,*,#969,.T.);
#1256=ORIENTED_EDGE('',*,*,#970,.T.);
#1257=ORIENTED_EDGE('',*,*,#971,.T.);
#1258=ORIENTED_EDGE('',*,*,#972,.T.);
#1259=ORIENTED_EDGE('',*,*,#973,.T.);
#1260=ORIENTED_EDGE('',*,*,#972,.F.);
#1261=ORIENTED_EDGE('',*,*,#974,.T.);
#1262=ORIENTED_EDGE('',*,*,#964,.F.);
#1263=ORIENTED_EDGE('',*,*,#967,.F.);
#1264=ORIENTED_EDGE('',*,*,#975,.T.);
#1265=ORIENTED_EDGE('',*,*,#970,.F.);
#1266=ORIENTED_EDGE('',*,*,#950,.F.);
#1267=ORIENTED_EDGE('',*,*,#976,.F.);
#1268=ORIENTED_EDGE('',*,*,#977,.T.);
#1269=ORIENTED_EDGE('',*,*,#978,.T.);
#1270=ORIENTED_EDGE('',*,*,#953,.F.);
#1271=ORIENTED_EDGE('',*,*,#979,.F.);
#1272=ORIENTED_EDGE('',*,*,#980,.T.);
#1273=ORIENTED_EDGE('',*,*,#976,.T.);
#1274=ORIENTED_EDGE('',*,*,#956,.F.);
#1275=ORIENTED_EDGE('',*,*,#981,.F.);
#1276=ORIENTED_EDGE('',*,*,#982,.T.);
#1277=ORIENTED_EDGE('',*,*,#979,.T.);
#1278=ORIENTED_EDGE('',*,*,#959,.F.);
#1279=ORIENTED_EDGE('',*,*,#983,.F.);
#1280=ORIENTED_EDGE('',*,*,#984,.T.);
#1281=ORIENTED_EDGE('',*,*,#981,.T.);
#1282=ORIENTED_EDGE('',*,*,#962,.F.);
#1283=ORIENTED_EDGE('',*,*,#985,.T.);
#1284=ORIENTED_EDGE('',*,*,#986,.T.);
#1285=ORIENTED_EDGE('',*,*,#987,.T.);
#1286=ORIENTED_EDGE('',*,*,#988,.T.);
#1287=ORIENTED_EDGE('',*,*,#989,.T.);
#1288=ORIENTED_EDGE('',*,*,#990,.T.);
#1289=ORIENTED_EDGE('',*,*,#983,.T.);
#1290=ORIENTED_EDGE('',*,*,#965,.F.);
#1291=ORIENTED_EDGE('',*,*,#991,.F.);
#1292=ORIENTED_EDGE('',*,*,#992,.F.);
#1293=ORIENTED_EDGE('',*,*,#985,.F.);
#1294=ORIENTED_EDGE('',*,*,#974,.F.);
#1295=ORIENTED_EDGE('',*,*,#993,.T.);
#1296=ORIENTED_EDGE('',*,*,#994,.T.);
#1297=ORIENTED_EDGE('',*,*,#991,.T.);
#1298=ORIENTED_EDGE('',*,*,#971,.F.);
#1299=ORIENTED_EDGE('',*,*,#995,.F.);
#1300=ORIENTED_EDGE('',*,*,#996,.F.);
#1301=ORIENTED_EDGE('',*,*,#993,.F.);
#1302=ORIENTED_EDGE('',*,*,#931,.F.);
#1303=ORIENTED_EDGE('',*,*,#968,.F.);
#1304=ORIENTED_EDGE('',*,*,#973,.F.);
#1305=ORIENTED_EDGE('',*,*,#966,.F.);
#1306=ORIENTED_EDGE('',*,*,#963,.F.);
#1307=ORIENTED_EDGE('',*,*,#960,.F.);
#1308=ORIENTED_EDGE('',*,*,#957,.F.);
#1309=ORIENTED_EDGE('',*,*,#954,.F.);
#1310=ORIENTED_EDGE('',*,*,#951,.F.);
#1311=ORIENTED_EDGE('',*,*,#948,.F.);
#1312=ORIENTED_EDGE('',*,*,#945,.F.);
#1313=ORIENTED_EDGE('',*,*,#942,.F.);
#1314=ORIENTED_EDGE('',*,*,#939,.F.);
#1315=ORIENTED_EDGE('',*,*,#936,.F.);
#1316=ORIENTED_EDGE('',*,*,#997,.T.);
#1317=ORIENTED_EDGE('',*,*,#998,.T.);
#1318=ORIENTED_EDGE('',*,*,#999,.T.);
#1319=ORIENTED_EDGE('',*,*,#1000,.T.);
#1320=ORIENTED_EDGE('',*,*,#1001,.T.);
#1321=ORIENTED_EDGE('',*,*,#1002,.T.);
#1322=ORIENTED_EDGE('',*,*,#999,.F.);
#1323=ORIENTED_EDGE('',*,*,#1003,.T.);
#1324=ORIENTED_EDGE('',*,*,#1004,.T.);
#1325=ORIENTED_EDGE('',*,*,#1005,.T.);
#1326=ORIENTED_EDGE('',*,*,#1001,.F.);
#1327=ORIENTED_EDGE('',*,*,#1006,.T.);
#1328=ORIENTED_EDGE('',*,*,#1007,.T.);
#1329=ORIENTED_EDGE('',*,*,#1008,.T.);
#1330=ORIENTED_EDGE('',*,*,#1004,.F.);
#1331=ORIENTED_EDGE('',*,*,#1009,.T.);
#1332=ORIENTED_EDGE('',*,*,#1010,.T.);
#1333=ORIENTED_EDGE('',*,*,#1011,.T.);
#1334=ORIENTED_EDGE('',*,*,#1007,.F.);
#1335=ORIENTED_EDGE('',*,*,#1012,.T.);
#1336=ORIENTED_EDGE('',*,*,#1013,.T.);
#1337=ORIENTED_EDGE('',*,*,#1014,.T.);
#1338=ORIENTED_EDGE('',*,*,#1010,.F.);
#1339=ORIENTED_EDGE('',*,*,#1015,.T.);
#1340=ORIENTED_EDGE('',*,*,#1016,.T.);
#1341=ORIENTED_EDGE('',*,*,#1017,.T.);
#1342=ORIENTED_EDGE('',*,*,#1013,.F.);
#1343=ORIENTED_EDGE('',*,*,#1018,.T.);
#1344=ORIENTED_EDGE('',*,*,#1019,.T.);
#1345=ORIENTED_EDGE('',*,*,#1020,.T.);
#1346=ORIENTED_EDGE('',*,*,#1016,.F.);
#1347=ORIENTED_EDGE('',*,*,#1021,.T.);
#1348=ORIENTED_EDGE('',*,*,#1022,.T.);
#1349=ORIENTED_EDGE('',*,*,#1023,.T.);
#1350=ORIENTED_EDGE('',*,*,#1019,.F.);
#1351=ORIENTED_EDGE('',*,*,#1024,.T.);
#1352=ORIENTED_EDGE('',*,*,#1025,.T.);
#1353=ORIENTED_EDGE('',*,*,#1026,.T.);
#1354=ORIENTED_EDGE('',*,*,#1022,.F.);
#1355=ORIENTED_EDGE('',*,*,#1027,.T.);
#1356=ORIENTED_EDGE('',*,*,#1028,.T.);
#1357=ORIENTED_EDGE('',*,*,#1029,.T.);
#1358=ORIENTED_EDGE('',*,*,#1030,.T.);
#1359=ORIENTED_EDGE('',*,*,#1031,.T.);
#1360=ORIENTED_EDGE('',*,*,#1032,.T.);
#1361=ORIENTED_EDGE('',*,*,#1033,.T.);
#1362=ORIENTED_EDGE('',*,*,#1030,.F.);
#1363=ORIENTED_EDGE('',*,*,#1034,.T.);
#1364=ORIENTED_EDGE('',*,*,#1028,.F.);
#1365=ORIENTED_EDGE('',*,*,#1035,.T.);
#1366=ORIENTED_EDGE('',*,*,#1025,.F.);
#1367=ORIENTED_EDGE('',*,*,#1036,.T.);
#1368=ORIENTED_EDGE('',*,*,#1037,.T.);
#1369=ORIENTED_EDGE('',*,*,#1038,.T.);
#1370=ORIENTED_EDGE('',*,*,#1039,.T.);
#1371=ORIENTED_EDGE('',*,*,#1040,.T.);
#1372=ORIENTED_EDGE('',*,*,#1037,.F.);
#1373=ORIENTED_EDGE('',*,*,#1041,.T.);
#1374=ORIENTED_EDGE('',*,*,#1032,.F.);
#1375=ORIENTED_EDGE('',*,*,#997,.F.);
#1376=ORIENTED_EDGE('',*,*,#1042,.T.);
#1377=ORIENTED_EDGE('',*,*,#1039,.F.);
#1378=ORIENTED_EDGE('',*,*,#1020,.F.);
#1379=ORIENTED_EDGE('',*,*,#1043,.F.);
#1380=ORIENTED_EDGE('',*,*,#1044,.T.);
#1381=ORIENTED_EDGE('',*,*,#1045,.T.);
#1382=ORIENTED_EDGE('',*,*,#1023,.F.);
#1383=ORIENTED_EDGE('',*,*,#1046,.F.);
#1384=ORIENTED_EDGE('',*,*,#1047,.T.);
#1385=ORIENTED_EDGE('',*,*,#1043,.T.);
#1386=ORIENTED_EDGE('',*,*,#1026,.F.);
#1387=ORIENTED_EDGE('',*,*,#1048,.F.);
#1388=ORIENTED_EDGE('',*,*,#1049,.T.);
#1389=ORIENTED_EDGE('',*,*,#1046,.T.);
#1390=ORIENTED_EDGE('',*,*,#1035,.F.);
#1391=ORIENTED_EDGE('',*,*,#1050,.F.);
#1392=ORIENTED_EDGE('',*,*,#1051,.T.);
#1393=ORIENTED_EDGE('',*,*,#1048,.T.);
#1394=ORIENTED_EDGE('',*,*,#1031,.F.);
#1395=ORIENTED_EDGE('',*,*,#1052,.T.);
#1396=ORIENTED_EDGE('',*,*,#1053,.T.);
#1397=ORIENTED_EDGE('',*,*,#1050,.T.);
#1398=ORIENTED_EDGE('',*,*,#1033,.F.);
#1399=ORIENTED_EDGE('',*,*,#1054,.F.);
#1400=ORIENTED_EDGE('',*,*,#1055,.F.);
#1401=ORIENTED_EDGE('',*,*,#1056,.F.);
#1402=ORIENTED_EDGE('',*,*,#1057,.T.);
#1403=ORIENTED_EDGE('',*,*,#1052,.F.);
#1404=ORIENTED_EDGE('',*,*,#1041,.F.);
#1405=ORIENTED_EDGE('',*,*,#1058,.T.);
#1406=ORIENTED_EDGE('',*,*,#1059,.T.);
#1407=ORIENTED_EDGE('',*,*,#1054,.T.);
#1408=ORIENTED_EDGE('',*,*,#1040,.F.);
#1409=ORIENTED_EDGE('',*,*,#1060,.F.);
#1410=ORIENTED_EDGE('',*,*,#1061,.F.);
#1411=ORIENTED_EDGE('',*,*,#1058,.F.);
#1412=ORIENTED_EDGE('',*,*,#1029,.F.);
#1413=ORIENTED_EDGE('',*,*,#1036,.F.);
#1414=ORIENTED_EDGE('',*,*,#1027,.F.);
#1415=ORIENTED_EDGE('',*,*,#1024,.F.);
#1416=ORIENTED_EDGE('',*,*,#1021,.F.);
#1417=ORIENTED_EDGE('',*,*,#1018,.F.);
#1418=ORIENTED_EDGE('',*,*,#1015,.F.);
#1419=ORIENTED_EDGE('',*,*,#1012,.F.);
#1420=ORIENTED_EDGE('',*,*,#1009,.F.);
#1421=ORIENTED_EDGE('',*,*,#1006,.F.);
#1422=ORIENTED_EDGE('',*,*,#1003,.F.);
#1423=ORIENTED_EDGE('',*,*,#998,.F.);
#1424=ORIENTED_EDGE('',*,*,#1038,.F.);
#1425=ORIENTED_EDGE('',*,*,#1034,.F.);
#1426=ORIENTED_EDGE('',*,*,#1011,.F.);
#1427=ORIENTED_EDGE('',*,*,#1062,.F.);
#1428=ORIENTED_EDGE('',*,*,#1063,.T.);
#1429=ORIENTED_EDGE('',*,*,#1064,.T.);
#1430=ORIENTED_EDGE('',*,*,#1014,.F.);
#1431=ORIENTED_EDGE('',*,*,#1065,.F.);
#1432=ORIENTED_EDGE('',*,*,#1066,.T.);
#1433=ORIENTED_EDGE('',*,*,#1062,.T.);
#1434=ORIENTED_EDGE('',*,*,#1017,.F.);
#1435=ORIENTED_EDGE('',*,*,#1045,.F.);
#1436=ORIENTED_EDGE('',*,*,#1067,.T.);
#1437=ORIENTED_EDGE('',*,*,#1065,.T.);
#1438=ORIENTED_EDGE('',*,*,#1068,.F.);
#1439=ORIENTED_EDGE('',*,*,#1069,.F.);
#1440=ORIENTED_EDGE('',*,*,#1070,.F.);
#1441=ORIENTED_EDGE('',*,*,#1071,.T.);
#1442=ORIENTED_EDGE('',*,*,#1072,.T.);
#1443=ORIENTED_EDGE('',*,*,#1073,.T.);
#1444=ORIENTED_EDGE('',*,*,#1074,.T.);
#1445=ORIENTED_EDGE('',*,*,#1075,.T.);
#1446=ORIENTED_EDGE('',*,*,#1076,.T.);
#1447=ORIENTED_EDGE('',*,*,#1077,.T.);
#1448=ORIENTED_EDGE('',*,*,#1078,.T.);
#1449=ORIENTED_EDGE('',*,*,#1079,.T.);
#1450=ORIENTED_EDGE('',*,*,#988,.F.);
#1451=ORIENTED_EDGE('',*,*,#1080,.F.);
#1452=ORIENTED_EDGE('',*,*,#1081,.F.);
#1453=ORIENTED_EDGE('',*,*,#1082,.F.);
#1454=ORIENTED_EDGE('',*,*,#1083,.F.);
#1455=ORIENTED_EDGE('',*,*,#1084,.F.);
#1456=ORIENTED_EDGE('',*,*,#1085,.F.);
#1457=ORIENTED_EDGE('',*,*,#1086,.F.);
#1458=ORIENTED_EDGE('',*,*,#1087,.F.);
#1459=ORIENTED_EDGE('',*,*,#1088,.F.);
#1460=ORIENTED_EDGE('',*,*,#1089,.F.);
#1461=ORIENTED_EDGE('',*,*,#1071,.F.);
#1462=ORIENTED_EDGE('',*,*,#1089,.T.);
#1463=ORIENTED_EDGE('',*,*,#1090,.F.);
#1464=ORIENTED_EDGE('',*,*,#1091,.F.);
#1465=ORIENTED_EDGE('',*,*,#1072,.F.);
#1466=ORIENTED_EDGE('',*,*,#1091,.T.);
#1467=ORIENTED_EDGE('',*,*,#1092,.F.);
#1468=ORIENTED_EDGE('',*,*,#1093,.F.);
#1469=ORIENTED_EDGE('',*,*,#1073,.F.);
#1470=ORIENTED_EDGE('',*,*,#1093,.T.);
#1471=ORIENTED_EDGE('',*,*,#1094,.F.);
#1472=ORIENTED_EDGE('',*,*,#1095,.F.);
#1473=ORIENTED_EDGE('',*,*,#1074,.F.);
#1474=ORIENTED_EDGE('',*,*,#1095,.T.);
#1475=ORIENTED_EDGE('',*,*,#1096,.F.);
#1476=ORIENTED_EDGE('',*,*,#1097,.F.);
#1477=ORIENTED_EDGE('',*,*,#1075,.F.);
#1478=ORIENTED_EDGE('',*,*,#1097,.T.);
#1479=ORIENTED_EDGE('',*,*,#1098,.F.);
#1480=ORIENTED_EDGE('',*,*,#1099,.F.);
#1481=ORIENTED_EDGE('',*,*,#1076,.F.);
#1482=ORIENTED_EDGE('',*,*,#1099,.T.);
#1483=ORIENTED_EDGE('',*,*,#1100,.F.);
#1484=ORIENTED_EDGE('',*,*,#1101,.F.);
#1485=ORIENTED_EDGE('',*,*,#1077,.F.);
#1486=ORIENTED_EDGE('',*,*,#1101,.T.);
#1487=ORIENTED_EDGE('',*,*,#1102,.F.);
#1488=ORIENTED_EDGE('',*,*,#1103,.F.);
#1489=ORIENTED_EDGE('',*,*,#1078,.F.);
#1490=ORIENTED_EDGE('',*,*,#1103,.T.);
#1491=ORIENTED_EDGE('',*,*,#1104,.F.);
#1492=ORIENTED_EDGE('',*,*,#989,.F.);
#1493=ORIENTED_EDGE('',*,*,#1079,.F.);
#1494=ORIENTED_EDGE('',*,*,#1105,.F.);
#1495=ORIENTED_EDGE('',*,*,#1106,.F.);
#1496=ORIENTED_EDGE('',*,*,#1107,.F.);
#1497=ORIENTED_EDGE('',*,*,#1108,.F.);
#1498=ORIENTED_EDGE('',*,*,#977,.F.);
#1499=ORIENTED_EDGE('',*,*,#980,.F.);
#1500=ORIENTED_EDGE('',*,*,#982,.F.);
#1501=ORIENTED_EDGE('',*,*,#984,.F.);
#1502=ORIENTED_EDGE('',*,*,#990,.F.);
#1503=ORIENTED_EDGE('',*,*,#1104,.T.);
#1504=ORIENTED_EDGE('',*,*,#1102,.T.);
#1505=ORIENTED_EDGE('',*,*,#1100,.T.);
#1506=ORIENTED_EDGE('',*,*,#1098,.T.);
#1507=ORIENTED_EDGE('',*,*,#1096,.T.);
#1508=ORIENTED_EDGE('',*,*,#1094,.T.);
#1509=ORIENTED_EDGE('',*,*,#1092,.T.);
#1510=ORIENTED_EDGE('',*,*,#1090,.T.);
#1511=ORIENTED_EDGE('',*,*,#1088,.T.);
#1512=ORIENTED_EDGE('',*,*,#1109,.F.);
#1513=ORIENTED_EDGE('',*,*,#1110,.F.);
#1514=ORIENTED_EDGE('',*,*,#1080,.T.);
#1515=ORIENTED_EDGE('',*,*,#987,.F.);
#1516=ORIENTED_EDGE('',*,*,#1111,.F.);
#1517=ORIENTED_EDGE('',*,*,#1112,.T.);
#1518=ORIENTED_EDGE('',*,*,#1081,.T.);
#1519=ORIENTED_EDGE('',*,*,#1112,.F.);
#1520=ORIENTED_EDGE('',*,*,#1113,.F.);
#1521=ORIENTED_EDGE('',*,*,#1114,.T.);
#1522=ORIENTED_EDGE('',*,*,#1082,.T.);
#1523=ORIENTED_EDGE('',*,*,#1114,.F.);
#1524=ORIENTED_EDGE('',*,*,#1115,.F.);
#1525=ORIENTED_EDGE('',*,*,#1116,.T.);
#1526=ORIENTED_EDGE('',*,*,#1083,.T.);
#1527=ORIENTED_EDGE('',*,*,#1116,.F.);
#1528=ORIENTED_EDGE('',*,*,#1117,.F.);
#1529=ORIENTED_EDGE('',*,*,#1118,.T.);
#1530=ORIENTED_EDGE('',*,*,#1084,.T.);
#1531=ORIENTED_EDGE('',*,*,#1118,.F.);
#1532=ORIENTED_EDGE('',*,*,#1119,.F.);
#1533=ORIENTED_EDGE('',*,*,#1120,.T.);
#1534=ORIENTED_EDGE('',*,*,#947,.F.);
#1535=ORIENTED_EDGE('',*,*,#978,.F.);
#1536=ORIENTED_EDGE('',*,*,#1108,.T.);
#1537=ORIENTED_EDGE('',*,*,#1121,.T.);
#1538=ORIENTED_EDGE('',*,*,#1085,.T.);
#1539=ORIENTED_EDGE('',*,*,#1120,.F.);
#1540=ORIENTED_EDGE('',*,*,#1122,.F.);
#1541=ORIENTED_EDGE('',*,*,#1123,.T.);
#1542=ORIENTED_EDGE('',*,*,#944,.F.);
#1543=ORIENTED_EDGE('',*,*,#1121,.F.);
#1544=ORIENTED_EDGE('',*,*,#1107,.T.);
#1545=ORIENTED_EDGE('',*,*,#1124,.T.);
#1546=ORIENTED_EDGE('',*,*,#1086,.T.);
#1547=ORIENTED_EDGE('',*,*,#1123,.F.);
#1548=ORIENTED_EDGE('',*,*,#1125,.F.);
#1549=ORIENTED_EDGE('',*,*,#1126,.T.);
#1550=ORIENTED_EDGE('',*,*,#941,.F.);
#1551=ORIENTED_EDGE('',*,*,#1124,.F.);
#1552=ORIENTED_EDGE('',*,*,#1106,.T.);
#1553=ORIENTED_EDGE('',*,*,#1127,.T.);
#1554=ORIENTED_EDGE('',*,*,#1068,.T.);
#1555=ORIENTED_EDGE('',*,*,#1126,.F.);
#1556=ORIENTED_EDGE('',*,*,#1128,.F.);
#1557=ORIENTED_EDGE('',*,*,#1129,.T.);
#1558=ORIENTED_EDGE('',*,*,#938,.F.);
#1559=ORIENTED_EDGE('',*,*,#1127,.F.);
#1560=ORIENTED_EDGE('',*,*,#1105,.T.);
#1561=ORIENTED_EDGE('',*,*,#1130,.T.);
#1562=ORIENTED_EDGE('',*,*,#1069,.T.);
#1563=ORIENTED_EDGE('',*,*,#1129,.F.);
#1564=ORIENTED_EDGE('',*,*,#1131,.F.);
#1565=ORIENTED_EDGE('',*,*,#1132,.F.);
#1566=ORIENTED_EDGE('',*,*,#935,.F.);
#1567=ORIENTED_EDGE('',*,*,#1130,.F.);
#1568=ORIENTED_EDGE('',*,*,#1110,.T.);
#1569=ORIENTED_EDGE('',*,*,#1133,.F.);
#1570=ORIENTED_EDGE('',*,*,#933,.F.);
#1571=ORIENTED_EDGE('',*,*,#1133,.T.);
#1572=ORIENTED_EDGE('',*,*,#1109,.T.);
#1573=ORIENTED_EDGE('',*,*,#1087,.T.);
#1574=ORIENTED_EDGE('',*,*,#1070,.T.);
#1575=ORIENTED_EDGE('',*,*,#1132,.T.);
#1576=ORIENTED_EDGE('',*,*,#1134,.T.);
#1577=ORIENTED_EDGE('',*,*,#1135,.T.);
#1578=ORIENTED_EDGE('',*,*,#1136,.T.);
#1579=ORIENTED_EDGE('',*,*,#1137,.T.);
#1580=ORIENTED_EDGE('',*,*,#1138,.T.);
#1581=ORIENTED_EDGE('',*,*,#1139,.T.);
#1582=ORIENTED_EDGE('',*,*,#1137,.F.);
#1583=ORIENTED_EDGE('',*,*,#1140,.F.);
#1584=ORIENTED_EDGE('',*,*,#1141,.T.);
#1585=ORIENTED_EDGE('',*,*,#1142,.F.);
#1586=ORIENTED_EDGE('',*,*,#1143,.F.);
#1587=ORIENTED_EDGE('',*,*,#1144,.F.);
#1588=ORIENTED_EDGE('',*,*,#1136,.F.);
#1589=ORIENTED_EDGE('',*,*,#1144,.T.);
#1590=ORIENTED_EDGE('',*,*,#1145,.T.);
#1591=ORIENTED_EDGE('',*,*,#1146,.T.);
#1592=ORIENTED_EDGE('',*,*,#1147,.T.);
#1593=ORIENTED_EDGE('',*,*,#1145,.F.);
#1594=ORIENTED_EDGE('',*,*,#1148,.T.);
#1595=ORIENTED_EDGE('',*,*,#1149,.T.);
#1596=ORIENTED_EDGE('',*,*,#1150,.T.);
#1597=ORIENTED_EDGE('',*,*,#1149,.F.);
#1598=ORIENTED_EDGE('',*,*,#1151,.F.);
#1599=ORIENTED_EDGE('',*,*,#1152,.F.);
#1600=ORIENTED_EDGE('',*,*,#1153,.F.);
#1601=ORIENTED_EDGE('',*,*,#1154,.F.);
#1602=ORIENTED_EDGE('',*,*,#1155,.F.);
#1603=ORIENTED_EDGE('',*,*,#1148,.F.);
#1604=ORIENTED_EDGE('',*,*,#1155,.T.);
#1605=ORIENTED_EDGE('',*,*,#1156,.T.);
#1606=ORIENTED_EDGE('',*,*,#1157,.T.);
#1607=ORIENTED_EDGE('',*,*,#1156,.F.);
#1608=ORIENTED_EDGE('',*,*,#1158,.T.);
#1609=ORIENTED_EDGE('',*,*,#1159,.T.);
#1610=ORIENTED_EDGE('',*,*,#1157,.F.);
#1611=ORIENTED_EDGE('',*,*,#1159,.F.);
#1612=ORIENTED_EDGE('',*,*,#1158,.F.);
#1613=ORIENTED_EDGE('',*,*,#1160,.T.);
#1614=ORIENTED_EDGE('',*,*,#1161,.T.);
#1615=ORIENTED_EDGE('',*,*,#1150,.F.);
#1616=ORIENTED_EDGE('',*,*,#1161,.F.);
#1617=ORIENTED_EDGE('',*,*,#1160,.F.);
#1618=ORIENTED_EDGE('',*,*,#1138,.F.);
#1619=ORIENTED_EDGE('',*,*,#1139,.F.);
#1620=ORIENTED_EDGE('',*,*,#1162,.T.);
#1621=ORIENTED_EDGE('',*,*,#1163,.T.);
#1622=ORIENTED_EDGE('',*,*,#1162,.F.);
#1623=ORIENTED_EDGE('',*,*,#1163,.F.);
#1624=ORIENTED_EDGE('',*,*,#1146,.F.);
#1625=ORIENTED_EDGE('',*,*,#1147,.F.);
#1626=ORIENTED_EDGE('',*,*,#1164,.T.);
#1627=ORIENTED_EDGE('',*,*,#1165,.T.);
#1628=ORIENTED_EDGE('',*,*,#1164,.F.);
#1629=ORIENTED_EDGE('',*,*,#1165,.F.);
#1630=ORIENTED_EDGE('',*,*,#1002,.F.);
#1631=ORIENTED_EDGE('',*,*,#1166,.T.);
#1632=ORIENTED_EDGE('',*,*,#1167,.T.);
#1633=ORIENTED_EDGE('',*,*,#1168,.T.);
#1634=ORIENTED_EDGE('',*,*,#1005,.F.);
#1635=ORIENTED_EDGE('',*,*,#1169,.F.);
#1636=ORIENTED_EDGE('',*,*,#1170,.T.);
#1637=ORIENTED_EDGE('',*,*,#1166,.F.);
#1638=ORIENTED_EDGE('',*,*,#1171,.T.);
#1639=ORIENTED_EDGE('',*,*,#1151,.T.);
#1640=ORIENTED_EDGE('',*,*,#1172,.T.);
#1641=ORIENTED_EDGE('',*,*,#1056,.T.);
#1642=ORIENTED_EDGE('',*,*,#994,.F.);
#1643=ORIENTED_EDGE('',*,*,#996,.T.);
#1644=ORIENTED_EDGE('',*,*,#1173,.F.);
#1645=ORIENTED_EDGE('',*,*,#1174,.T.);
#1646=ORIENTED_EDGE('',*,*,#1134,.F.);
#1647=ORIENTED_EDGE('',*,*,#1131,.T.);
#1648=ORIENTED_EDGE('',*,*,#1128,.T.);
#1649=ORIENTED_EDGE('',*,*,#1125,.T.);
#1650=ORIENTED_EDGE('',*,*,#1122,.T.);
#1651=ORIENTED_EDGE('',*,*,#1119,.T.);
#1652=ORIENTED_EDGE('',*,*,#1117,.T.);
#1653=ORIENTED_EDGE('',*,*,#1115,.T.);
#1654=ORIENTED_EDGE('',*,*,#1113,.T.);
#1655=ORIENTED_EDGE('',*,*,#1111,.T.);
#1656=ORIENTED_EDGE('',*,*,#986,.F.);
#1657=ORIENTED_EDGE('',*,*,#992,.T.);
#1658=ORIENTED_EDGE('',*,*,#1171,.F.);
#1659=ORIENTED_EDGE('',*,*,#1055,.T.);
#1660=ORIENTED_EDGE('',*,*,#1059,.F.);
#1661=ORIENTED_EDGE('',*,*,#1061,.T.);
#1662=ORIENTED_EDGE('',*,*,#1175,.F.);
#1663=ORIENTED_EDGE('',*,*,#1176,.T.);
#1664=ORIENTED_EDGE('',*,*,#1177,.F.);
#1665=ORIENTED_EDGE('',*,*,#1178,.T.);
#1666=ORIENTED_EDGE('',*,*,#1179,.T.);
#1667=ORIENTED_EDGE('',*,*,#1180,.T.);
#1668=ORIENTED_EDGE('',*,*,#1181,.T.);
#1669=ORIENTED_EDGE('',*,*,#1142,.T.);
#1670=ORIENTED_EDGE('',*,*,#1182,.T.);
#1671=ORIENTED_EDGE('',*,*,#1183,.T.);
#1672=ORIENTED_EDGE('',*,*,#1184,.T.);
#1673=ORIENTED_EDGE('',*,*,#1152,.T.);
#1674=ORIENTED_EDGE('',*,*,#1177,.T.);
#1675=ORIENTED_EDGE('',*,*,#1185,.T.);
#1676=ORIENTED_EDGE('',*,*,#1186,.T.);
#1677=ORIENTED_EDGE('',*,*,#1187,.T.);
#1678=ORIENTED_EDGE('',*,*,#1187,.F.);
#1679=ORIENTED_EDGE('',*,*,#1188,.F.);
#1680=ORIENTED_EDGE('',*,*,#1189,.T.);
#1681=ORIENTED_EDGE('',*,*,#1178,.F.);
#1682=ORIENTED_EDGE('',*,*,#1042,.F.);
#1683=ORIENTED_EDGE('',*,*,#1190,.T.);
#1684=ORIENTED_EDGE('',*,*,#1175,.T.);
#1685=ORIENTED_EDGE('',*,*,#1060,.T.);
#1686=ORIENTED_EDGE('',*,*,#975,.F.);
#1687=ORIENTED_EDGE('',*,*,#1191,.T.);
#1688=ORIENTED_EDGE('',*,*,#1173,.T.);
#1689=ORIENTED_EDGE('',*,*,#995,.T.);
#1690=ORIENTED_EDGE('',*,*,#969,.F.);
#1691=ORIENTED_EDGE('',*,*,#1135,.F.);
#1692=ORIENTED_EDGE('',*,*,#1174,.F.);
#1693=ORIENTED_EDGE('',*,*,#1191,.F.);
#1694=ORIENTED_EDGE('',*,*,#1008,.F.);
#1695=ORIENTED_EDGE('',*,*,#1064,.F.);
#1696=ORIENTED_EDGE('',*,*,#1192,.T.);
#1697=ORIENTED_EDGE('',*,*,#1169,.T.);
#1698=ORIENTED_EDGE('',*,*,#1053,.F.);
#1699=ORIENTED_EDGE('',*,*,#1057,.F.);
#1700=ORIENTED_EDGE('',*,*,#1172,.F.);
#1701=ORIENTED_EDGE('',*,*,#1154,.T.);
#1702=ORIENTED_EDGE('',*,*,#1193,.T.);
#1703=ORIENTED_EDGE('',*,*,#1194,.T.);
#1704=ORIENTED_EDGE('',*,*,#1195,.T.);
#1705=ORIENTED_EDGE('',*,*,#1140,.T.);
#1706=ORIENTED_EDGE('',*,*,#1196,.T.);
#1707=ORIENTED_EDGE('',*,*,#1197,.T.);
#1708=ORIENTED_EDGE('',*,*,#1198,.T.);
#1709=ORIENTED_EDGE('',*,*,#1188,.T.);
#1710=ORIENTED_EDGE('',*,*,#1186,.F.);
#1711=ORIENTED_EDGE('',*,*,#1199,.F.);
#1712=ORIENTED_EDGE('',*,*,#1167,.F.);
#1713=ORIENTED_EDGE('',*,*,#1170,.F.);
#1714=ORIENTED_EDGE('',*,*,#1192,.F.);
#1715=ORIENTED_EDGE('',*,*,#1063,.F.);
#1716=ORIENTED_EDGE('',*,*,#1066,.F.);
#1717=ORIENTED_EDGE('',*,*,#1067,.F.);
#1718=ORIENTED_EDGE('',*,*,#1044,.F.);
#1719=ORIENTED_EDGE('',*,*,#1047,.F.);
#1720=ORIENTED_EDGE('',*,*,#1049,.F.);
#1721=ORIENTED_EDGE('',*,*,#1051,.F.);
#1722=ORIENTED_EDGE('',*,*,#1193,.F.);
#1723=ORIENTED_EDGE('',*,*,#1153,.T.);
#1724=ORIENTED_EDGE('',*,*,#1184,.F.);
#1725=ORIENTED_EDGE('',*,*,#1200,.F.);
#1726=ORIENTED_EDGE('',*,*,#1194,.F.);
#1727=ORIENTED_EDGE('',*,*,#1200,.T.);
#1728=ORIENTED_EDGE('',*,*,#1183,.F.);
#1729=ORIENTED_EDGE('',*,*,#1201,.F.);
#1730=ORIENTED_EDGE('',*,*,#1195,.F.);
#1731=ORIENTED_EDGE('',*,*,#1201,.T.);
#1732=ORIENTED_EDGE('',*,*,#1182,.F.);
#1733=ORIENTED_EDGE('',*,*,#1141,.F.);
#1734=ORIENTED_EDGE('',*,*,#1196,.F.);
#1735=ORIENTED_EDGE('',*,*,#1143,.T.);
#1736=ORIENTED_EDGE('',*,*,#1181,.F.);
#1737=ORIENTED_EDGE('',*,*,#1202,.F.);
#1738=ORIENTED_EDGE('',*,*,#1197,.F.);
#1739=ORIENTED_EDGE('',*,*,#1202,.T.);
#1740=ORIENTED_EDGE('',*,*,#1180,.F.);
#1741=ORIENTED_EDGE('',*,*,#1203,.F.);
#1742=ORIENTED_EDGE('',*,*,#1198,.F.);
#1743=ORIENTED_EDGE('',*,*,#1203,.T.);
#1744=ORIENTED_EDGE('',*,*,#1179,.F.);
#1745=ORIENTED_EDGE('',*,*,#1189,.F.);
#1746=ORIENTED_EDGE('',*,*,#1000,.F.);
#1747=ORIENTED_EDGE('',*,*,#1168,.F.);
#1748=ORIENTED_EDGE('',*,*,#1199,.T.);
#1749=ORIENTED_EDGE('',*,*,#1185,.F.);
#1750=ORIENTED_EDGE('',*,*,#1176,.F.);
#1751=ORIENTED_EDGE('',*,*,#1190,.F.);
#1752=TOROIDAL_SURFACE('',#1902,8.,4.);
#1753=TOROIDAL_SURFACE('',#1909,6.198409519533,4.);
#1754=TOROIDAL_SURFACE('',#1915,6.198409519533,4.);
#1755=TOROIDAL_SURFACE('',#1921,6.198409519533,4.);
#1756=TOROIDAL_SURFACE('',#1927,6.198409519533,4.);
#1757=TOROIDAL_SURFACE('',#1933,8.,4.);
#1758=TOROIDAL_SURFACE('',#1966,8.,4.);
#1759=TOROIDAL_SURFACE('',#1990,8.,4.);
#1760=TOROIDAL_SURFACE('',#2069,1.42082043098343,0.2);
#1761=TOROIDAL_SURFACE('',#2076,1.42082043098343,0.2);
#1762=TOROIDAL_SURFACE('',#2080,1.42082043098342,0.2);
#1763=TOROIDAL_SURFACE('',#2086,1.42082043098342,0.2);
#1764=TOROIDAL_SURFACE('',#2089,0.75,0.5);
#1765=TOROIDAL_SURFACE('',#2093,0.75,0.5);
#1766=TOROIDAL_SURFACE('',#2097,0.75,0.5);
#1767=TOROIDAL_SURFACE('',#2101,0.75,0.5);
#1768=ADVANCED_FACE('',(#403),#1752,.T.);
#1769=ADVANCED_FACE('',(#404),#357,.T.);
#1770=ADVANCED_FACE('',(#405),#1753,.T.);
#1771=ADVANCED_FACE('',(#406),#358,.T.);
#1772=ADVANCED_FACE('',(#407),#1754,.T.);
#1773=ADVANCED_FACE('',(#408),#359,.T.);
#1774=ADVANCED_FACE('',(#409),#1755,.T.);
#1775=ADVANCED_FACE('',(#410),#360,.T.);
#1776=ADVANCED_FACE('',(#411),#1756,.T.);
#1777=ADVANCED_FACE('',(#412),#361,.T.);
#1778=ADVANCED_FACE('',(#413),#1757,.T.);
#1779=ADVANCED_FACE('',(#414),#362,.T.);
#1780=ADVANCED_FACE('',(#415),#363,.T.);
#1781=ADVANCED_FACE('',(#416),#364,.T.);
#1782=ADVANCED_FACE('',(#417),#65,.T.);
#1783=ADVANCED_FACE('',(#418),#66,.T.);
#1784=ADVANCED_FACE('',(#419),#365,.T.);
#1785=ADVANCED_FACE('',(#420),#24,.T.);
#1786=ADVANCED_FACE('',(#421),#366,.T.);
#1787=ADVANCED_FACE('',(#422),#25,.T.);
#1788=ADVANCED_FACE('',(#423),#367,.F.);
#1789=ADVANCED_FACE('',(#424),#26,.T.);
#1790=ADVANCED_FACE('',(#425),#368,.T.);
#1791=ADVANCED_FACE('',(#426),#27,.T.);
#1792=ADVANCED_FACE('',(#427),#28,.T.);
#1793=ADVANCED_FACE('',(#428),#369,.F.);
#1794=ADVANCED_FACE('',(#429),#1758,.F.);
#1795=ADVANCED_FACE('',(#430),#370,.F.);
#1796=ADVANCED_FACE('',(#431),#20,.T.);
#1797=ADVANCED_FACE('',(#432),#371,.F.);
#1798=ADVANCED_FACE('',(#433),#21,.T.);
#1799=ADVANCED_FACE('',(#434),#372,.F.);
#1800=ADVANCED_FACE('',(#435),#22,.T.);
#1801=ADVANCED_FACE('',(#436),#373,.F.);
#1802=ADVANCED_FACE('',(#437),#23,.T.);
#1803=ADVANCED_FACE('',(#438),#1759,.F.);
#1804=ADVANCED_FACE('',(#439),#374,.F.);
#1805=ADVANCED_FACE('',(#440),#375,.F.);
#1806=ADVANCED_FACE('',(#441),#376,.F.);
#1807=ADVANCED_FACE('',(#442),#67,.F.);
#1808=ADVANCED_FACE('',(#443),#68,.F.);
#1809=ADVANCED_FACE('',(#444),#377,.F.);
#1810=ADVANCED_FACE('',(#445),#29,.T.);
#1811=ADVANCED_FACE('',(#446),#378,.F.);
#1812=ADVANCED_FACE('',(#447),#30,.T.);
#1813=ADVANCED_FACE('',(#448),#379,.T.);
#1814=ADVANCED_FACE('',(#449),#31,.T.);
#1815=ADVANCED_FACE('',(#450),#380,.F.);
#1816=ADVANCED_FACE('',(#451),#32,.T.);
#1817=ADVANCED_FACE('',(#452),#33,.F.);
#1818=ADVANCED_FACE('',(#453),#34,.T.);
#1819=ADVANCED_FACE('',(#454),#381,.F.);
#1820=ADVANCED_FACE('',(#455),#35,.T.);
#1821=ADVANCED_FACE('',(#456),#36,.F.);
#1822=ADVANCED_FACE('',(#457),#37,.T.);
#1823=ADVANCED_FACE('',(#458),#382,.T.);
#1824=ADVANCED_FACE('',(#459),#38,.T.);
#1825=ADVANCED_FACE('',(#460),#383,.T.);
#1826=ADVANCED_FACE('',(#461),#39,.T.);
#1827=ADVANCED_FACE('',(#462),#384,.T.);
#1828=ADVANCED_FACE('',(#463),#40,.T.);
#1829=ADVANCED_FACE('',(#464),#385,.T.);
#1830=ADVANCED_FACE('',(#465),#41,.T.);
#1831=ADVANCED_FACE('',(#466),#42,.T.);
#1832=ADVANCED_FACE('',(#467),#43,.T.);
#1833=ADVANCED_FACE('',(#468),#386,.T.);
#1834=ADVANCED_FACE('',(#469),#44,.T.);
#1835=ADVANCED_FACE('',(#470),#387,.T.);
#1836=ADVANCED_FACE('',(#471),#45,.T.);
#1837=ADVANCED_FACE('',(#472),#46,.T.);
#1838=ADVANCED_FACE('',(#473),#388,.T.);
#1839=ADVANCED_FACE('',(#474),#389,.T.);
#1840=ADVANCED_FACE('',(#475),#47,.T.);
#1841=ADVANCED_FACE('',(#476),#48,.T.);
#1842=ADVANCED_FACE('',(#477),#390,.T.);
#1843=ADVANCED_FACE('',(#478),#391,.T.);
#1844=ADVANCED_FACE('',(#479),#49,.T.);
#1845=ADVANCED_FACE('',(#480),#50,.T.);
#1846=ADVANCED_FACE('',(#481),#392,.F.);
#1847=ADVANCED_FACE('',(#482),#1760,.T.);
#1848=ADVANCED_FACE('',(#483,#15,#16),#51,.T.);
#1849=ADVANCED_FACE('',(#484),#1761,.T.);
#1850=ADVANCED_FACE('',(#485),#1762,.T.);
#1851=ADVANCED_FACE('',(#486,#17,#18),#52,.T.);
#1852=ADVANCED_FACE('',(#487),#1763,.T.);
#1853=ADVANCED_FACE('',(#488),#1764,.F.);
#1854=ADVANCED_FACE('',(#489),#53,.F.);
#1855=ADVANCED_FACE('',(#490),#1765,.F.);
#1856=ADVANCED_FACE('',(#491),#54,.F.);
#1857=ADVANCED_FACE('',(#492),#1766,.F.);
#1858=ADVANCED_FACE('',(#493),#55,.T.);
#1859=ADVANCED_FACE('',(#494),#1767,.F.);
#1860=ADVANCED_FACE('',(#495),#56,.T.);
#1861=ADVANCED_FACE('',(#496),#393,.T.);
#1862=ADVANCED_FACE('',(#497),#57,.T.);
#1863=ADVANCED_FACE('',(#498),#394,.T.);
#1864=ADVANCED_FACE('',(#499,#19),#58,.F.);
#1865=ADVANCED_FACE('',(#500),#395,.T.);
#1866=ADVANCED_FACE('',(#501),#59,.T.);
#1867=ADVANCED_FACE('',(#502),#396,.F.);
#1868=ADVANCED_FACE('',(#503),#397,.T.);
#1869=ADVANCED_FACE('',(#504),#60,.T.);
#1870=ADVANCED_FACE('',(#505),#398,.F.);
#1871=ADVANCED_FACE('',(#506),#61,.F.);
#1872=ADVANCED_FACE('',(#507),#399,.F.);
#1873=ADVANCED_FACE('',(#508),#62,.T.);
#1874=ADVANCED_FACE('',(#509),#400,.F.);
#1875=ADVANCED_FACE('',(#510),#401,.F.);
#1876=ADVANCED_FACE('',(#511),#63,.T.);
#1877=ADVANCED_FACE('',(#512),#402,.F.);
#1878=ADVANCED_FACE('',(#513),#64,.T.);
#1879=CLOSED_SHELL('',(#1768,#1769,#1770,#1771,#1772,#1773,#1774,#1775,
#1776,#1777,#1778,#1779,#1780,#1781,#1782,#1783,#1784,#1785,#1786,#1787,
#1788,#1789,#1790,#1791,#1792,#1793,#1794,#1795,#1796,#1797,#1798,#1799,
#1800,#1801,#1802,#1803,#1804,#1805,#1806,#1807,#1808,#1809,#1810,#1811,
#1812,#1813,#1814,#1815,#1816,#1817,#1818,#1819,#1820,#1821,#1822,#1823,
#1824,#1825,#1826,#1827,#1828,#1829,#1830,#1831,#1832,#1833,#1834,#1835,
#1836,#1837,#1838,#1839,#1840,#1841,#1842,#1843,#1844,#1845,#1846,#1847,
#1848,#1849,#1850,#1851,#1852,#1853,#1854,#1855,#1856,#1857,#1858,#1859,
#1860,#1861,#1862,#1863,#1864,#1865,#1866,#1867,#1868,#1869,#1870,#1871,
#1872,#1873,#1874,#1875,#1876,#1877,#1878));
#1880=DERIVED_UNIT_ELEMENT(#1883,1.);
#1881=DERIVED_UNIT_ELEMENT(#3376,-3.);
#1882=DIMENSIONAL_EXPONENTS(0.,1.,0.,0.,0.,0.,0.);
#1883=(
CONVERSION_BASED_UNIT('gram',#1885)
MASS_UNIT()
NAMED_UNIT(#1882)
);
#1884=(
MASS_UNIT()
NAMED_UNIT(*)
SI_UNIT(.KILO.,.GRAM.)
);
#1885=MASS_MEASURE_WITH_UNIT(MASS_MEASURE(0.001),#1884);
#1886=DERIVED_UNIT((#1880,#1881));
#1887=MEASURE_REPRESENTATION_ITEM('density measure',
POSITIVE_RATIO_MEASURE(1.),#1886);
#1888=PROPERTY_DEFINITION_REPRESENTATION(#1893,#1890);
#1889=PROPERTY_DEFINITION_REPRESENTATION(#1894,#1891);
#1890=REPRESENTATION('material name',(#1892),#3373);
#1891=REPRESENTATION('density',(#1887),#3373);
#1892=DESCRIPTIVE_REPRESENTATION_ITEM('Generic','Generic');
#1893=PROPERTY_DEFINITION('material property','material name',#3383);
#1894=PROPERTY_DEFINITION('material property','density of part',#3383);
#1895=DATE_TIME_ROLE('creation_date');
#1896=APPLIED_DATE_AND_TIME_ASSIGNMENT(#1897,#1895,(#3383));
#1897=DATE_AND_TIME(#1898,#1899);
#1898=CALENDAR_DATE(2026,15,4);
#1899=LOCAL_TIME(0,0,0.,#1900);
#1900=COORDINATED_UNIVERSAL_TIME_OFFSET(0,0,.BEHIND.);
#1901=AXIS2_PLACEMENT_3D('',#2759,#2139,#2140);
#1902=AXIS2_PLACEMENT_3D('',#2760,#2141,#2142);
#1903=AXIS2_PLACEMENT_3D('',#2763,#2143,#2144);
#1904=AXIS2_PLACEMENT_3D('',#2765,#2145,#2146);
#1905=AXIS2_PLACEMENT_3D('',#2767,#2147,#2148);
#1906=AXIS2_PLACEMENT_3D('',#2768,#2149,#2150);
#1907=AXIS2_PLACEMENT_3D('',#2769,#2151,#2152);
#1908=AXIS2_PLACEMENT_3D('',#2772,#2153,#2154);
#1909=AXIS2_PLACEMENT_3D('',#2775,#2157,#2158);
#1910=AXIS2_PLACEMENT_3D('',#2778,#2159,#2160);
#1911=AXIS2_PLACEMENT_3D('',#2779,#2161,#2162);
#1912=AXIS2_PLACEMENT_3D('',#2780,#2163,#2164);
#1913=AXIS2_PLACEMENT_3D('',#2781,#2165,#2166);
#1914=AXIS2_PLACEMENT_3D('',#2784,#2167,#2168);
#1915=AXIS2_PLACEMENT_3D('',#2787,#2171,#2172);
#1916=AXIS2_PLACEMENT_3D('',#2790,#2173,#2174);
#1917=AXIS2_PLACEMENT_3D('',#2791,#2175,#2176);
#1918=AXIS2_PLACEMENT_3D('',#2792,#2177,#2178);
#1919=AXIS2_PLACEMENT_3D('',#2793,#2179,#2180);
#1920=AXIS2_PLACEMENT_3D('',#2796,#2181,#2182);
#1921=AXIS2_PLACEMENT_3D('',#2799,#2185,#2186);
#1922=AXIS2_PLACEMENT_3D('',#2802,#2187,#2188);
#1923=AXIS2_PLACEMENT_3D('',#2803,#2189,#2190);
#1924=AXIS2_PLACEMENT_3D('',#2804,#2191,#2192);
#1925=AXIS2_PLACEMENT_3D('',#2805,#2193,#2194);
#1926=AXIS2_PLACEMENT_3D('',#2808,#2195,#2196);
#1927=AXIS2_PLACEMENT_3D('',#2811,#2199,#2200);
#1928=AXIS2_PLACEMENT_3D('',#2814,#2201,#2202);
#1929=AXIS2_PLACEMENT_3D('',#2815,#2203,#2204);
#1930=AXIS2_PLACEMENT_3D('',#2816,#2205,#2206);
#1931=AXIS2_PLACEMENT_3D('',#2817,#2207,#2208);
#1932=AXIS2_PLACEMENT_3D('',#2820,#2209,#2210);
#1933=AXIS2_PLACEMENT_3D('',#2823,#2213,#2214);
#1934=AXIS2_PLACEMENT_3D('',#2826,#2215,#2216);
#1935=AXIS2_PLACEMENT_3D('',#2827,#2217,#2218);
#1936=AXIS2_PLACEMENT_3D('',#2828,#2219,#2220);
#1937=AXIS2_PLACEMENT_3D('',#2829,#2221,#2222);
#1938=AXIS2_PLACEMENT_3D('',#2832,#2223,#2224);
#1939=AXIS2_PLACEMENT_3D('',#2835,#2227,#2228);
#1940=AXIS2_PLACEMENT_3D('',#2838,#2229,#2230);
#1941=AXIS2_PLACEMENT_3D('',#2841,#2233,#2234);
#1942=AXIS2_PLACEMENT_3D('',#2843,#2235,#2236);
#1943=AXIS2_PLACEMENT_3D('',#2846,#2238,#2239);
#1944=AXIS2_PLACEMENT_3D('',#2848,#2241,#2242);
#1945=AXIS2_PLACEMENT_3D('',#2849,#2243,#2244);
#1946=AXIS2_PLACEMENT_3D('',#2850,#2245,#2246);
#1947=AXIS2_PLACEMENT_3D('',#2851,#2247,#2248);
#1948=AXIS2_PLACEMENT_3D('',#2852,#2249,#2250);
#1949=AXIS2_PLACEMENT_3D('',#2856,#2252,#2253);
#1950=AXIS2_PLACEMENT_3D('',#2858,#2255,#2256);
#1951=AXIS2_PLACEMENT_3D('',#2862,#2259,#2260);
#1952=AXIS2_PLACEMENT_3D('',#2865,#2262,#2263);
#1953=AXIS2_PLACEMENT_3D('',#2866,#2264,#2265);
#1954=AXIS2_PLACEMENT_3D('',#2870,#2268,#2269);
#1955=AXIS2_PLACEMENT_3D('',#2874,#2271,#2272);
#1956=AXIS2_PLACEMENT_3D('',#2878,#2274,#2275);
#1957=AXIS2_PLACEMENT_3D('',#2881,#2277,#2278);
#1958=AXIS2_PLACEMENT_3D('',#2882,#2279,#2280);
#1959=AXIS2_PLACEMENT_3D('',#2886,#2283,#2284);
#1960=AXIS2_PLACEMENT_3D('',#2889,#2286,#2287);
#1961=AXIS2_PLACEMENT_3D('',#2890,#2288,#2289);
#1962=AXIS2_PLACEMENT_3D('',#2894,#2292,#2293);
#1963=AXIS2_PLACEMENT_3D('',#2895,#2294,#2295);
#1964=AXIS2_PLACEMENT_3D('',#2898,#2296,#2297);
#1965=AXIS2_PLACEMENT_3D('',#2902,#2299,#2300);
#1966=AXIS2_PLACEMENT_3D('',#2904,#2302,#2303);
#1967=AXIS2_PLACEMENT_3D('',#2907,#2304,#2305);
#1968=AXIS2_PLACEMENT_3D('',#2908,#2306,#2307);
#1969=AXIS2_PLACEMENT_3D('',#2909,#2308,#2309);
#1970=AXIS2_PLACEMENT_3D('',#2910,#2310,#2311);
#1971=AXIS2_PLACEMENT_3D('',#2913,#2312,#2313);
#1972=AXIS2_PLACEMENT_3D('',#2933,#2316,#2317);
#1973=AXIS2_PLACEMENT_3D('',#2934,#2318,#2319);
#1974=AXIS2_PLACEMENT_3D('',#2935,#2320,#2321);
#1975=AXIS2_PLACEMENT_3D('',#2936,#2322,#2323);
#1976=AXIS2_PLACEMENT_3D('',#2939,#2324,#2325);
#1977=AXIS2_PLACEMENT_3D('',#2959,#2328,#2329);
#1978=AXIS2_PLACEMENT_3D('',#2960,#2330,#2331);
#1979=AXIS2_PLACEMENT_3D('',#2961,#2332,#2333);
#1980=AXIS2_PLACEMENT_3D('',#2962,#2334,#2335);
#1981=AXIS2_PLACEMENT_3D('',#2965,#2336,#2337);
#1982=AXIS2_PLACEMENT_3D('',#2985,#2340,#2341);
#1983=AXIS2_PLACEMENT_3D('',#2986,#2342,#2343);
#1984=AXIS2_PLACEMENT_3D('',#2987,#2344,#2345);
#1985=AXIS2_PLACEMENT_3D('',#2988,#2346,#2347);
#1986=AXIS2_PLACEMENT_3D('',#2991,#2348,#2349);
#1987=AXIS2_PLACEMENT_3D('',#3011,#2352,#2353);
#1988=AXIS2_PLACEMENT_3D('',#3012,#2354,#2355);
#1989=AXIS2_PLACEMENT_3D('',#3013,#2356,#2357);
#1990=AXIS2_PLACEMENT_3D('',#3014,#2358,#2359);
#1991=AXIS2_PLACEMENT_3D('',#3017,#2360,#2361);
#1992=AXIS2_PLACEMENT_3D('',#3019,#2362,#2363);
#1993=AXIS2_PLACEMENT_3D('',#3021,#2364,#2365);
#1994=AXIS2_PLACEMENT_3D('',#3022,#2366,#2367);
#1995=AXIS2_PLACEMENT_3D('',#3023,#2368,#2369);
#1996=AXIS2_PLACEMENT_3D('',#3026,#2370,#2371);
#1997=AXIS2_PLACEMENT_3D('',#3029,#2374,#2375);
#1998=AXIS2_PLACEMENT_3D('',#3032,#2378,#2379);
#1999=AXIS2_PLACEMENT_3D('',#3034,#2380,#2381);
#2000=AXIS2_PLACEMENT_3D('',#3037,#2383,#2384);
#2001=AXIS2_PLACEMENT_3D('',#3039,#2386,#2387);
#2002=AXIS2_PLACEMENT_3D('',#3040,#2388,#2389);
#2003=AXIS2_PLACEMENT_3D('',#3041,#2390,#2391);
#2004=AXIS2_PLACEMENT_3D('',#3042,#2392,#2393);
#2005=AXIS2_PLACEMENT_3D('',#3043,#2394,#2395);
#2006=AXIS2_PLACEMENT_3D('',#3047,#2397,#2398);
#2007=AXIS2_PLACEMENT_3D('',#3049,#2400,#2401);
#2008=AXIS2_PLACEMENT_3D('',#3053,#2404,#2405);
#2009=AXIS2_PLACEMENT_3D('',#3056,#2407,#2408);
#2010=AXIS2_PLACEMENT_3D('',#3057,#2409,#2410);
#2011=AXIS2_PLACEMENT_3D('',#3061,#2413,#2414);
#2012=AXIS2_PLACEMENT_3D('',#3064,#2416,#2417);
#2013=AXIS2_PLACEMENT_3D('',#3065,#2418,#2419);
#2014=AXIS2_PLACEMENT_3D('',#3073,#2424,#2425);
#2015=AXIS2_PLACEMENT_3D('',#3076,#2427,#2428);
#2016=AXIS2_PLACEMENT_3D('',#3077,#2429,#2430);
#2017=AXIS2_PLACEMENT_3D('',#3081,#2433,#2434);
#2018=AXIS2_PLACEMENT_3D('',#3082,#2435,#2436);
#2019=AXIS2_PLACEMENT_3D('',#3088,#2440,#2441);
#2020=AXIS2_PLACEMENT_3D('',#3091,#2443,#2444);
#2021=AXIS2_PLACEMENT_3D('',#3092,#2445,#2446);
#2022=AXIS2_PLACEMENT_3D('',#3094,#2448,#2449);
#2023=AXIS2_PLACEMENT_3D('',#3097,#2450,#2451);
#2024=AXIS2_PLACEMENT_3D('',#3101,#2453,#2454);
#2025=AXIS2_PLACEMENT_3D('',#3105,#2456,#2457);
#2026=AXIS2_PLACEMENT_3D('',#3109,#2459,#2460);
#2027=AXIS2_PLACEMENT_3D('',#3113,#2462,#2463);
#2028=AXIS2_PLACEMENT_3D('',#3117,#2465,#2466);
#2029=AXIS2_PLACEMENT_3D('',#3122,#2469,#2470);
#2030=AXIS2_PLACEMENT_3D('',#3126,#2472,#2473);
#2031=AXIS2_PLACEMENT_3D('',#3130,#2475,#2476);
#2032=AXIS2_PLACEMENT_3D('',#3132,#2478,#2479);
#2033=AXIS2_PLACEMENT_3D('',#3138,#2483,#2484);
#2034=AXIS2_PLACEMENT_3D('',#3140,#2485,#2486);
#2035=AXIS2_PLACEMENT_3D('',#3142,#2488,#2489);
#2036=AXIS2_PLACEMENT_3D('',#3146,#2492,#2493);
#2037=AXIS2_PLACEMENT_3D('',#3148,#2494,#2495);
#2038=AXIS2_PLACEMENT_3D('',#3150,#2497,#2498);
#2039=AXIS2_PLACEMENT_3D('',#3154,#2501,#2502);
#2040=AXIS2_PLACEMENT_3D('',#3156,#2503,#2504);
#2041=AXIS2_PLACEMENT_3D('',#3158,#2506,#2507);
#2042=AXIS2_PLACEMENT_3D('',#3162,#2510,#2511);
#2043=AXIS2_PLACEMENT_3D('',#3164,#2512,#2513);
#2044=AXIS2_PLACEMENT_3D('',#3166,#2515,#2516);
#2045=AXIS2_PLACEMENT_3D('',#3168,#2518,#2519);
#2046=AXIS2_PLACEMENT_3D('',#3171,#2520,#2521);
#2047=AXIS2_PLACEMENT_3D('',#3175,#2523,#2524);
#2048=AXIS2_PLACEMENT_3D('',#3178,#2526,#2527);
#2049=AXIS2_PLACEMENT_3D('',#3180,#2529,#2530);
#2050=AXIS2_PLACEMENT_3D('',#3184,#2533,#2534);
#2051=AXIS2_PLACEMENT_3D('',#3186,#2535,#2536);
#2052=AXIS2_PLACEMENT_3D('',#3188,#2538,#2539);
#2053=AXIS2_PLACEMENT_3D('',#3192,#2542,#2543);
#2054=AXIS2_PLACEMENT_3D('',#3194,#2544,#2545);
#2055=AXIS2_PLACEMENT_3D('',#3196,#2547,#2548);
#2056=AXIS2_PLACEMENT_3D('',#3200,#2551,#2552);
#2057=AXIS2_PLACEMENT_3D('',#3202,#2554,#2555);
#2058=AXIS2_PLACEMENT_3D('',#3204,#2556,#2557);
#2059=AXIS2_PLACEMENT_3D('',#3206,#2559,#2560);
#2060=AXIS2_PLACEMENT_3D('',#3208,#2562,#2563);
#2061=AXIS2_PLACEMENT_3D('',#3212,#2566,#2567);
#2062=AXIS2_PLACEMENT_3D('',#3214,#2569,#2570);
#2063=AXIS2_PLACEMENT_3D('',#3216,#2571,#2572);
#2064=AXIS2_PLACEMENT_3D('',#3218,#2574,#2575);
#2065=AXIS2_PLACEMENT_3D('',#3220,#2577,#2578);
#2066=AXIS2_PLACEMENT_3D('',#3224,#2581,#2582);
#2067=AXIS2_PLACEMENT_3D('',#3226,#2584,#2585);
#2068=AXIS2_PLACEMENT_3D('',#3228,#2586,#2587);
#2069=AXIS2_PLACEMENT_3D('',#3230,#2589,#2590);
#2070=AXIS2_PLACEMENT_3D('',#3232,#2591,#2592);
#2071=AXIS2_PLACEMENT_3D('',#3234,#2593,#2594);
#2072=AXIS2_PLACEMENT_3D('',#3236,#2595,#2596);
#2073=AXIS2_PLACEMENT_3D('',#3237,#2597,#2598);
#2074=AXIS2_PLACEMENT_3D('',#3238,#2599,#2600);
#2075=AXIS2_PLACEMENT_3D('',#3248,#2605,#2606);
#2076=AXIS2_PLACEMENT_3D('',#3249,#2607,#2608);
#2077=AXIS2_PLACEMENT_3D('',#3251,#2609,#2610);
#2078=AXIS2_PLACEMENT_3D('',#3253,#2611,#2612);
#2079=AXIS2_PLACEMENT_3D('',#3254,#2613,#2614);
#2080=AXIS2_PLACEMENT_3D('',#3255,#2615,#2616);
#2081=AXIS2_PLACEMENT_3D('',#3257,#2617,#2618);
#2082=AXIS2_PLACEMENT_3D('',#3259,#2619,#2620);
#2083=AXIS2_PLACEMENT_3D('',#3260,#2621,#2622);
#2084=AXIS2_PLACEMENT_3D('',#3261,#2623,#2624);
#2085=AXIS2_PLACEMENT_3D('',#3271,#2629,#2630);
#2086=AXIS2_PLACEMENT_3D('',#3272,#2631,#2632);
#2087=AXIS2_PLACEMENT_3D('',#3274,#2633,#2634);
#2088=AXIS2_PLACEMENT_3D('',#3275,#2635,#2636);
#2089=AXIS2_PLACEMENT_3D('',#3276,#2637,#2638);
#2090=AXIS2_PLACEMENT_3D('',#3278,#2639,#2640);
#2091=AXIS2_PLACEMENT_3D('',#3279,#2641,#2642);
#2092=AXIS2_PLACEMENT_3D('',#3280,#2643,#2644);
#2093=AXIS2_PLACEMENT_3D('',#3281,#2645,#2646);
#2094=AXIS2_PLACEMENT_3D('',#3283,#2647,#2648);
#2095=AXIS2_PLACEMENT_3D('',#3284,#2649,#2650);
#2096=AXIS2_PLACEMENT_3D('',#3285,#2651,#2652);
#2097=AXIS2_PLACEMENT_3D('',#3286,#2653,#2654);
#2098=AXIS2_PLACEMENT_3D('',#3288,#2655,#2656);
#2099=AXIS2_PLACEMENT_3D('',#3289,#2657,#2658);
#2100=AXIS2_PLACEMENT_3D('',#3290,#2659,#2660);
#2101=AXIS2_PLACEMENT_3D('',#3291,#2661,#2662);
#2102=AXIS2_PLACEMENT_3D('',#3293,#2663,#2664);
#2103=AXIS2_PLACEMENT_3D('',#3294,#2665,#2666);
#2104=AXIS2_PLACEMENT_3D('',#3295,#2667,#2668);
#2105=AXIS2_PLACEMENT_3D('',#3296,#2669,#2670);
#2106=AXIS2_PLACEMENT_3D('',#3300,#2672,#2673);
#2107=AXIS2_PLACEMENT_3D('',#3302,#2675,#2676);
#2108=AXIS2_PLACEMENT_3D('',#3306,#2679,#2680);
#2109=AXIS2_PLACEMENT_3D('',#3307,#2681,#2682);
#2110=AXIS2_PLACEMENT_3D('',#3308,#2683,#2684);
#2111=AXIS2_PLACEMENT_3D('',#3309,#2685,#2686);
#2112=AXIS2_PLACEMENT_3D('',#3311,#2687,#2688);
#2113=AXIS2_PLACEMENT_3D('',#3314,#2690,#2691);
#2114=AXIS2_PLACEMENT_3D('',#3318,#2693,#2694);
#2115=AXIS2_PLACEMENT_3D('',#3322,#2696,#2697);
#2116=AXIS2_PLACEMENT_3D('',#3325,#2699,#2700);
#2117=AXIS2_PLACEMENT_3D('',#3327,#2701,#2702);
#2118=AXIS2_PLACEMENT_3D('',#3330,#2704,#2705);
#2119=AXIS2_PLACEMENT_3D('',#3331,#2706,#2707);
#2120=AXIS2_PLACEMENT_3D('',#3335,#2709,#2710);
#2121=AXIS2_PLACEMENT_3D('',#3337,#2712,#2713);
#2122=AXIS2_PLACEMENT_3D('',#3341,#2716,#2717);
#2123=AXIS2_PLACEMENT_3D('',#3343,#2719,#2720);
#2124=AXIS2_PLACEMENT_3D('',#3345,#2722,#2723);
#2125=AXIS2_PLACEMENT_3D('',#3346,#2724,#2725);
#2126=AXIS2_PLACEMENT_3D('',#3347,#2726,#2727);
#2127=AXIS2_PLACEMENT_3D('',#3348,#2728,#2729);
#2128=AXIS2_PLACEMENT_3D('',#3350,#2730,#2731);
#2129=AXIS2_PLACEMENT_3D('',#3353,#2733,#2734);
#2130=AXIS2_PLACEMENT_3D('',#3355,#2735,#2736);
#2131=AXIS2_PLACEMENT_3D('',#3358,#2738,#2739);
#2132=AXIS2_PLACEMENT_3D('',#3360,#2741,#2742);
#2133=AXIS2_PLACEMENT_3D('',#3362,#2744,#2745);
#2134=AXIS2_PLACEMENT_3D('',#3364,#2747,#2748);
#2135=AXIS2_PLACEMENT_3D('',#3365,#2749,#2750);
#2136=AXIS2_PLACEMENT_3D('',#3367,#2752,#2753);
#2137=AXIS2_PLACEMENT_3D('',#3369,#2755,#2756);
#2138=AXIS2_PLACEMENT_3D('',#3370,#2757,#2758);
#2139=DIRECTION('axis',(0.,0.,1.));
#2140=DIRECTION('refdir',(1.,0.,0.));
#2141=DIRECTION('center_axis',(0.,0.,1.));
#2142=DIRECTION('ref_axis',(1.,0.,0.));
#2143=DIRECTION('center_axis',(-2.77555756156289E-16,1.,0.));
#2144=DIRECTION('ref_axis',(-1.,-2.7755575615629E-16,0.));
#2145=DIRECTION('center_axis',(0.,0.,1.));
#2146=DIRECTION('ref_axis',(0.707106781186548,0.707106781186547,0.));
#2147=DIRECTION('center_axis',(1.,0.,0.));
#2148=DIRECTION('ref_axis',(0.,0.,1.));
#2149=DIRECTION('center_axis',(0.,0.,-1.));
#2150=DIRECTION('ref_axis',(0.707106781186548,0.707106781186547,0.));
#2151=DIRECTION('center_axis',(1.,0.,0.));
#2152=DIRECTION('ref_axis',(0.,-0.707106781186548,0.707106781186547));
#2153=DIRECTION('center_axis',(1.,0.,0.));
#2154=DIRECTION('ref_axis',(0.,0.,1.));
#2155=DIRECTION('',(1.,0.,0.));
#2156=DIRECTION('',(-1.,0.,0.));
#2157=DIRECTION('center_axis',(0.,0.,1.));
#2158=DIRECTION('ref_axis',(1.,0.,0.));
#2159=DIRECTION('center_axis',(0.,-1.,0.));
#2160=DIRECTION('ref_axis',(0.,0.,1.));
#2161=DIRECTION('center_axis',(0.,0.,1.));
#2162=DIRECTION('ref_axis',(-0.707106781186547,-0.707106781186547,0.));
#2163=DIRECTION('center_axis',(0.,0.,-1.));
#2164=DIRECTION('ref_axis',(-0.707106781186548,-0.707106781186548,0.));
#2165=DIRECTION('center_axis',(0.,-1.,0.));
#2166=DIRECTION('ref_axis',(-0.707106781186548,0.,0.707106781186548));
#2167=DIRECTION('center_axis',(0.,-1.,0.));
#2168=DIRECTION('ref_axis',(0.,0.,1.));
#2169=DIRECTION('',(0.,-1.,0.));
#2170=DIRECTION('',(0.,1.,0.));
#2171=DIRECTION('center_axis',(0.,0.,1.));
#2172=DIRECTION('ref_axis',(1.,0.,0.));
#2173=DIRECTION('center_axis',(-1.,-1.38777882469146E-16,0.));
#2174=DIRECTION('ref_axis',(0.,0.,1.));
#2175=DIRECTION('center_axis',(0.,0.,1.));
#2176=DIRECTION('ref_axis',(-0.707106781186548,0.707106781186547,0.));
#2177=DIRECTION('center_axis',(0.,0.,-1.));
#2178=DIRECTION('ref_axis',(-0.707106781186548,0.707106781186547,0.));
#2179=DIRECTION('center_axis',(-1.,0.,0.));
#2180=DIRECTION('ref_axis',(0.,0.707106781186548,0.707106781186547));
#2181=DIRECTION('center_axis',(-1.,0.,0.));
#2182=DIRECTION('ref_axis',(0.,0.,1.));
#2183=DIRECTION('',(-1.,0.,0.));
#2184=DIRECTION('',(1.,0.,0.));
#2185=DIRECTION('center_axis',(0.,0.,1.));
#2186=DIRECTION('ref_axis',(1.,0.,0.));
#2187=DIRECTION('center_axis',(0.,1.,0.));
#2188=DIRECTION('ref_axis',(0.,0.,1.));
#2189=DIRECTION('center_axis',(0.,0.,1.));
#2190=DIRECTION('ref_axis',(0.707106781186548,0.707106781186547,0.));
#2191=DIRECTION('center_axis',(0.,0.,-1.));
#2192=DIRECTION('ref_axis',(0.707106781186548,0.707106781186547,0.));
#2193=DIRECTION('center_axis',(0.,1.,0.));
#2194=DIRECTION('ref_axis',(0.707106781186549,0.,0.707106781186546));
#2195=DIRECTION('center_axis',(0.,1.,0.));
#2196=DIRECTION('ref_axis',(0.,0.,1.));
#2197=DIRECTION('',(0.,1.,0.));
#2198=DIRECTION('',(0.,-1.,0.));
#2199=DIRECTION('center_axis',(0.,0.,1.));
#2200=DIRECTION('ref_axis',(1.,0.,0.));
#2201=DIRECTION('center_axis',(1.,0.,0.));
#2202=DIRECTION('ref_axis',(0.,0.,1.));
#2203=DIRECTION('center_axis',(0.,0.,1.));
#2204=DIRECTION('ref_axis',(0.707106781186548,-0.707106781186547,0.));
#2205=DIRECTION('center_axis',(0.,0.,-1.));
#2206=DIRECTION('ref_axis',(0.707106781186548,-0.707106781186547,0.));
#2207=DIRECTION('center_axis',(1.,0.,0.));
#2208=DIRECTION('ref_axis',(0.,-0.707106781186548,0.707106781186547));
#2209=DIRECTION('center_axis',(1.,0.,0.));
#2210=DIRECTION('ref_axis',(0.,0.,1.));
#2211=DIRECTION('',(1.,0.,0.));
#2212=DIRECTION('',(-1.,0.,0.));
#2213=DIRECTION('center_axis',(0.,0.,1.));
#2214=DIRECTION('ref_axis',(1.,0.,0.));
#2215=DIRECTION('center_axis',(1.3544720900427E-12,1.,0.));
#2216=DIRECTION('ref_axis',(0.,0.,1.));
#2217=DIRECTION('center_axis',(0.,0.,-1.));
#2218=DIRECTION('ref_axis',(-0.70710678118607,0.707106781187025,0.));
#2219=DIRECTION('center_axis',(0.,0.,1.));
#2220=DIRECTION('ref_axis',(-0.70710678118607,0.707106781187025,0.));
#2221=DIRECTION('center_axis',(1.35415488346998E-12,1.,0.));
#2222=DIRECTION('ref_axis',(0.707106781186549,-9.57756399797101E-13,0.707106781186546));
#2223=DIRECTION('center_axis',(1.35391697853038E-12,1.,0.));
#2224=DIRECTION('ref_axis',(0.,0.,1.));
#2225=DIRECTION('',(1.35415488346998E-12,1.,0.));
#2226=DIRECTION('',(-1.35415488346998E-12,-1.,0.));
#2227=DIRECTION('center_axis',(0.,-1.,0.));
#2228=DIRECTION('ref_axis',(-0.707106781186548,0.,0.707106781186547));
#2229=DIRECTION('center_axis',(0.,1.,0.));
#2230=DIRECTION('ref_axis',(-1.,0.,0.));
#2231=DIRECTION('',(0.,1.,0.));
#2232=DIRECTION('',(0.,-1.,0.));
#2233=DIRECTION('center_axis',(1.,-1.18980381103053E-12,0.));
#2234=DIRECTION('ref_axis',(-8.41569557854504E-13,-0.707106781186548,0.707106781186548));
#2235=DIRECTION('center_axis',(1.,-1.19015908239817E-12,0.));
#2236=DIRECTION('ref_axis',(0.,0.,1.));
#2237=DIRECTION('',(1.,-1.18980381103053E-12,0.));
#2238=DIRECTION('center_axis',(-1.,1.19015908239817E-12,0.));
#2239=DIRECTION('ref_axis',(-1.19015908239817E-12,-1.,0.));
#2240=DIRECTION('',(-1.,1.18980381103053E-12,0.));
#2241=DIRECTION('center_axis',(-0.816496580928234,-0.408248290463632,0.408248290463079));
#2242=DIRECTION('ref_axis',(0.577350269188908,-0.577350269190376,0.577350269189594));
#2243=DIRECTION('center_axis',(0.,0.,1.));
#2244=DIRECTION('ref_axis',(0.70710678118565,-0.707106781187446,0.));
#2245=DIRECTION('center_axis',(-0.408248290463945,-0.408248290463457,-0.816496580927888));
#2246=DIRECTION('ref_axis',(-0.577350269190085,-0.577350269189396,0.577350269189396));
#2247=DIRECTION('center_axis',(0.,0.,1.));
#2248=DIRECTION('ref_axis',(-0.70710678118697,-0.707106781186125,0.));
#2249=DIRECTION('center_axis',(0.,0.,-1.));
#2250=DIRECTION('ref_axis',(1.,0.,0.));
#2251=DIRECTION('',(0.,0.,1.));
#2252=DIRECTION('center_axis',(0.,0.,1.));
#2253=DIRECTION('ref_axis',(1.,0.,0.));
#2254=DIRECTION('',(0.,0.,1.));
#2255=DIRECTION('center_axis',(1.,0.,0.));
#2256=DIRECTION('ref_axis',(0.,-1.,0.));
#2257=DIRECTION('',(0.,0.,1.));
#2258=DIRECTION('',(0.,1.,0.));
#2259=DIRECTION('center_axis',(0.,0.,-1.));
#2260=DIRECTION('ref_axis',(-7.40189712800999E-17,-1.,0.));
#2261=DIRECTION('',(0.,0.,1.));
#2262=DIRECTION('center_axis',(0.,0.,1.));
#2263=DIRECTION('ref_axis',(-7.40189712800999E-17,-1.,0.));
#2264=DIRECTION('center_axis',(0.,-1.,0.));
#2265=DIRECTION('ref_axis',(-1.,0.,0.));
#2266=DIRECTION('',(0.,0.,1.));
#2267=DIRECTION('',(1.,0.,0.));
#2268=DIRECTION('center_axis',(0.,0.,1.));
#2269=DIRECTION('ref_axis',(-0.707106781186071,0.707106781187025,0.));
#2270=DIRECTION('',(0.,0.,-1.));
#2271=DIRECTION('center_axis',(0.,0.,-1.));
#2272=DIRECTION('ref_axis',(-0.707106781186071,0.707106781187025,0.));
#2273=DIRECTION('',(0.,0.,1.));
#2274=DIRECTION('center_axis',(0.,0.,1.));
#2275=DIRECTION('ref_axis',(-0.707106781186071,0.707106781187025,0.));
#2276=DIRECTION('',(0.,0.,1.));
#2277=DIRECTION('center_axis',(0.,0.,-1.));
#2278=DIRECTION('ref_axis',(-0.707106781186071,0.707106781187025,0.));
#2279=DIRECTION('center_axis',(1.,-1.35415488346998E-12,0.));
#2280=DIRECTION('ref_axis',(-1.35415488346998E-12,-1.,0.));
#2281=DIRECTION('',(0.,0.,1.));
#2282=DIRECTION('',(-1.35415488346998E-12,-1.,0.));
#2283=DIRECTION('center_axis',(0.,0.,1.));
#2284=DIRECTION('ref_axis',(0.70710678118565,-0.707106781187445,0.));
#2285=DIRECTION('',(0.,0.,-1.));
#2286=DIRECTION('center_axis',(0.,0.,1.));
#2287=DIRECTION('ref_axis',(0.70710678118565,-0.707106781187445,0.));
#2288=DIRECTION('center_axis',(-1.18980381103053E-12,-1.,0.));
#2289=DIRECTION('ref_axis',(-1.,1.18980381103053E-12,0.));
#2290=DIRECTION('',(0.,0.,1.));
#2291=DIRECTION('',(-1.,1.18980381103053E-12,0.));
#2292=DIRECTION('center_axis',(0.,0.,1.));
#2293=DIRECTION('ref_axis',(1.,0.,0.));
#2294=DIRECTION('center_axis',(0.,1.,0.));
#2295=DIRECTION('ref_axis',(0.707106781186546,0.,0.707106781186549));
#2296=DIRECTION('center_axis',(2.77555756156289E-16,-1.,0.));
#2297=DIRECTION('ref_axis',(1.,2.77555756156289E-16,0.));
#2298=DIRECTION('',(0.,1.,0.));
#2299=DIRECTION('center_axis',(1.38777878078144E-16,1.,0.));
#2300=DIRECTION('ref_axis',(0.,0.,1.));
#2301=DIRECTION('',(0.,-1.,0.));
#2302=DIRECTION('center_axis',(0.,0.,-1.));
#2303=DIRECTION('ref_axis',(-1.,0.,0.));
#2304=DIRECTION('center_axis',(1.,0.,0.));
#2305=DIRECTION('ref_axis',(0.,0.,1.));
#2306=DIRECTION('center_axis',(0.,0.,1.));
#2307=DIRECTION('ref_axis',(-0.707106781186547,0.707106781186548,0.));
#2308=DIRECTION('center_axis',(0.,0.,-1.));
#2309=DIRECTION('ref_axis',(-0.707106781186547,0.707106781186548,0.));
#2310=DIRECTION('center_axis',(1.,0.,0.));
#2311=DIRECTION('ref_axis',(0.,-0.707106781186547,0.707106781186548));
#2312=DIRECTION('center_axis',(1.,0.,0.));
#2313=DIRECTION('ref_axis',(0.,0.,1.));
#2314=DIRECTION('',(-1.,0.,0.));
#2315=DIRECTION('',(1.,0.,0.));
#2316=DIRECTION('center_axis',(0.,1.,0.));
#2317=DIRECTION('ref_axis',(0.,0.,1.));
#2318=DIRECTION('center_axis',(0.,0.,-1.));
#2319=DIRECTION('ref_axis',(0.707106781186547,-0.707106781186548,0.));
#2320=DIRECTION('center_axis',(0.,0.,1.));
#2321=DIRECTION('ref_axis',(0.707106781186547,-0.707106781186547,0.));
#2322=DIRECTION('center_axis',(0.,1.,0.));
#2323=DIRECTION('ref_axis',(0.707106781186549,0.,0.707106781186546));
#2324=DIRECTION('center_axis',(0.,1.,0.));
#2325=DIRECTION('ref_axis',(0.,0.,1.));
#2326=DIRECTION('',(0.,-1.,0.));
#2327=DIRECTION('',(0.,1.,0.));
#2328=DIRECTION('center_axis',(-1.,0.,0.));
#2329=DIRECTION('ref_axis',(0.,0.,1.));
#2330=DIRECTION('center_axis',(0.,0.,-1.));
#2331=DIRECTION('ref_axis',(0.707106781186547,0.707106781186547,0.));
#2332=DIRECTION('center_axis',(0.,0.,1.));
#2333=DIRECTION('ref_axis',(0.707106781186547,0.707106781186547,0.));
#2334=DIRECTION('center_axis',(-1.,0.,0.));
#2335=DIRECTION('ref_axis',(0.,0.707106781186548,0.707106781186548));
#2336=DIRECTION('center_axis',(-1.,0.,0.));
#2337=DIRECTION('ref_axis',(0.,0.,1.));
#2338=DIRECTION('',(1.,0.,0.));
#2339=DIRECTION('',(-1.,0.,0.));
#2340=DIRECTION('center_axis',(0.,-1.,0.));
#2341=DIRECTION('ref_axis',(0.,0.,1.));
#2342=DIRECTION('center_axis',(0.,0.,-1.));
#2343=DIRECTION('ref_axis',(-0.707106781186548,0.707106781186547,0.));
#2344=DIRECTION('center_axis',(0.,0.,1.));
#2345=DIRECTION('ref_axis',(-0.707106781186548,0.707106781186547,0.));
#2346=DIRECTION('center_axis',(0.,-1.,0.));
#2347=DIRECTION('ref_axis',(-0.707106781186548,0.,0.707106781186548));
#2348=DIRECTION('center_axis',(0.,-1.,0.));
#2349=DIRECTION('ref_axis',(0.,0.,1.));
#2350=DIRECTION('',(0.,1.,0.));
#2351=DIRECTION('',(0.,-1.,0.));
#2352=DIRECTION('center_axis',(1.,0.,0.));
#2353=DIRECTION('ref_axis',(0.,0.,1.));
#2354=DIRECTION('center_axis',(0.,0.,-1.));
#2355=DIRECTION('ref_axis',(-0.707106781186547,-0.707106781186548,0.));
#2356=DIRECTION('center_axis',(0.,0.,1.));
#2357=DIRECTION('ref_axis',(-0.707106781186547,-0.707106781186547,0.));
#2358=DIRECTION('center_axis',(0.,0.,-1.));
#2359=DIRECTION('ref_axis',(-1.,0.,0.));
#2360=DIRECTION('center_axis',(-1.,0.,0.));
#2361=DIRECTION('ref_axis',(0.,-1.,0.));
#2362=DIRECTION('center_axis',(0.,0.,-1.));
#2363=DIRECTION('ref_axis',(0.707106781186548,0.707106781186547,0.));
#2364=DIRECTION('center_axis',(1.38777878078145E-16,-1.,0.));
#2365=DIRECTION('ref_axis',(0.,0.,1.));
#2366=DIRECTION('center_axis',(0.,0.,1.));
#2367=DIRECTION('ref_axis',(0.707106781186548,0.707106781186547,0.));
#2368=DIRECTION('center_axis',(0.,-1.,0.));
#2369=DIRECTION('ref_axis',(-0.707106781186548,0.,0.707106781186548));
#2370=DIRECTION('center_axis',(0.,-1.,0.));
#2371=DIRECTION('ref_axis',(0.,0.,1.));
#2372=DIRECTION('',(0.,1.,0.));
#2373=DIRECTION('',(0.,-1.,0.));
#2374=DIRECTION('center_axis',(1.,0.,0.));
#2375=DIRECTION('ref_axis',(0.,-0.707106781186547,0.707106781186548));
#2376=DIRECTION('',(-1.,0.,0.));
#2377=DIRECTION('',(1.,0.,0.));
#2378=DIRECTION('center_axis',(1.,0.,0.));
#2379=DIRECTION('ref_axis',(0.,-0.707106781186547,0.707106781186548));
#2380=DIRECTION('center_axis',(-1.,0.,0.));
#2381=DIRECTION('ref_axis',(0.,-1.,0.));
#2382=DIRECTION('',(1.,0.,0.));
#2383=DIRECTION('center_axis',(1.,0.,0.));
#2384=DIRECTION('ref_axis',(0.,0.,1.));
#2385=DIRECTION('',(-1.,0.,0.));
#2386=DIRECTION('center_axis',(-0.408248290463863,-0.408248290463863,-0.816496580927726));
#2387=DIRECTION('ref_axis',(-0.577350269189626,-0.577350269189626,0.577350269189626));
#2388=DIRECTION('center_axis',(0.,0.,-1.));
#2389=DIRECTION('ref_axis',(-0.707106781186548,-0.707106781186547,0.));
#2390=DIRECTION('center_axis',(0.408248290463863,-0.408248290463863,-0.816496580927726));
#2391=DIRECTION('ref_axis',(0.577350269189626,-0.577350269189626,0.577350269189626));
#2392=DIRECTION('center_axis',(0.,0.,-1.));
#2393=DIRECTION('ref_axis',(0.707106781186546,-0.707106781186549,0.));
#2394=DIRECTION('center_axis',(0.,0.,1.));
#2395=DIRECTION('ref_axis',(0.,-1.,0.));
#2396=DIRECTION('',(0.,0.,1.));
#2397=DIRECTION('center_axis',(0.,0.,-1.));
#2398=DIRECTION('ref_axis',(0.,-1.,0.));
#2399=DIRECTION('',(0.,0.,1.));
#2400=DIRECTION('center_axis',(1.,0.,0.));
#2401=DIRECTION('ref_axis',(0.,1.,0.));
#2402=DIRECTION('',(0.,0.,1.));
#2403=DIRECTION('',(0.,1.,0.));
#2404=DIRECTION('center_axis',(0.,0.,1.));
#2405=DIRECTION('ref_axis',(1.,0.,0.));
#2406=DIRECTION('',(0.,0.,1.));
#2407=DIRECTION('center_axis',(0.,0.,-1.));
#2408=DIRECTION('ref_axis',(1.,0.,0.));
#2409=DIRECTION('center_axis',(0.,1.,0.));
#2410=DIRECTION('ref_axis',(-1.,0.,0.));
#2411=DIRECTION('',(0.,0.,1.));
#2412=DIRECTION('',(-1.,0.,0.));
#2413=DIRECTION('center_axis',(0.,0.,1.));
#2414=DIRECTION('ref_axis',(0.707106781186548,0.707106781186547,0.));
#2415=DIRECTION('',(0.,0.,-1.));
#2416=DIRECTION('center_axis',(0.,0.,1.));
#2417=DIRECTION('ref_axis',(0.707106781186548,0.707106781186547,0.));
#2418=DIRECTION('center_axis',(1.,0.,0.));
#2419=DIRECTION('ref_axis',(0.,-1.,0.));
#2420=DIRECTION('',(0.,0.,1.));
#2421=DIRECTION('',(0.,-1.,0.));
#2422=DIRECTION('',(0.,0.,-1.));
#2423=DIRECTION('',(0.,1.,0.));
#2424=DIRECTION('center_axis',(0.,0.,1.));
#2425=DIRECTION('ref_axis',(-0.707106781186548,-0.707106781186547,0.));
#2426=DIRECTION('',(0.,0.,-1.));
#2427=DIRECTION('center_axis',(0.,0.,-1.));
#2428=DIRECTION('ref_axis',(-0.707106781186548,-0.707106781186547,0.));
#2429=DIRECTION('center_axis',(0.,1.,0.));
#2430=DIRECTION('ref_axis',(1.,0.,0.));
#2431=DIRECTION('',(0.,0.,1.));
#2432=DIRECTION('',(1.,0.,0.));
#2433=DIRECTION('center_axis',(0.,0.,1.));
#2434=DIRECTION('ref_axis',(1.,0.,0.));
#2435=DIRECTION('center_axis',(-1.,0.,0.));
#2436=DIRECTION('ref_axis',(0.,-1.,0.));
#2437=DIRECTION('',(0.,0.,1.));
#2438=DIRECTION('',(0.,-1.,0.));
#2439=DIRECTION('',(0.,0.,1.));
#2440=DIRECTION('center_axis',(0.,0.,1.));
#2441=DIRECTION('ref_axis',(-1.,0.,0.));
#2442=DIRECTION('',(0.,0.,1.));
#2443=DIRECTION('center_axis',(0.,0.,-1.));
#2444=DIRECTION('ref_axis',(-1.,0.,0.));
#2445=DIRECTION('center_axis',(0.,-1.,0.));
#2446=DIRECTION('ref_axis',(1.,0.,0.));
#2447=DIRECTION('',(1.,0.,0.));
#2448=DIRECTION('center_axis',(0.,0.,1.));
#2449=DIRECTION('ref_axis',(1.,0.,0.));
#2450=DIRECTION('center_axis',(0.,0.,-1.));
#2451=DIRECTION('ref_axis',(-1.,0.,0.));
#2452=DIRECTION('',(-1.,0.,0.));
#2453=DIRECTION('center_axis',(0.,0.,1.));
#2454=DIRECTION('ref_axis',(0.707106781186548,0.707106781186547,0.));
#2455=DIRECTION('',(-1.,-2.72377300029371E-9,0.));
#2456=DIRECTION('center_axis',(0.,0.,-1.));
#2457=DIRECTION('ref_axis',(-1.,0.,0.));
#2458=DIRECTION('',(0.,1.,0.));
#2459=DIRECTION('center_axis',(0.,0.,-1.));
#2460=DIRECTION('ref_axis',(0.,1.,0.));
#2461=DIRECTION('',(1.,1.23353753337039E-16,0.));
#2462=DIRECTION('center_axis',(0.,0.,-1.));
#2463=DIRECTION('ref_axis',(1.,1.365206301321E-16,0.));
#2464=DIRECTION('',(1.11013472819502E-16,-1.,0.));
#2465=DIRECTION('center_axis',(0.,0.,-1.));
#2466=DIRECTION('ref_axis',(-1.80762019312679E-8,-1.,0.));
#2467=DIRECTION('',(-1.,1.20930487254723E-8,0.));
#2468=DIRECTION('',(-1.,0.,0.));
#2469=DIRECTION('center_axis',(0.,0.,-1.));
#2470=DIRECTION('ref_axis',(-7.40189712800999E-17,-1.,0.));
#2471=DIRECTION('',(0.,-1.,0.));
#2472=DIRECTION('center_axis',(0.,0.,-1.));
#2473=DIRECTION('ref_axis',(1.,0.,0.));
#2474=DIRECTION('',(1.,0.,0.));
#2475=DIRECTION('center_axis',(0.,0.,-1.));
#2476=DIRECTION('ref_axis',(0.,1.,0.));
#2477=DIRECTION('',(0.,1.,0.));
#2478=DIRECTION('center_axis',(2.72377300029371E-9,-1.,0.));
#2479=DIRECTION('ref_axis',(1.,2.72377300029371E-9,0.));
#2480=DIRECTION('',(0.,0.,-1.));
#2481=DIRECTION('',(1.,2.72377300029371E-9,0.));
#2482=DIRECTION('',(0.,0.,1.));
#2483=DIRECTION('center_axis',(0.,0.,1.));
#2484=DIRECTION('ref_axis',(-1.,0.,0.));
#2485=DIRECTION('center_axis',(0.,0.,1.));
#2486=DIRECTION('ref_axis',(-1.,0.,0.));
#2487=DIRECTION('',(0.,0.,1.));
#2488=DIRECTION('center_axis',(-1.,0.,0.));
#2489=DIRECTION('ref_axis',(0.,-1.,0.));
#2490=DIRECTION('',(0.,-1.,0.));
#2491=DIRECTION('',(0.,0.,1.));
#2492=DIRECTION('center_axis',(0.,0.,1.));
#2493=DIRECTION('ref_axis',(0.,1.,0.));
#2494=DIRECTION('center_axis',(0.,0.,1.));
#2495=DIRECTION('ref_axis',(0.,1.,0.));
#2496=DIRECTION('',(0.,0.,1.));
#2497=DIRECTION('center_axis',(-1.23353753337039E-16,1.,0.));
#2498=DIRECTION('ref_axis',(-1.,-1.23353753337039E-16,0.));
#2499=DIRECTION('',(-1.,-1.23353753337039E-16,0.));
#2500=DIRECTION('',(0.,0.,1.));
#2501=DIRECTION('center_axis',(0.,0.,1.));
#2502=DIRECTION('ref_axis',(1.,1.365206301321E-16,0.));
#2503=DIRECTION('center_axis',(0.,0.,1.));
#2504=DIRECTION('ref_axis',(1.,1.365206301321E-16,0.));
#2505=DIRECTION('',(0.,0.,1.));
#2506=DIRECTION('center_axis',(1.,1.11013472819502E-16,0.));
#2507=DIRECTION('ref_axis',(-1.11013472819502E-16,1.,0.));
#2508=DIRECTION('',(-1.11013472819502E-16,1.,0.));
#2509=DIRECTION('',(0.,0.,1.));
#2510=DIRECTION('center_axis',(0.,0.,1.));
#2511=DIRECTION('ref_axis',(-1.80762019312679E-8,-1.,0.));
#2512=DIRECTION('center_axis',(0.,0.,1.));
#2513=DIRECTION('ref_axis',(-1.80762019312679E-8,-1.,0.));
#2514=DIRECTION('',(0.,0.,1.));
#2515=DIRECTION('center_axis',(-1.20930487254723E-8,-1.,0.));
#2516=DIRECTION('ref_axis',(1.,-1.20930487254723E-8,0.));
#2517=DIRECTION('',(1.,-1.20930487254723E-8,0.));
#2518=DIRECTION('center_axis',(0.,0.,1.));
#2519=DIRECTION('ref_axis',(1.,0.,0.));
#2520=DIRECTION('center_axis',(0.,0.,1.));
#2521=DIRECTION('ref_axis',(-1.,0.,0.));
#2522=DIRECTION('',(0.,-1.,0.));
#2523=DIRECTION('center_axis',(0.,0.,1.));
#2524=DIRECTION('ref_axis',(0.,1.,0.));
#2525=DIRECTION('',(-1.,0.,0.));
#2526=DIRECTION('center_axis',(0.,0.,-1.));
#2527=DIRECTION('ref_axis',(0.707106781186548,0.707106781186547,0.));
#2528=DIRECTION('',(1.,0.,0.));
#2529=DIRECTION('center_axis',(0.,-1.,0.));
#2530=DIRECTION('ref_axis',(-1.,0.,0.));
#2531=DIRECTION('',(-1.,0.,0.));
#2532=DIRECTION('',(0.,0.,1.));
#2533=DIRECTION('center_axis',(0.,0.,-1.));
#2534=DIRECTION('ref_axis',(-7.40189712800999E-17,-1.,0.));
#2535=DIRECTION('center_axis',(0.,0.,-1.));
#2536=DIRECTION('ref_axis',(-7.40189712800999E-17,-1.,0.));
#2537=DIRECTION('',(0.,0.,1.));
#2538=DIRECTION('center_axis',(1.,0.,0.));
#2539=DIRECTION('ref_axis',(0.,-1.,0.));
#2540=DIRECTION('',(0.,-1.,0.));
#2541=DIRECTION('',(0.,0.,1.));
#2542=DIRECTION('center_axis',(0.,0.,-1.));
#2543=DIRECTION('ref_axis',(1.,0.,0.));
#2544=DIRECTION('center_axis',(0.,0.,-1.));
#2545=DIRECTION('ref_axis',(1.,0.,0.));
#2546=DIRECTION('',(0.,0.,1.));
#2547=DIRECTION('center_axis',(0.,1.,0.));
#2548=DIRECTION('ref_axis',(1.,0.,0.));
#2549=DIRECTION('',(1.,0.,0.));
#2550=DIRECTION('',(0.,0.,1.));
#2551=DIRECTION('center_axis',(0.,1.,0.));
#2552=DIRECTION('ref_axis',(1.,0.,0.));
#2553=DIRECTION('',(0.,0.,1.));
#2554=DIRECTION('center_axis',(0.,0.,-1.));
#2555=DIRECTION('ref_axis',(0.,1.,0.));
#2556=DIRECTION('center_axis',(0.,0.,-1.));
#2557=DIRECTION('ref_axis',(0.,1.,0.));
#2558=DIRECTION('',(0.,0.,1.));
#2559=DIRECTION('center_axis',(0.,0.,-1.));
#2560=DIRECTION('ref_axis',(0.,1.,0.));
#2561=DIRECTION('',(0.,0.,1.));
#2562=DIRECTION('center_axis',(-1.,0.,0.));
#2563=DIRECTION('ref_axis',(0.,1.,0.));
#2564=DIRECTION('',(0.,1.,0.));
#2565=DIRECTION('',(0.,0.,1.));
#2566=DIRECTION('center_axis',(-1.,0.,0.));
#2567=DIRECTION('ref_axis',(0.,1.,0.));
#2568=DIRECTION('',(0.,0.,1.));
#2569=DIRECTION('center_axis',(0.,0.,-1.));
#2570=DIRECTION('ref_axis',(-1.,0.,0.));
#2571=DIRECTION('center_axis',(0.,0.,-1.));
#2572=DIRECTION('ref_axis',(-1.,0.,0.));
#2573=DIRECTION('',(0.,0.,1.));
#2574=DIRECTION('center_axis',(0.,0.,-1.));
#2575=DIRECTION('ref_axis',(-1.,0.,0.));
#2576=DIRECTION('',(0.,0.,1.));
#2577=DIRECTION('center_axis',(0.,-1.,0.));
#2578=DIRECTION('ref_axis',(-1.,0.,0.));
#2579=DIRECTION('',(-1.,0.,0.));
#2580=DIRECTION('',(0.,0.,-1.));
#2581=DIRECTION('center_axis',(0.,-1.,0.));
#2582=DIRECTION('ref_axis',(-1.,0.,0.));
#2583=DIRECTION('',(0.,0.,-1.));
#2584=DIRECTION('center_axis',(0.,0.,-1.));
#2585=DIRECTION('ref_axis',(0.707106781186548,0.707106781186547,0.));
#2586=DIRECTION('center_axis',(0.,0.,-1.));
#2587=DIRECTION('ref_axis',(0.707106781186548,0.707106781186547,0.));
#2588=DIRECTION('',(0.,0.,1.));
#2589=DIRECTION('center_axis',(0.,1.,0.));
#2590=DIRECTION('ref_axis',(0.,0.,1.));
#2591=DIRECTION('center_axis',(0.,-1.,0.));
#2592=DIRECTION('ref_axis',(0.,0.,1.));
#2593=DIRECTION('center_axis',(-1.,0.,0.));
#2594=DIRECTION('ref_axis',(0.,0.,-1.));
#2595=DIRECTION('center_axis',(0.,1.,0.));
#2596=DIRECTION('ref_axis',(0.,0.,1.));
#2597=DIRECTION('center_axis',(0.,1.,0.));
#2598=DIRECTION('ref_axis',(0.,0.,1.));
#2599=DIRECTION('center_axis',(0.,-1.,0.));
#2600=DIRECTION('ref_axis',(-1.,0.,0.));
#2601=DIRECTION('',(1.,0.,0.));
#2602=DIRECTION('',(0.,0.,-1.));
#2603=DIRECTION('',(-1.,0.,0.));
#2604=DIRECTION('',(0.,0.,-1.));
#2605=DIRECTION('center_axis',(0.,-1.,0.));
#2606=DIRECTION('ref_axis',(0.,0.,1.));
#2607=DIRECTION('center_axis',(0.,1.,0.));
#2608=DIRECTION('ref_axis',(0.,0.,1.));
#2609=DIRECTION('center_axis',(-1.,0.,0.));
#2610=DIRECTION('ref_axis',(0.,0.,-1.));
#2611=DIRECTION('center_axis',(0.,1.,0.));
#2612=DIRECTION('ref_axis',(0.,0.,1.));
#2613=DIRECTION('center_axis',(0.,1.,0.));
#2614=DIRECTION('ref_axis',(0.,0.,1.));
#2615=DIRECTION('center_axis',(0.,-1.,0.));
#2616=DIRECTION('ref_axis',(0.,0.,-1.));
#2617=DIRECTION('center_axis',(0.,1.,0.));
#2618=DIRECTION('ref_axis',(0.,0.,1.));
#2619=DIRECTION('center_axis',(-1.,0.,0.));
#2620=DIRECTION('ref_axis',(0.,0.,1.));
#2621=DIRECTION('center_axis',(0.,-1.,0.));
#2622=DIRECTION('ref_axis',(0.,0.,1.));
#2623=DIRECTION('center_axis',(0.,1.,0.));
#2624=DIRECTION('ref_axis',(1.,0.,0.));
#2625=DIRECTION('',(0.,0.,1.));
#2626=DIRECTION('',(1.,0.,0.));
#2627=DIRECTION('',(0.,0.,-1.));
#2628=DIRECTION('',(-1.,0.,0.));
#2629=DIRECTION('center_axis',(0.,1.,0.));
#2630=DIRECTION('ref_axis',(0.,0.,1.));
#2631=DIRECTION('center_axis',(0.,-1.,0.));
#2632=DIRECTION('ref_axis',(0.,0.,-1.));
#2633=DIRECTION('center_axis',(-1.,0.,0.));
#2634=DIRECTION('ref_axis',(0.,0.,1.));
#2635=DIRECTION('center_axis',(0.,-1.,0.));
#2636=DIRECTION('ref_axis',(0.,0.,1.));
#2637=DIRECTION('center_axis',(0.,-1.,0.));
#2638=DIRECTION('ref_axis',(0.,0.,-1.));
#2639=DIRECTION('center_axis',(0.,-1.,0.));
#2640=DIRECTION('ref_axis',(0.,0.,1.));
#2641=DIRECTION('center_axis',(-1.,0.,0.));
#2642=DIRECTION('ref_axis',(0.,0.,1.));
#2643=DIRECTION('center_axis',(0.,-1.,0.));
#2644=DIRECTION('ref_axis',(0.,0.,-1.));
#2645=DIRECTION('center_axis',(0.,-1.,0.));
#2646=DIRECTION('ref_axis',(0.,0.,-1.));
#2647=DIRECTION('center_axis',(0.,-1.,0.));
#2648=DIRECTION('ref_axis',(0.,0.,1.));
#2649=DIRECTION('center_axis',(-1.,0.,0.));
#2650=DIRECTION('ref_axis',(0.,0.,1.));
#2651=DIRECTION('center_axis',(0.,-1.,0.));
#2652=DIRECTION('ref_axis',(0.,0.,-1.));
#2653=DIRECTION('center_axis',(0.,-1.,0.));
#2654=DIRECTION('ref_axis',(0.,0.,-1.));
#2655=DIRECTION('center_axis',(-1.,0.,0.));
#2656=DIRECTION('ref_axis',(0.,0.,1.));
#2657=DIRECTION('center_axis',(0.,1.,0.));
#2658=DIRECTION('ref_axis',(0.,0.,1.));
#2659=DIRECTION('center_axis',(0.,-1.,0.));
#2660=DIRECTION('ref_axis',(0.,0.,-1.));
#2661=DIRECTION('center_axis',(0.,-1.,0.));
#2662=DIRECTION('ref_axis',(0.,0.,-1.));
#2663=DIRECTION('center_axis',(-1.,0.,0.));
#2664=DIRECTION('ref_axis',(0.,0.,1.));
#2665=DIRECTION('center_axis',(0.,1.,0.));
#2666=DIRECTION('ref_axis',(0.,0.,1.));
#2667=DIRECTION('center_axis',(0.,-1.,0.));
#2668=DIRECTION('ref_axis',(0.,0.,-1.));
#2669=DIRECTION('center_axis',(0.,0.,1.));
#2670=DIRECTION('ref_axis',(-0.707106781186546,0.707106781186549,0.));
#2671=DIRECTION('',(0.,0.,-1.));
#2672=DIRECTION('center_axis',(0.,0.,1.));
#2673=DIRECTION('ref_axis',(-0.707106781186546,0.707106781186549,0.));
#2674=DIRECTION('',(0.,0.,1.));
#2675=DIRECTION('center_axis',(0.,1.,0.));
#2676=DIRECTION('ref_axis',(-1.,0.,0.));
#2677=DIRECTION('',(0.,0.,1.));
#2678=DIRECTION('',(-1.,0.,0.));
#2679=DIRECTION('center_axis',(0.,0.,-1.));
#2680=DIRECTION('ref_axis',(0.707106781186548,0.707106781186547,0.));
#2681=DIRECTION('center_axis',(0.,0.,1.));
#2682=DIRECTION('ref_axis',(0.707106781186548,0.707106781186547,0.));
#2683=DIRECTION('center_axis',(0.,0.,1.));
#2684=DIRECTION('ref_axis',(0.707106781186548,0.707106781186547,0.));
#2685=DIRECTION('center_axis',(0.,0.,1.));
#2686=DIRECTION('ref_axis',(1.,0.,0.));
#2687=DIRECTION('center_axis',(0.,0.,1.));
#2688=DIRECTION('ref_axis',(-0.70710678118697,-0.707106781186125,0.));
#2689=DIRECTION('',(0.,1.,0.));
#2690=DIRECTION('center_axis',(0.,0.,-1.));
#2691=DIRECTION('ref_axis',(0.707106781186546,-0.707106781186549,0.));
#2692=DIRECTION('',(0.,1.,0.));
#2693=DIRECTION('center_axis',(0.,0.,1.));
#2694=DIRECTION('ref_axis',(-0.707106781186546,0.707106781186549,0.));
#2695=DIRECTION('',(1.,0.,0.));
#2696=DIRECTION('center_axis',(0.,0.,1.));
#2697=DIRECTION('ref_axis',(7.40243803801445E-17,1.,0.));
#2698=DIRECTION('',(0.,1.,0.));
#2699=DIRECTION('center_axis',(0.,0.,1.));
#2700=DIRECTION('ref_axis',(-1.,0.,0.));
#2701=DIRECTION('center_axis',(0.,0.,1.));
#2702=DIRECTION('ref_axis',(0.,-1.,0.));
#2703=DIRECTION('',(0.,-1.,0.));
#2704=DIRECTION('center_axis',(0.,0.,1.));
#2705=DIRECTION('ref_axis',(1.,0.,0.));
#2706=DIRECTION('center_axis',(0.,0.,-1.));
#2707=DIRECTION('ref_axis',(-0.707106781186546,0.707106781186549,0.));
#2708=DIRECTION('',(0.,0.,1.));
#2709=DIRECTION('center_axis',(0.,0.,1.));
#2710=DIRECTION('ref_axis',(-0.707106781186546,0.707106781186549,0.));
#2711=DIRECTION('',(0.,0.,-1.));
#2712=DIRECTION('center_axis',(0.,1.,0.));
#2713=DIRECTION('ref_axis',(1.,0.,0.));
#2714=DIRECTION('',(-1.,0.,0.));
#2715=DIRECTION('',(0.,0.,-1.));
#2716=DIRECTION('center_axis',(0.,0.,1.));
#2717=DIRECTION('ref_axis',(0.707106781186546,-0.707106781186549,0.));
#2718=DIRECTION('',(0.,0.,-1.));
#2719=DIRECTION('center_axis',(0.,0.,1.));
#2720=DIRECTION('ref_axis',(-0.70710678118697,-0.707106781186125,0.));
#2721=DIRECTION('',(0.,0.,-1.));
#2722=DIRECTION('center_axis',(-1.,0.,0.));
#2723=DIRECTION('ref_axis',(0.,1.,0.));
#2724=DIRECTION('center_axis',(0.,0.,1.));
#2725=DIRECTION('ref_axis',(0.,1.,0.));
#2726=DIRECTION('center_axis',(0.,0.,-1.));
#2727=DIRECTION('ref_axis',(0.,1.,0.));
#2728=DIRECTION('center_axis',(0.,0.,1.));
#2729=DIRECTION('ref_axis',(1.,0.,0.));
#2730=DIRECTION('center_axis',(0.,0.,-1.));
#2731=DIRECTION('ref_axis',(1.,0.,0.));
#2732=DIRECTION('',(0.,1.,0.));
#2733=DIRECTION('center_axis',(0.,0.,-1.));
#2734=DIRECTION('ref_axis',(0.,-1.,0.));
#2735=DIRECTION('center_axis',(0.,0.,-1.));
#2736=DIRECTION('ref_axis',(-1.,0.,0.));
#2737=DIRECTION('',(0.,-1.,0.));
#2738=DIRECTION('center_axis',(0.,0.,-1.));
#2739=DIRECTION('ref_axis',(7.40243803801445E-17,1.,0.));
#2740=DIRECTION('',(0.,-1.,0.));
#2741=DIRECTION('center_axis',(0.,0.,-1.));
#2742=DIRECTION('ref_axis',(1.,0.,0.));
#2743=DIRECTION('',(0.,0.,-1.));
#2744=DIRECTION('center_axis',(1.,0.,0.));
#2745=DIRECTION('ref_axis',(0.,-1.,0.));
#2746=DIRECTION('',(0.,0.,-1.));
#2747=DIRECTION('center_axis',(0.,0.,-1.));
#2748=DIRECTION('ref_axis',(0.,-1.,0.));
#2749=DIRECTION('center_axis',(0.,0.,-1.));
#2750=DIRECTION('ref_axis',(-1.,0.,0.));
#2751=DIRECTION('',(0.,0.,-1.));
#2752=DIRECTION('center_axis',(-1.,0.,0.));
#2753=DIRECTION('ref_axis',(0.,1.,0.));
#2754=DIRECTION('',(0.,0.,-1.));
#2755=DIRECTION('center_axis',(0.,0.,-1.));
#2756=DIRECTION('ref_axis',(7.40243803801445E-17,1.,0.));
#2757=DIRECTION('center_axis',(-1.,0.,0.));
#2758=DIRECTION('ref_axis',(0.,1.,0.));
#2759=CARTESIAN_POINT('',(0.,0.,0.));
#2760=CARTESIAN_POINT('Origin',(48.000009149914,-9.2,13.4112788));
#2761=CARTESIAN_POINT('',(52.000009149914,-9.2,13.4112788));
#2762=CARTESIAN_POINT('',(56.000009149914,-9.2,17.4112788));
#2763=CARTESIAN_POINT('Origin',(56.000009149914,-9.2,13.4112788));
#2764=CARTESIAN_POINT('',(48.000009149914,-1.20000000000001,17.4112788));
#2765=CARTESIAN_POINT('Origin',(48.000009149914,-9.2,17.4112788));
#2766=CARTESIAN_POINT('',(48.000009149914,-5.2,13.4112788));
#2767=CARTESIAN_POINT('Origin',(48.000009149914,-1.20000000000001,13.4112788));
#2768=CARTESIAN_POINT('Origin',(48.000009149914,-9.2,13.4112788));
#2769=CARTESIAN_POINT('Origin',(51.000004574957,-1.2,13.4112788));
#2770=CARTESIAN_POINT('',(4.998409266409,-1.2,17.4112788));
#2771=CARTESIAN_POINT('',(4.998409266409,-5.200000126562,13.4112788));
#2772=CARTESIAN_POINT('Origin',(4.998409266409,-1.2,13.4112788));
#2773=CARTESIAN_POINT('',(51.000004574957,-5.2,13.4112788));
#2774=CARTESIAN_POINT('',(51.000004574957,-1.2,17.4112788));
#2775=CARTESIAN_POINT('Origin',(4.998409266409,4.998409266409,13.4112788));
#2776=CARTESIAN_POINT('',(-1.200000253124,4.998409266409,17.4112788));
#2777=CARTESIAN_POINT('',(-5.200000126562,4.998409266409,13.4112788));
#2778=CARTESIAN_POINT('Origin',(-1.200000253124,4.998409266409,13.4112788));
#2779=CARTESIAN_POINT('Origin',(4.998409266409,4.998409266409,13.4112788));
#2780=CARTESIAN_POINT('Origin',(4.998409266409,4.998409266409,17.4112788));
#2781=CARTESIAN_POINT('Origin',(-1.2,12.8842051215458,13.4112788));
#2782=CARTESIAN_POINT('',(-1.2,45.001590733591,17.4112788));
#2783=CARTESIAN_POINT('',(-5.200000126562,45.001590733591,13.4112788));
#2784=CARTESIAN_POINT('Origin',(-1.2,45.001590733591,13.4112788));
#2785=CARTESIAN_POINT('',(-5.2,12.8842051215458,13.4112788));
#2786=CARTESIAN_POINT('',(-1.2,12.8842051215458,17.4112788));
#2787=CARTESIAN_POINT('Origin',(4.998409266409,45.001590733591,13.4112788));
#2788=CARTESIAN_POINT('',(4.998409266409,51.200000253124,17.4112788));
#2789=CARTESIAN_POINT('',(4.998409266409,55.200000126562,13.4112788));
#2790=CARTESIAN_POINT('Origin',(4.998409266409,51.200000253124,13.4112788));
#2791=CARTESIAN_POINT('Origin',(4.998409266409,45.001590733591,13.4112788));
#2792=CARTESIAN_POINT('Origin',(4.998409266409,45.001590733591,17.4112788));
#2793=CARTESIAN_POINT('Origin',(27.4992046332045,51.2,13.4112788));
#2794=CARTESIAN_POINT('',(95.001590733591,51.2,17.4112788));
#2795=CARTESIAN_POINT('',(95.001590733591,55.200000126562,13.4112788));
#2796=CARTESIAN_POINT('Origin',(95.001590733591,51.2,13.4112788));
#2797=CARTESIAN_POINT('',(27.4992046332045,55.2,13.4112788));
#2798=CARTESIAN_POINT('',(27.4992046332045,51.2,17.4112788));
#2799=CARTESIAN_POINT('Origin',(95.001590733591,45.001590733591,13.4112788));
#2800=CARTESIAN_POINT('',(101.200000253124,45.001590733591,17.4112788));
#2801=CARTESIAN_POINT('',(105.200000126562,45.001590733591,13.4112788));
#2802=CARTESIAN_POINT('Origin',(101.200000253124,45.001590733591,13.4112788));
#2803=CARTESIAN_POINT('Origin',(95.001590733591,45.001590733591,13.4112788));
#2804=CARTESIAN_POINT('Origin',(95.001590733591,45.001590733591,17.4112788));
#2805=CARTESIAN_POINT('Origin',(101.2,32.8857958551367,13.4112788));
#2806=CARTESIAN_POINT('',(101.2,4.998409266409,17.4112788));
#2807=CARTESIAN_POINT('',(105.200000126562,4.998409266409,13.4112788));
#2808=CARTESIAN_POINT('Origin',(101.2,4.998409266409,13.4112788));
#2809=CARTESIAN_POINT('',(105.2,32.8857958551367,13.4112788));
#2810=CARTESIAN_POINT('',(101.2,32.8857958551367,17.4112788));
#2811=CARTESIAN_POINT('Origin',(95.001590733591,4.998409266409,13.4112788));
#2812=CARTESIAN_POINT('',(95.001590733591,-1.200000253124,17.4112788));
#2813=CARTESIAN_POINT('',(95.001590733591,-5.200000126562,13.4112788));
#2814=CARTESIAN_POINT('Origin',(95.001590733591,-1.200000253124,13.4112788));
#2815=CARTESIAN_POINT('Origin',(95.001590733591,4.998409266409,13.4112788));
#2816=CARTESIAN_POINT('Origin',(95.001590733591,4.998409266409,17.4112788));
#2817=CARTESIAN_POINT('Origin',(72.5007953667955,-1.2,13.4112788));
#2818=CARTESIAN_POINT('',(88.0000091499106,-1.2,17.4112788));
#2819=CARTESIAN_POINT('',(88.0000091499106,-5.2,13.4112788));
#2820=CARTESIAN_POINT('Origin',(88.0000091499106,-1.2,13.4112788));
#2821=CARTESIAN_POINT('',(72.5007953667955,-5.2,13.4112788));
#2822=CARTESIAN_POINT('',(72.5007953667955,-1.2,17.4112788));
#2823=CARTESIAN_POINT('Origin',(88.0000091499106,-9.2,13.4112788));
#2824=CARTESIAN_POINT('',(80.0000091499106,-9.19999999998917,17.4112788));
#2825=CARTESIAN_POINT('',(84.0000091499106,-9.19999999999459,13.4112788));
#2826=CARTESIAN_POINT('Origin',(80.0000091499106,-9.19999999998917,13.4112788));
#2827=CARTESIAN_POINT('Origin',(88.0000091499106,-9.2,13.4112788));
#2828=CARTESIAN_POINT('Origin',(88.0000091499106,-9.2,17.4112788));
#2829=CARTESIAN_POINT('Origin',(80.0000091499336,7.78500048832365,13.4112788));
#2830=CARTESIAN_POINT('',(80.0000091499099,-9.65999829976257,17.4112788));
#2831=CARTESIAN_POINT('',(84.0000091499099,-9.65999829976799,13.4112788));
#2832=CARTESIAN_POINT('Origin',(80.0000091499099,-9.65999829976257,13.4112788));
#2833=CARTESIAN_POINT('',(84.0000091499336,7.78500048831823,13.4112788));
#2834=CARTESIAN_POINT('',(80.0000091499336,7.78500048832365,17.4112788));
#2835=CARTESIAN_POINT('Origin',(56.000009149914,3.55500133847662,13.4112788));
#2836=CARTESIAN_POINT('',(52.000009149914,-9.65999829973401,13.4112788));
#2837=CARTESIAN_POINT('',(56.000009149914,-9.65999829973401,17.4112788));
#2838=CARTESIAN_POINT('Origin',(56.000009149914,-9.65999829973401,13.4112788));
#2839=CARTESIAN_POINT('',(56.000009149914,3.55500133847662,17.4112788));
#2840=CARTESIAN_POINT('',(52.000009149914,3.55500133847662,13.4112788));
#2841=CARTESIAN_POINT('Origin',(67.0000045749366,-9.6599982997471,13.4112788));
#2842=CARTESIAN_POINT('',(56.0000091499093,-13.659998299734,13.4112788));
#2843=CARTESIAN_POINT('Origin',(56.000009149914,-9.65999829973401,13.4112788));
#2844=CARTESIAN_POINT('',(80.0000091499052,-13.6599982997626,13.4112788));
#2845=CARTESIAN_POINT('',(67.0000045749318,-13.6599982997471,13.4112788));
#2846=CARTESIAN_POINT('Origin',(80.0000091499099,-9.65999829976257,13.4112788));
#2847=CARTESIAN_POINT('',(67.0000045749366,-9.6599982997471,17.4112788));
#2848=CARTESIAN_POINT('Origin',(80.0000091499099,-9.65999829976257,13.4112788));
#2849=CARTESIAN_POINT('Origin',(80.0000091499099,-9.65999829976257,13.4112788));
#2850=CARTESIAN_POINT('Origin',(56.000009149914,-9.65999829973401,13.4112788));
#2851=CARTESIAN_POINT('Origin',(56.000009149914,-9.65999829973401,13.4112788));
#2852=CARTESIAN_POINT('Origin',(95.001590733591,45.001590733591,2.4112788));
#2853=CARTESIAN_POINT('',(105.200000189843,45.001590733591,6.9112788));
#2854=CARTESIAN_POINT('',(105.200000126562,45.001590733591,2.4112788));
#2855=CARTESIAN_POINT('',(95.001590733591,55.200000189843,6.9112788));
#2856=CARTESIAN_POINT('Origin',(95.001590733591,45.001590733591,6.9112788));
#2857=CARTESIAN_POINT('',(95.001590733591,55.200000126562,2.4112788));
#2858=CARTESIAN_POINT('Origin',(105.2,45.001590733591,2.4112788));
#2859=CARTESIAN_POINT('',(105.200000189843,4.998409266409,6.9112788));
#2860=CARTESIAN_POINT('',(105.200000126562,4.998409266409,2.4112788));
#2861=CARTESIAN_POINT('',(105.2,35.0007953667955,6.9112788));
#2862=CARTESIAN_POINT('Origin',(95.001590733591,4.998409266409,2.4112788));
#2863=CARTESIAN_POINT('',(95.001590733591,-5.200000189843,6.9112788));
#2864=CARTESIAN_POINT('',(95.001590733591,-5.200000126562,2.4112788));
#2865=CARTESIAN_POINT('Origin',(95.001590733591,4.998409266409,6.9112788));
#2866=CARTESIAN_POINT('Origin',(95.001590733591,-5.2,2.4112788));
#2867=CARTESIAN_POINT('',(88.0000091499106,-5.2,6.9112788));
#2868=CARTESIAN_POINT('',(88.0000091499106,-5.2,2.4112788));
#2869=CARTESIAN_POINT('',(72.5007953667955,-5.2,6.9112788));
#2870=CARTESIAN_POINT('Origin',(88.0000091499106,-9.2,2.4112788));
#2871=CARTESIAN_POINT('',(84.0000091499106,-9.19999999999459,-11.5887212));
#2872=CARTESIAN_POINT('',(84.0000091499106,-9.19999999999459,2.4112788));
#2873=CARTESIAN_POINT('',(88.0000091499106,-5.2,-11.5887212));
#2874=CARTESIAN_POINT('Origin',(88.0000091499106,-9.2,-11.5887212));
#2875=CARTESIAN_POINT('',(88.0000091499106,-5.2,-1.0887212));
#2876=CARTESIAN_POINT('',(88.0000091499106,-5.2,2.4112788));
#2877=CARTESIAN_POINT('',(84.5359075347728,-7.20000000000001,-1.0887212));
#2878=CARTESIAN_POINT('Origin',(88.0000091499106,-9.2,-1.0887212));
#2879=CARTESIAN_POINT('',(84.5359075347728,-7.20000000000001,6.9112788));
#2880=CARTESIAN_POINT('',(84.5359075347728,-7.20000000000001,2.4112788));
#2881=CARTESIAN_POINT('Origin',(88.0000091499106,-9.2,6.9112788));
#2882=CARTESIAN_POINT('Origin',(84.000009149916,-5.2,2.4112788));
#2883=CARTESIAN_POINT('',(84.0000091499099,-9.65999829976799,-11.5887212));
#2884=CARTESIAN_POINT('',(84.0000091499099,-9.65999829976799,2.4112788));
#2885=CARTESIAN_POINT('',(84.0000091499045,-13.6599982997293,-11.5887212));
#2886=CARTESIAN_POINT('Origin',(80.0000091499099,-9.65999829976257,2.4112788));
#2887=CARTESIAN_POINT('',(80.0000091499052,-13.6599982997626,-11.5887212));
#2888=CARTESIAN_POINT('',(80.0000091499052,-13.6599982997626,2.4112788));
#2889=CARTESIAN_POINT('Origin',(80.0000091499099,-9.65999829976257,-11.5887212));
#2890=CARTESIAN_POINT('Origin',(84.0000091499045,-13.6599982997673,2.4112788));
#2891=CARTESIAN_POINT('',(56.0000091499093,-13.659998299734,-11.5887212));
#2892=CARTESIAN_POINT('',(56.0000091499093,-13.659998299734,2.4112788));
#2893=CARTESIAN_POINT('',(52.0000091499191,-13.6599982997293,-11.5887212));
#2894=CARTESIAN_POINT('Origin',(50.,20.7700009766825,17.4112788));
#2895=CARTESIAN_POINT('Origin',(78.000009149914,3.88000133846175,11.4112788));
#2896=CARTESIAN_POINT('',(82.000009149914,-7.659998299759,11.4112788));
#2897=CARTESIAN_POINT('',(78.000009149914,-7.659998299759,15.4112788));
#2898=CARTESIAN_POINT('Origin',(78.000009149914,-7.659998299759,11.4112788));
#2899=CARTESIAN_POINT('',(78.000009149914,-4.5,15.4112788));
#2900=CARTESIAN_POINT('',(78.000009149914,3.88000133846175,15.4112788));
#2901=CARTESIAN_POINT('',(82.000009149914,-4.5,11.4112788));
#2902=CARTESIAN_POINT('Origin',(78.000009149914,-4.5,11.4112788));
#2903=CARTESIAN_POINT('',(82.000009149914,3.88000133846175,11.4112788));
#2904=CARTESIAN_POINT('Origin',(86.000009149914,-4.5,11.4112788));
#2905=CARTESIAN_POINT('',(86.000009149914,3.5,15.4112788));
#2906=CARTESIAN_POINT('',(86.000009149914,-0.499999999999998,11.4112788));
#2907=CARTESIAN_POINT('Origin',(86.000009149914,3.5,11.4112788));
#2908=CARTESIAN_POINT('Origin',(86.000009149914,-4.5,11.4112788));
#2909=CARTESIAN_POINT('Origin',(86.000009149914,-4.5,15.4112788));
#2910=CARTESIAN_POINT('Origin',(72.5007953667955,3.5,11.4112788));
#2911=CARTESIAN_POINT('',(95.001590733591,3.5,15.4112788));
#2912=CARTESIAN_POINT('',(95.001590733591,-0.500000126562001,11.4112788));
#2913=CARTESIAN_POINT('Origin',(95.001590733591,3.5,11.4112788));
#2914=CARTESIAN_POINT('',(72.5007953667955,-0.499999999999998,11.4112788));
#2915=CARTESIAN_POINT('',(72.5007953667955,3.5,15.4112788));
#2916=CARTESIAN_POINT('Ctrl Pts',(95.001590733591,-0.500000253124,11.4112788));
#2917=CARTESIAN_POINT('Ctrl Pts',(100.500000253124,-0.500000253123999,11.4112788));
#2918=CARTESIAN_POINT('Ctrl Pts',(100.500000253124,4.998409266409,11.4112788));
#2919=CARTESIAN_POINT('Ctrl Pts',(95.001590733591,-0.500000253124,13.0681331236307));
#2920=CARTESIAN_POINT('Ctrl Pts',(100.500000253124,-0.500000253123999,13.0681331236307));
#2921=CARTESIAN_POINT('Ctrl Pts',(100.500000253124,4.998409266409,13.0681331236307));
#2922=CARTESIAN_POINT('Ctrl Pts',(95.001590733591,0.671572711622659,14.239706014239));
#2923=CARTESIAN_POINT('Ctrl Pts',(99.3284272883773,0.67157271162266,14.239706014239));
#2924=CARTESIAN_POINT('Ctrl Pts',(99.3284272883773,4.998409266409,14.239706014239));
#2925=CARTESIAN_POINT('Ctrl Pts',(95.001590733591,1.84314567636932,15.4112789048474));
#2926=CARTESIAN_POINT('Ctrl Pts',(98.1568543236307,1.84314567636932,15.4112789048474));
#2927=CARTESIAN_POINT('Ctrl Pts',(98.1568543236307,4.998409266409,15.4112789048474));
#2928=CARTESIAN_POINT('Ctrl Pts',(95.001590733591,3.50000000000001,15.4112788));
#2929=CARTESIAN_POINT('Ctrl Pts',(96.5,3.50000000000001,15.4112788));
#2930=CARTESIAN_POINT('Ctrl Pts',(96.5,4.998409266409,15.4112788));
#2931=CARTESIAN_POINT('',(96.500000253124,4.998409266409,15.4112788));
#2932=CARTESIAN_POINT('',(100.500000126562,4.998409266409,11.4112788));
#2933=CARTESIAN_POINT('Origin',(96.500000253124,4.998409266409,11.4112788));
#2934=CARTESIAN_POINT('Origin',(95.001590733591,4.998409266409,11.4112788));
#2935=CARTESIAN_POINT('Origin',(95.001590733591,4.998409266409,15.4112788));
#2936=CARTESIAN_POINT('Origin',(96.5,32.2107958551368,11.4112788));
#2937=CARTESIAN_POINT('',(96.5,45.001590733591,15.4112788));
#2938=CARTESIAN_POINT('',(100.500000126562,45.001590733591,11.4112788));
#2939=CARTESIAN_POINT('Origin',(96.5,45.001590733591,11.4112788));
#2940=CARTESIAN_POINT('',(100.5,32.2107958551368,11.4112788));
#2941=CARTESIAN_POINT('',(96.5,32.2107958551368,15.4112788));
#2942=CARTESIAN_POINT('Ctrl Pts',(100.500000253124,45.001590733591,11.4112788));
#2943=CARTESIAN_POINT('Ctrl Pts',(100.500000253124,50.500000253124,11.4112788));
#2944=CARTESIAN_POINT('Ctrl Pts',(95.001590733591,50.500000253124,11.4112788));
#2945=CARTESIAN_POINT('Ctrl Pts',(100.500000253124,45.001590733591,13.0681331236307));
#2946=CARTESIAN_POINT('Ctrl Pts',(100.500000253124,50.500000253124,13.0681331236307));
#2947=CARTESIAN_POINT('Ctrl Pts',(95.001590733591,50.500000253124,13.0681331236307));
#2948=CARTESIAN_POINT('Ctrl Pts',(99.3284272883773,45.001590733591,14.239706014239));
#2949=CARTESIAN_POINT('Ctrl Pts',(99.3284272883773,49.3284272883773,14.239706014239));
#2950=CARTESIAN_POINT('Ctrl Pts',(95.001590733591,49.3284272883773,14.239706014239));
#2951=CARTESIAN_POINT('Ctrl Pts',(98.1568543236307,45.001590733591,15.4112789048474));
#2952=CARTESIAN_POINT('Ctrl Pts',(98.1568543236307,48.1568543236307,15.4112789048474));
#2953=CARTESIAN_POINT('Ctrl Pts',(95.001590733591,48.1568543236307,15.4112789048474));
#2954=CARTESIAN_POINT('Ctrl Pts',(96.5,45.001590733591,15.4112788));
#2955=CARTESIAN_POINT('Ctrl Pts',(96.5,46.5,15.4112788));
#2956=CARTESIAN_POINT('Ctrl Pts',(95.001590733591,46.5,15.4112788));
#2957=CARTESIAN_POINT('',(95.001590733591,46.500000253124,15.4112788));
#2958=CARTESIAN_POINT('',(95.001590733591,50.500000126562,11.4112788));
#2959=CARTESIAN_POINT('Origin',(95.001590733591,46.500000253124,11.4112788));
#2960=CARTESIAN_POINT('Origin',(95.001590733591,45.001590733591,11.4112788));
#2961=CARTESIAN_POINT('Origin',(95.001590733591,45.001590733591,15.4112788));
#2962=CARTESIAN_POINT('Origin',(27.4992046332045,46.5,11.4112788));
#2963=CARTESIAN_POINT('',(4.998409266409,46.5,15.4112788));
#2964=CARTESIAN_POINT('',(4.998409266409,50.500000126562,11.4112788));
#2965=CARTESIAN_POINT('Origin',(4.998409266409,46.5,11.4112788));
#2966=CARTESIAN_POINT('',(27.4992046332045,50.5,11.4112788));
#2967=CARTESIAN_POINT('',(27.4992046332045,46.5,15.4112788));
#2968=CARTESIAN_POINT('Ctrl Pts',(4.998409266409,50.500000253124,11.4112788));
#2969=CARTESIAN_POINT('Ctrl Pts',(-0.500000253124001,50.500000253124,11.4112788));
#2970=CARTESIAN_POINT('Ctrl Pts',(-0.500000253124002,45.001590733591,11.4112788));
#2971=CARTESIAN_POINT('Ctrl Pts',(4.998409266409,50.500000253124,13.0681331236307));
#2972=CARTESIAN_POINT('Ctrl Pts',(-0.500000253124001,50.500000253124,13.0681331236307));
#2973=CARTESIAN_POINT('Ctrl Pts',(-0.500000253124002,45.001590733591,13.0681331236307));
#2974=CARTESIAN_POINT('Ctrl Pts',(4.998409266409,49.3284272883773,14.239706014239));
#2975=CARTESIAN_POINT('Ctrl Pts',(0.671572711622662,49.3284272883773,14.239706014239));
#2976=CARTESIAN_POINT('Ctrl Pts',(0.671572711622661,45.001590733591,14.239706014239));
#2977=CARTESIAN_POINT('Ctrl Pts',(4.998409266409,48.1568543236307,15.4112789048474));
#2978=CARTESIAN_POINT('Ctrl Pts',(1.84314567636932,48.1568543236307,15.4112789048474));
#2979=CARTESIAN_POINT('Ctrl Pts',(1.84314567636932,45.001590733591,15.4112789048474));
#2980=CARTESIAN_POINT('Ctrl Pts',(4.998409266409,46.5,15.4112788));
#2981=CARTESIAN_POINT('Ctrl Pts',(3.50000000000001,46.5,15.4112788));
#2982=CARTESIAN_POINT('Ctrl Pts',(3.50000000000001,45.001590733591,15.4112788));
#2983=CARTESIAN_POINT('',(3.499999746876,45.001590733591,15.4112788));
#2984=CARTESIAN_POINT('',(-0.500000126562005,45.001590733591,11.4112788));
#2985=CARTESIAN_POINT('Origin',(3.499999746876,45.001590733591,11.4112788));
#2986=CARTESIAN_POINT('Origin',(4.998409266409,45.001590733591,11.4112788));
#2987=CARTESIAN_POINT('Origin',(4.998409266409,45.001590733591,15.4112788));
#2988=CARTESIAN_POINT('Origin',(3.5,12.2092051215457,11.4112788));
#2989=CARTESIAN_POINT('',(3.5,4.998409266409,15.4112788));
#2990=CARTESIAN_POINT('',(-0.500000126562005,4.998409266409,11.4112788));
#2991=CARTESIAN_POINT('Origin',(3.5,4.998409266409,11.4112788));
#2992=CARTESIAN_POINT('',(-0.500000000000007,12.2092051215457,11.4112788));
#2993=CARTESIAN_POINT('',(3.5,12.2092051215457,15.4112788));
#2994=CARTESIAN_POINT('Ctrl Pts',(-0.500000253124002,4.998409266409,11.4112788));
#2995=CARTESIAN_POINT('Ctrl Pts',(-0.500000253124001,-0.500000253124001,
11.4112788));
#2996=CARTESIAN_POINT('Ctrl Pts',(4.998409266409,-0.500000253124002,11.4112788));
#2997=CARTESIAN_POINT('Ctrl Pts',(-0.500000253124002,4.998409266409,13.0681331236307));
#2998=CARTESIAN_POINT('Ctrl Pts',(-0.500000253124001,-0.500000253124001,
13.0681331236307));
#2999=CARTESIAN_POINT('Ctrl Pts',(4.998409266409,-0.500000253124002,13.0681331236307));
#3000=CARTESIAN_POINT('Ctrl Pts',(0.671572711622657,4.998409266409,14.239706014239));
#3001=CARTESIAN_POINT('Ctrl Pts',(0.671572711622658,0.671572711622658,14.239706014239));
#3002=CARTESIAN_POINT('Ctrl Pts',(4.998409266409,0.671572711622657,14.239706014239));
#3003=CARTESIAN_POINT('Ctrl Pts',(1.84314567636932,4.998409266409,15.4112789048474));
#3004=CARTESIAN_POINT('Ctrl Pts',(1.84314567636932,1.84314567636932,15.4112789048474));
#3005=CARTESIAN_POINT('Ctrl Pts',(4.998409266409,1.84314567636932,15.4112789048474));
#3006=CARTESIAN_POINT('Ctrl Pts',(3.5,4.998409266409,15.4112788));
#3007=CARTESIAN_POINT('Ctrl Pts',(3.5,3.5,15.4112788));
#3008=CARTESIAN_POINT('Ctrl Pts',(4.998409266409,3.5,15.4112788));
#3009=CARTESIAN_POINT('',(4.998409266409,3.499999746876,15.4112788));
#3010=CARTESIAN_POINT('',(4.998409266409,-0.500000126562001,11.4112788));
#3011=CARTESIAN_POINT('Origin',(4.998409266409,3.499999746876,11.4112788));
#3012=CARTESIAN_POINT('Origin',(4.998409266409,4.998409266409,11.4112788));
#3013=CARTESIAN_POINT('Origin',(4.998409266409,4.998409266409,15.4112788));
#3014=CARTESIAN_POINT('Origin',(50.000009149914,-4.5,11.4112788));
#3015=CARTESIAN_POINT('',(50.000009149914,-0.499999999999998,11.4112788));
#3016=CARTESIAN_POINT('',(50.000009149914,3.5,15.4112788));
#3017=CARTESIAN_POINT('Origin',(50.000009149914,3.5,11.4112788));
#3018=CARTESIAN_POINT('',(58.000009149914,-4.5,15.4112788));
#3019=CARTESIAN_POINT('Origin',(50.000009149914,-4.5,15.4112788));
#3020=CARTESIAN_POINT('',(54.000009149914,-4.5,11.4112788));
#3021=CARTESIAN_POINT('Origin',(58.000009149914,-4.5,11.4112788));
#3022=CARTESIAN_POINT('Origin',(50.000009149914,-4.5,11.4112788));
#3023=CARTESIAN_POINT('Origin',(58.000009149914,8.11000048834125,11.4112788));
#3024=CARTESIAN_POINT('',(58.000009149914,-7.659998299759,15.4112788));
#3025=CARTESIAN_POINT('',(54.000009149914,-7.659998299759,11.4112788));
#3026=CARTESIAN_POINT('Origin',(58.000009149914,-7.659998299759,11.4112788));
#3027=CARTESIAN_POINT('',(54.000009149914,8.11000048834125,11.4112788));
#3028=CARTESIAN_POINT('',(58.000009149914,8.11000048834125,15.4112788));
#3029=CARTESIAN_POINT('Origin',(52.000004574957,3.5,11.4112788));
#3030=CARTESIAN_POINT('',(52.000004574957,-0.499999999999998,11.4112788));
#3031=CARTESIAN_POINT('',(52.000004574957,3.5,15.4112788));
#3032=CARTESIAN_POINT('Origin',(52.000004574957,-7.659998299759,11.4112788));
#3033=CARTESIAN_POINT('',(58.000009149914,-11.659998299759,11.4112788));
#3034=CARTESIAN_POINT('Origin',(58.000009149914,-7.659998299759,11.4112788));
#3035=CARTESIAN_POINT('',(52.000004574957,-7.659998299759,15.4112788));
#3036=CARTESIAN_POINT('',(78.000009149914,-11.659998299759,11.4112788));
#3037=CARTESIAN_POINT('Origin',(78.000009149914,-7.659998299759,11.4112788));
#3038=CARTESIAN_POINT('',(52.000004574957,-11.659998299759,11.4112788));
#3039=CARTESIAN_POINT('Origin',(58.000009149914,-7.659998299759,11.4112788));
#3040=CARTESIAN_POINT('Origin',(58.000009149914,-7.659998299759,11.4112788));
#3041=CARTESIAN_POINT('Origin',(78.000009149914,-7.659998299759,11.4112788));
#3042=CARTESIAN_POINT('Origin',(78.000009149914,-7.659998299759,11.4112788));
#3043=CARTESIAN_POINT('Origin',(4.998409266409,45.001590733591,2.4112788));
#3044=CARTESIAN_POINT('',(-0.500000126562005,45.001590733591,2.4112788));
#3045=CARTESIAN_POINT('',(-0.500000126562005,45.001590733591,2.4112788));
#3046=CARTESIAN_POINT('',(4.998409266409,50.500000126562,2.4112788));
#3047=CARTESIAN_POINT('Origin',(4.998409266409,45.001590733591,2.4112788));
#3048=CARTESIAN_POINT('',(4.998409266409,50.500000126562,2.4112788));
#3049=CARTESIAN_POINT('Origin',(-0.500000000000007,4.998409266409,2.4112788));
#3050=CARTESIAN_POINT('',(-0.500000126562005,4.998409266409,2.4112788));
#3051=CARTESIAN_POINT('',(-0.500000126562005,4.998409266409,2.4112788));
#3052=CARTESIAN_POINT('',(-0.500000000000007,4.998409266409,2.4112788));
#3053=CARTESIAN_POINT('Origin',(4.998409266409,4.998409266409,2.4112788));
#3054=CARTESIAN_POINT('',(4.998409266409,-0.500000126562001,2.4112788));
#3055=CARTESIAN_POINT('',(4.998409266409,-0.500000126562001,2.4112788));
#3056=CARTESIAN_POINT('Origin',(4.998409266409,4.998409266409,2.4112788));
#3057=CARTESIAN_POINT('Origin',(54.000009149914,-0.499999999999998,2.4112788));
#3058=CARTESIAN_POINT('',(50.000009149914,-0.499999999999998,2.4112788));
#3059=CARTESIAN_POINT('',(50.000009149914,-0.499999999999998,2.4112788));
#3060=CARTESIAN_POINT('',(59.0000085676777,-0.499999999999998,2.4112788));
#3061=CARTESIAN_POINT('Origin',(50.000009149914,-4.5,2.4112788));
#3062=CARTESIAN_POINT('',(54.000009149914,-4.5,2.4112788));
#3063=CARTESIAN_POINT('',(54.000009149914,-4.5,2.4112788));
#3064=CARTESIAN_POINT('Origin',(50.000009149914,-4.5,2.4112788));
#3065=CARTESIAN_POINT('Origin',(54.000009149914,-3.2,2.4112788));
#3066=CARTESIAN_POINT('',(54.000009149914,-7.659998299759,-11.5887212));
#3067=CARTESIAN_POINT('',(54.000009149914,-7.659998299759,2.4112788));
#3068=CARTESIAN_POINT('',(54.000009149914,-7.2,-11.5887212));
#3069=CARTESIAN_POINT('',(54.000009149914,-11.659998299759,-11.5887212));
#3070=CARTESIAN_POINT('',(54.000009149914,-7.2,2.4112788));
#3071=CARTESIAN_POINT('',(54.000009149914,-7.2,2.4112788));
#3072=CARTESIAN_POINT('',(54.000009149914,-11.659998299759,2.4112788));
#3073=CARTESIAN_POINT('Origin',(58.000009149914,-7.659998299759,2.4112788));
#3074=CARTESIAN_POINT('',(58.000009149914,-11.659998299759,-11.5887212));
#3075=CARTESIAN_POINT('',(58.000009149914,-11.659998299759,2.4112788));
#3076=CARTESIAN_POINT('Origin',(58.000009149914,-7.659998299759,-11.5887212));
#3077=CARTESIAN_POINT('Origin',(54.000009149914,-11.659998299759,2.4112788));
#3078=CARTESIAN_POINT('',(78.000009149914,-11.659998299759,-11.5887212));
#3079=CARTESIAN_POINT('',(78.000009149914,-11.659998299759,2.4112788));
#3080=CARTESIAN_POINT('',(82.000009149914,-11.659998299759,-11.5887212));
#3081=CARTESIAN_POINT('Origin',(50.,19.4200009766825,15.4112788));
#3082=CARTESIAN_POINT('Origin',(100.5,45.001590733591,2.4112788));
#3083=CARTESIAN_POINT('',(100.500000126562,45.001590733591,2.4112788));
#3084=CARTESIAN_POINT('',(100.500000126562,45.001590733591,2.4112788));
#3085=CARTESIAN_POINT('',(100.500000126562,4.998409266409,2.4112788));
#3086=CARTESIAN_POINT('',(100.5,45.001590733591,2.4112788));
#3087=CARTESIAN_POINT('',(100.500000126562,4.998409266409,2.4112788));
#3088=CARTESIAN_POINT('Origin',(95.001590733591,45.001590733591,2.4112788));
#3089=CARTESIAN_POINT('',(95.001590733591,50.500000126562,2.4112788));
#3090=CARTESIAN_POINT('',(95.001590733591,50.500000126562,2.4112788));
#3091=CARTESIAN_POINT('Origin',(95.001590733591,45.001590733591,2.4112788));
#3092=CARTESIAN_POINT('Origin',(4.998409266409,50.5,2.4112788));
#3093=CARTESIAN_POINT('',(4.998409266409,50.5,2.4112788));
#3094=CARTESIAN_POINT('Origin',(50.,25.,-1.0887212));
#3095=CARTESIAN_POINT('',(4.998409266409,-5.200000189843,-1.0887212));
#3096=CARTESIAN_POINT('',(-5.20000018984301,4.998409266409,-1.0887212));
#3097=CARTESIAN_POINT('Origin',(4.998409266409,4.998409266409,-1.0887212));
#3098=CARTESIAN_POINT('',(48.000009149914,-5.2,-1.0887212));
#3099=CARTESIAN_POINT('',(51.000004574957,-5.2,-1.0887212));
#3100=CARTESIAN_POINT('',(51.4641107650517,-7.19999999999998,-1.0887212));
#3101=CARTESIAN_POINT('Origin',(48.000009149914,-9.2,-1.0887212));
#3102=CARTESIAN_POINT('',(4.99840930231127,-7.200000189843,-1.0887212));
#3103=CARTESIAN_POINT('',(4.99840930231127,-7.200000126562,-1.0887212));
#3104=CARTESIAN_POINT('',(-7.20000018984301,4.998409266409,-1.0887212));
#3105=CARTESIAN_POINT('Origin',(4.998409266409,4.998409266409,-1.0887212));
#3106=CARTESIAN_POINT('',(-7.20000018984301,45.001590733591,-1.0887212));
#3107=CARTESIAN_POINT('',(-7.20000012656202,45.001590733591,-1.0887212));
#3108=CARTESIAN_POINT('',(4.998409266409,57.200000189843,-1.0887212));
#3109=CARTESIAN_POINT('Origin',(4.998409266409,45.001590733591,-1.0887212));
#3110=CARTESIAN_POINT('',(95.001590733591,57.200000189843,-1.0887212));
#3111=CARTESIAN_POINT('',(95.001590733591,57.200000126562,-1.0887212));
#3112=CARTESIAN_POINT('',(107.200000189843,45.001590733591,-1.0887212));
#3113=CARTESIAN_POINT('Origin',(95.001590733591,45.001590733591,-1.0887212));
#3114=CARTESIAN_POINT('',(107.200000189843,4.998409266409,-1.0887212));
#3115=CARTESIAN_POINT('',(107.200000126562,4.998409266409,-1.0887212));
#3116=CARTESIAN_POINT('',(95.0015905130901,-7.20000018984301,-1.0887212));
#3117=CARTESIAN_POINT('Origin',(95.001590733591,4.998409266409,-1.0887212));
#3118=CARTESIAN_POINT('',(84.5359075347728,-7.20000000000001,-1.0887212));
#3119=CARTESIAN_POINT('',(95.001590733591,-5.200000189843,-1.0887212));
#3120=CARTESIAN_POINT('',(72.5007953667955,-5.2,-1.0887212));
#3121=CARTESIAN_POINT('',(105.200000189843,4.998409266409,-1.0887212));
#3122=CARTESIAN_POINT('Origin',(95.001590733591,4.998409266409,-1.0887212));
#3123=CARTESIAN_POINT('',(105.200000189843,45.001590733591,-1.0887212));
#3124=CARTESIAN_POINT('',(105.2,35.0007953667955,-1.0887212));
#3125=CARTESIAN_POINT('',(95.001590733591,55.200000189843,-1.0887212));
#3126=CARTESIAN_POINT('Origin',(95.001590733591,45.001590733591,-1.0887212));
#3127=CARTESIAN_POINT('',(4.998409266409,55.200000189843,-1.0887212));
#3128=CARTESIAN_POINT('',(27.4992046332045,55.2,-1.0887212));
#3129=CARTESIAN_POINT('',(-5.20000018984301,45.001590733591,-1.0887212));
#3130=CARTESIAN_POINT('Origin',(4.998409266409,45.001590733591,-1.0887212));
#3131=CARTESIAN_POINT('',(-5.2,14.9992046332045,-1.0887212));
#3132=CARTESIAN_POINT('Origin',(4.99840930231127,-7.200000126562,2.9112788));
#3133=CARTESIAN_POINT('',(51.4641107650517,-7.19999999999998,6.9112788));
#3134=CARTESIAN_POINT('',(51.4641107650517,-7.19999999999998,2.4112788));
#3135=CARTESIAN_POINT('',(4.99840930231127,-7.200000189843,6.9112788));
#3136=CARTESIAN_POINT('',(4.99840930231127,-7.200000126562,6.9112788));
#3137=CARTESIAN_POINT('',(4.99840930231127,-7.200000189843,2.9112788));
#3138=CARTESIAN_POINT('Origin',(4.998409266409,4.998409266409,2.9112788));
#3139=CARTESIAN_POINT('',(-7.20000018984301,4.998409266409,6.9112788));
#3140=CARTESIAN_POINT('Origin',(4.998409266409,4.998409266409,6.9112788));
#3141=CARTESIAN_POINT('',(-7.20000018984301,4.998409266409,2.9112788));
#3142=CARTESIAN_POINT('Origin',(-7.20000012656202,45.001590733591,2.9112788));
#3143=CARTESIAN_POINT('',(-7.20000018984301,45.001590733591,6.9112788));
#3144=CARTESIAN_POINT('',(-7.20000012656202,45.001590733591,6.9112788));
#3145=CARTESIAN_POINT('',(-7.20000018984301,45.001590733591,2.9112788));
#3146=CARTESIAN_POINT('Origin',(4.998409266409,45.001590733591,2.9112788));
#3147=CARTESIAN_POINT('',(4.998409266409,57.200000189843,6.9112788));
#3148=CARTESIAN_POINT('Origin',(4.998409266409,45.001590733591,6.9112788));
#3149=CARTESIAN_POINT('',(4.998409266409,57.200000189843,2.9112788));
#3150=CARTESIAN_POINT('Origin',(95.001590733591,57.200000126562,2.9112788));
#3151=CARTESIAN_POINT('',(95.001590733591,57.200000189843,6.9112788));
#3152=CARTESIAN_POINT('',(95.001590733591,57.200000126562,6.9112788));
#3153=CARTESIAN_POINT('',(95.001590733591,57.200000189843,2.9112788));
#3154=CARTESIAN_POINT('Origin',(95.001590733591,45.001590733591,2.9112788));
#3155=CARTESIAN_POINT('',(107.200000189843,45.001590733591,6.9112788));
#3156=CARTESIAN_POINT('Origin',(95.001590733591,45.001590733591,6.9112788));
#3157=CARTESIAN_POINT('',(107.200000189843,45.001590733591,2.9112788));
#3158=CARTESIAN_POINT('Origin',(107.200000126562,4.998409266409,2.9112788));
#3159=CARTESIAN_POINT('',(107.200000189843,4.998409266409,6.9112788));
#3160=CARTESIAN_POINT('',(107.200000126562,4.998409266409,6.9112788));
#3161=CARTESIAN_POINT('',(107.200000189843,4.998409266409,2.9112788));
#3162=CARTESIAN_POINT('Origin',(95.001590733591,4.998409266409,2.9112788));
#3163=CARTESIAN_POINT('',(95.0015905130901,-7.20000018984301,6.9112788));
#3164=CARTESIAN_POINT('Origin',(95.001590733591,4.998409266409,6.9112788));
#3165=CARTESIAN_POINT('',(95.0015905130901,-7.20000018984301,2.9112788));
#3166=CARTESIAN_POINT('Origin',(84.5359075347728,-7.20000000000001,2.9112788));
#3167=CARTESIAN_POINT('',(84.5359075347728,-7.20000000000001,6.9112788));
#3168=CARTESIAN_POINT('Origin',(50.,25.,6.9112788));
#3169=CARTESIAN_POINT('',(-5.20000018984301,4.998409266409,6.9112788));
#3170=CARTESIAN_POINT('',(4.998409266409,-5.200000189843,6.9112788));
#3171=CARTESIAN_POINT('Origin',(4.998409266409,4.998409266409,6.9112788));
#3172=CARTESIAN_POINT('',(-5.20000018984301,45.001590733591,6.9112788));
#3173=CARTESIAN_POINT('',(-5.2,14.9992046332045,6.9112788));
#3174=CARTESIAN_POINT('',(4.998409266409,55.200000189843,6.9112788));
#3175=CARTESIAN_POINT('Origin',(4.998409266409,45.001590733591,6.9112788));
#3176=CARTESIAN_POINT('',(27.4992046332045,55.2,6.9112788));
#3177=CARTESIAN_POINT('',(48.000009149914,-5.2,6.9112788));
#3178=CARTESIAN_POINT('Origin',(48.000009149914,-9.2,6.9112788));
#3179=CARTESIAN_POINT('',(51.000004574957,-5.2,6.9112788));
#3180=CARTESIAN_POINT('Origin',(95.001590733591,-5.2,2.4112788));
#3181=CARTESIAN_POINT('',(95.001590733591,-5.200000126562,-11.5887212));
#3182=CARTESIAN_POINT('',(77.0000085676779,-5.2,-11.5887212));
#3183=CARTESIAN_POINT('',(95.001590733591,-5.200000126562,2.4112788));
#3184=CARTESIAN_POINT('Origin',(95.001590733591,4.998409266409,2.4112788));
#3185=CARTESIAN_POINT('',(105.200000126562,4.998409266409,-11.5887212));
#3186=CARTESIAN_POINT('Origin',(95.001590733591,4.998409266409,-11.5887212));
#3187=CARTESIAN_POINT('',(105.200000126562,4.998409266409,2.4112788));
#3188=CARTESIAN_POINT('Origin',(105.2,45.001590733591,2.4112788));
#3189=CARTESIAN_POINT('',(105.200000126562,45.001590733591,-11.5887212));
#3190=CARTESIAN_POINT('',(105.2,4.998409266409,-11.5887212));
#3191=CARTESIAN_POINT('',(105.200000126562,45.001590733591,2.4112788));
#3192=CARTESIAN_POINT('Origin',(95.001590733591,45.001590733591,2.4112788));
#3193=CARTESIAN_POINT('',(95.001590733591,55.200000126562,-11.5887212));
#3194=CARTESIAN_POINT('Origin',(95.001590733591,45.001590733591,-11.5887212));
#3195=CARTESIAN_POINT('',(95.001590733591,55.200000126562,2.4112788));
#3196=CARTESIAN_POINT('Origin',(4.998409266409,55.2,2.4112788));
#3197=CARTESIAN_POINT('',(4.998409266409,55.200000126562,-11.5887212));
#3198=CARTESIAN_POINT('',(95.001590733591,55.2,-11.5887212));
#3199=CARTESIAN_POINT('',(4.998409266409,55.200000126562,2.4112788));
#3200=CARTESIAN_POINT('Origin',(4.998409266409,55.2,2.4112788));
#3201=CARTESIAN_POINT('',(4.998409266409,55.200000126562,2.4112788));
#3202=CARTESIAN_POINT('Origin',(4.998409266409,45.001590733591,2.4112788));
#3203=CARTESIAN_POINT('',(-5.200000126562,45.001590733591,-11.5887212));
#3204=CARTESIAN_POINT('Origin',(4.998409266409,45.001590733591,-11.5887212));
#3205=CARTESIAN_POINT('',(-5.200000126562,45.001590733591,2.4112788));
#3206=CARTESIAN_POINT('Origin',(4.998409266409,45.001590733591,2.4112788));
#3207=CARTESIAN_POINT('',(-5.200000126562,45.001590733591,2.4112788));
#3208=CARTESIAN_POINT('Origin',(-5.2,4.998409266409,2.4112788));
#3209=CARTESIAN_POINT('',(-5.200000126562,4.998409266409,-11.5887212));
#3210=CARTESIAN_POINT('',(-5.2,45.001590733591,-11.5887212));
#3211=CARTESIAN_POINT('',(-5.200000126562,4.998409266409,2.4112788));
#3212=CARTESIAN_POINT('Origin',(-5.2,4.998409266409,2.4112788));
#3213=CARTESIAN_POINT('',(-5.200000126562,4.998409266409,2.4112788));
#3214=CARTESIAN_POINT('Origin',(4.998409266409,4.998409266409,2.4112788));
#3215=CARTESIAN_POINT('',(4.998409266409,-5.200000126562,-11.5887212));
#3216=CARTESIAN_POINT('Origin',(4.998409266409,4.998409266409,-11.5887212));
#3217=CARTESIAN_POINT('',(4.998409266409,-5.200000126562,2.4112788));
#3218=CARTESIAN_POINT('Origin',(4.998409266409,4.998409266409,2.4112788));
#3219=CARTESIAN_POINT('',(4.998409266409,-5.200000126562,2.4112788));
#3220=CARTESIAN_POINT('Origin',(52.000009149914,-5.2,2.4112788));
#3221=CARTESIAN_POINT('',(48.000009149914,-5.2,-11.5887212));
#3222=CARTESIAN_POINT('',(4.998409266409,-5.2,-11.5887212));
#3223=CARTESIAN_POINT('',(48.000009149914,-5.2,2.4112788));
#3224=CARTESIAN_POINT('Origin',(52.000009149914,-5.2,2.4112788));
#3225=CARTESIAN_POINT('',(48.000009149914,-5.2,2.4112788));
#3226=CARTESIAN_POINT('Origin',(48.000009149914,-9.2,2.4112788));
#3227=CARTESIAN_POINT('',(52.000009149914,-9.2,-11.5887212));
#3228=CARTESIAN_POINT('Origin',(48.000009149914,-9.2,-11.5887212));
#3229=CARTESIAN_POINT('',(52.000009149914,-9.2,2.4112788));
#3230=CARTESIAN_POINT('Origin',(38.9992090291983,53.4,-7.5887212));
#3231=CARTESIAN_POINT('',(38.9992090291983,53.2,-9.00954163098343));
#3232=CARTESIAN_POINT('Origin',(38.9992090291983,53.2,-7.5887212));
#3233=CARTESIAN_POINT('',(38.9992090291983,53.3428571790177,-8.81787865070245));
#3234=CARTESIAN_POINT('Origin',(38.9992090291983,53.4,-9.00954163098343));
#3235=CARTESIAN_POINT('',(38.9992090291983,53.3428571790177,-6.35956374929755));
#3236=CARTESIAN_POINT('Origin',(38.9992090291983,53.3428571790177,-7.5887212));
#3237=CARTESIAN_POINT('Origin',(38.9992090291983,53.3428571790177,-7.5887212));
#3238=CARTESIAN_POINT('Origin',(95.001590733591,53.2,2.4112788));
#3239=CARTESIAN_POINT('',(4.998409266409,53.200000126562,2.4112788));
#3240=CARTESIAN_POINT('',(95.001590733591,53.200000126562,2.4112788));
#3241=CARTESIAN_POINT('',(4.998409266409,53.2,2.4112788));
#3242=CARTESIAN_POINT('',(4.998409266409,53.200000126562,-11.5887212));
#3243=CARTESIAN_POINT('',(4.998409266409,53.200000126562,2.4112788));
#3244=CARTESIAN_POINT('',(95.001590733591,53.200000126562,-11.5887212));
#3245=CARTESIAN_POINT('',(4.998409266409,53.2,-11.5887212));
#3246=CARTESIAN_POINT('',(95.001590733591,53.200000126562,2.4112788));
#3247=CARTESIAN_POINT('',(14.998409266409,53.2,-9.00954163098343));
#3248=CARTESIAN_POINT('Origin',(14.998409266409,53.2,-7.5887212));
#3249=CARTESIAN_POINT('Origin',(14.998409266409,53.4,-7.5887212));
#3250=CARTESIAN_POINT('',(14.998409266409,53.3428571790177,-8.81787865070245));
#3251=CARTESIAN_POINT('Origin',(14.998409266409,53.4,-9.00954163098343));
#3252=CARTESIAN_POINT('',(14.998409266409,53.3428571790177,-6.35956374929755));
#3253=CARTESIAN_POINT('Origin',(14.998409266409,53.3428571790177,-7.5887212));
#3254=CARTESIAN_POINT('Origin',(14.998409266409,53.3428571790177,-7.5887212));
#3255=CARTESIAN_POINT('Origin',(14.998409266409,-3.4,-7.5887212));
#3256=CARTESIAN_POINT('',(14.998409266409,-3.2,-6.16790076901658));
#3257=CARTESIAN_POINT('Origin',(14.998409266409,-3.2,-7.5887212));
#3258=CARTESIAN_POINT('',(14.998409266409,-3.34285717901772,-6.35956374929756));
#3259=CARTESIAN_POINT('Origin',(14.998409266409,-3.4,-6.16790076901658));
#3260=CARTESIAN_POINT('Origin',(14.998409266409,-3.34285717901772,-7.5887212));
#3261=CARTESIAN_POINT('Origin',(4.998409266409,-3.2,2.4112788));
#3262=CARTESIAN_POINT('',(50.000009149914,-3.2,-11.5887212));
#3263=CARTESIAN_POINT('',(50.000009149914,-3.2,2.4112788));
#3264=CARTESIAN_POINT('',(50.000009149914,-3.2,2.4112788));
#3265=CARTESIAN_POINT('',(4.998409266409,-3.200000126562,-11.5887212));
#3266=CARTESIAN_POINT('',(59.0000085676777,-3.2,-11.5887212));
#3267=CARTESIAN_POINT('',(4.998409266409,-3.200000126562,2.4112788));
#3268=CARTESIAN_POINT('',(4.998409266409,-3.200000126562,2.4112788));
#3269=CARTESIAN_POINT('',(59.0000085676777,-3.2,2.4112788));
#3270=CARTESIAN_POINT('',(38.9992090291983,-3.2,-6.16790076901658));
#3271=CARTESIAN_POINT('Origin',(38.9992090291983,-3.2,-7.5887212));
#3272=CARTESIAN_POINT('Origin',(38.9992090291983,-3.4,-7.5887212));
#3273=CARTESIAN_POINT('',(38.9992090291983,-3.34285717901772,-6.35956374929756));
#3274=CARTESIAN_POINT('Origin',(38.9992090291983,-3.4,-6.16790076901658));
#3275=CARTESIAN_POINT('Origin',(38.9992090291983,-3.34285717901772,-7.5887212));
#3276=CARTESIAN_POINT('Origin',(38.9992090291983,-3.200000126562,-7.5887212));
#3277=CARTESIAN_POINT('',(38.9992090291983,-3.700000126562,-6.8387212));
#3278=CARTESIAN_POINT('Origin',(38.9992090291983,-3.700000126562,-7.5887212));
#3279=CARTESIAN_POINT('Origin',(38.9992090291983,-3.200000126562,-6.8387212));
#3280=CARTESIAN_POINT('Origin',(38.9992090291983,-3.700000126562,-7.5887212));
#3281=CARTESIAN_POINT('Origin',(14.998409266409,-3.200000126562,-7.5887212));
#3282=CARTESIAN_POINT('',(14.998409266409,-3.700000126562,-6.8387212));
#3283=CARTESIAN_POINT('Origin',(14.998409266409,-3.700000126562,-7.5887212));
#3284=CARTESIAN_POINT('Origin',(14.998409266409,-3.200000126562,-6.8387212));
#3285=CARTESIAN_POINT('Origin',(14.998409266409,-3.700000126562,-7.5887212));
#3286=CARTESIAN_POINT('Origin',(38.9992090291983,53.200000126562,-7.5887212));
#3287=CARTESIAN_POINT('',(38.9992090291983,53.700000126562,-6.8387212));
#3288=CARTESIAN_POINT('Origin',(38.9992090291983,53.200000126562,-6.8387212));
#3289=CARTESIAN_POINT('Origin',(38.9992090291983,53.700000126562,-7.5887212));
#3290=CARTESIAN_POINT('Origin',(38.9992090291983,53.700000126562,-7.5887212));
#3291=CARTESIAN_POINT('Origin',(14.998409266409,53.200000126562,-7.5887212));
#3292=CARTESIAN_POINT('',(14.998409266409,53.700000126562,-6.8387212));
#3293=CARTESIAN_POINT('Origin',(14.998409266409,53.200000126562,-6.8387212));
#3294=CARTESIAN_POINT('Origin',(14.998409266409,53.700000126562,-7.5887212));
#3295=CARTESIAN_POINT('Origin',(14.998409266409,53.700000126562,-7.5887212));
#3296=CARTESIAN_POINT('Origin',(86.000009149914,-4.5,2.4112788));
#3297=CARTESIAN_POINT('',(86.000009149914,-0.499999999999998,2.4112788));
#3298=CARTESIAN_POINT('',(86.000009149914,-0.499999999999998,2.4112788));
#3299=CARTESIAN_POINT('',(82.000009149914,-4.5,2.4112788));
#3300=CARTESIAN_POINT('Origin',(86.000009149914,-4.5,2.4112788));
#3301=CARTESIAN_POINT('',(82.000009149914,-4.5,2.4112788));
#3302=CARTESIAN_POINT('Origin',(95.001590733591,-0.499999999999998,2.4112788));
#3303=CARTESIAN_POINT('',(95.001590733591,-0.500000126562001,2.4112788));
#3304=CARTESIAN_POINT('',(95.001590733591,-0.500000126562001,2.4112788));
#3305=CARTESIAN_POINT('',(95.001590733591,-0.499999999999998,2.4112788));
#3306=CARTESIAN_POINT('Origin',(50.000009149914,-7.2,2.4112788));
#3307=CARTESIAN_POINT('Origin',(50.000009149914,-7.2,-11.5887212));
#3308=CARTESIAN_POINT('Origin',(50.000009149914,-7.2,2.4112788));
#3309=CARTESIAN_POINT('Origin',(50.,20.7700009766825,-11.5887212));
#3310=CARTESIAN_POINT('',(52.000009149914,-9.65999829973401,-11.5887212));
#3311=CARTESIAN_POINT('Origin',(56.000009149914,-9.65999829973401,-11.5887212));
#3312=CARTESIAN_POINT('',(52.000009149914,-0.499999999999998,-11.5887212));
#3313=CARTESIAN_POINT('',(82.000009149914,-7.659998299759,-11.5887212));
#3314=CARTESIAN_POINT('Origin',(78.000009149914,-7.659998299759,-11.5887212));
#3315=CARTESIAN_POINT('',(82.000009149914,-7.2,-11.5887212));
#3316=CARTESIAN_POINT('',(82.000009149914,-0.499999999999998,-11.5887212));
#3317=CARTESIAN_POINT('',(86.000009149914,-3.2,-11.5887212));
#3318=CARTESIAN_POINT('Origin',(86.000009149914,-7.2,-11.5887212));
#3319=CARTESIAN_POINT('',(95.001590733591,-3.200000126562,-11.5887212));
#3320=CARTESIAN_POINT('',(95.001590733591,-3.2,-11.5887212));
#3321=CARTESIAN_POINT('',(103.200000126562,4.998409266409,-11.5887212));
#3322=CARTESIAN_POINT('Origin',(95.001590733591,4.998409266409,-11.5887212));
#3323=CARTESIAN_POINT('',(103.200000126562,45.001590733591,-11.5887212));
#3324=CARTESIAN_POINT('',(103.2,45.001590733591,-11.5887212));
#3325=CARTESIAN_POINT('Origin',(95.001590733591,45.001590733591,-11.5887212));
#3326=CARTESIAN_POINT('',(-3.200000126562,45.001590733591,-11.5887212));
#3327=CARTESIAN_POINT('Origin',(4.998409266409,45.001590733591,-11.5887212));
#3328=CARTESIAN_POINT('',(-3.200000126562,4.998409266409,-11.5887212));
#3329=CARTESIAN_POINT('',(-3.2,4.998409266409,-11.5887212));
#3330=CARTESIAN_POINT('Origin',(4.998409266409,4.998409266409,-11.5887212));
#3331=CARTESIAN_POINT('Origin',(86.000009149914,-7.2,2.4112788));
#3332=CARTESIAN_POINT('',(82.000009149914,-7.2,2.4112788));
#3333=CARTESIAN_POINT('',(82.000009149914,-7.2,2.4112788));
#3334=CARTESIAN_POINT('',(86.000009149914,-3.2,2.4112788));
#3335=CARTESIAN_POINT('Origin',(86.000009149914,-7.2,2.4112788));
#3336=CARTESIAN_POINT('',(86.000009149914,-3.2,2.4112788));
#3337=CARTESIAN_POINT('Origin',(82.000009149914,-3.2,2.4112788));
#3338=CARTESIAN_POINT('',(95.001590733591,-3.200000126562,2.4112788));
#3339=CARTESIAN_POINT('',(95.001590733591,-3.2,2.4112788));
#3340=CARTESIAN_POINT('',(95.001590733591,-3.200000126562,2.4112788));
#3341=CARTESIAN_POINT('Origin',(78.000009149914,-7.659998299759,2.4112788));
#3342=CARTESIAN_POINT('',(82.000009149914,-7.659998299759,2.4112788));
#3343=CARTESIAN_POINT('Origin',(56.000009149914,-9.65999829973401,2.4112788));
#3344=CARTESIAN_POINT('',(52.000009149914,-9.65999829973401,2.4112788));
#3345=CARTESIAN_POINT('Origin',(52.000009149914,-13.6599982997293,2.4112788));
#3346=CARTESIAN_POINT('Origin',(95.001590733591,4.998409266409,2.4112788));
#3347=CARTESIAN_POINT('Origin',(95.001590733591,4.998409266409,2.4112788));
#3348=CARTESIAN_POINT('Origin',(50.,20.7700009766825,2.4112788));
#3349=CARTESIAN_POINT('',(-3.200000126562,4.998409266409,2.4112788));
#3350=CARTESIAN_POINT('Origin',(4.998409266409,4.998409266409,2.4112788));
#3351=CARTESIAN_POINT('',(-3.200000126562,45.001590733591,2.4112788));
#3352=CARTESIAN_POINT('',(-3.2,4.998409266409,2.4112788));
#3353=CARTESIAN_POINT('Origin',(4.998409266409,45.001590733591,2.4112788));
#3354=CARTESIAN_POINT('',(103.200000126562,45.001590733591,2.4112788));
#3355=CARTESIAN_POINT('Origin',(95.001590733591,45.001590733591,2.4112788));
#3356=CARTESIAN_POINT('',(103.200000126562,4.998409266409,2.4112788));
#3357=CARTESIAN_POINT('',(103.2,45.001590733591,2.4112788));
#3358=CARTESIAN_POINT('Origin',(95.001590733591,4.998409266409,2.4112788));
#3359=CARTESIAN_POINT('',(82.000009149914,-0.499999999999998,2.4112788));
#3360=CARTESIAN_POINT('Origin',(4.998409266409,4.998409266409,2.4112788));
#3361=CARTESIAN_POINT('',(-3.200000126562,4.998409266409,2.4112788));
#3362=CARTESIAN_POINT('Origin',(-3.2,45.001590733591,2.4112788));
#3363=CARTESIAN_POINT('',(-3.200000126562,45.001590733591,2.4112788));
#3364=CARTESIAN_POINT('Origin',(4.998409266409,45.001590733591,2.4112788));
#3365=CARTESIAN_POINT('Origin',(95.001590733591,45.001590733591,2.4112788));
#3366=CARTESIAN_POINT('',(103.200000126562,45.001590733591,2.4112788));
#3367=CARTESIAN_POINT('Origin',(103.2,4.998409266409,2.4112788));
#3368=CARTESIAN_POINT('',(103.200000126562,4.998409266409,2.4112788));
#3369=CARTESIAN_POINT('Origin',(95.001590733591,4.998409266409,2.4112788));
#3370=CARTESIAN_POINT('Origin',(82.000009149914,-11.659998299759,2.4112788));
#3371=UNCERTAINTY_MEASURE_WITH_UNIT(LENGTH_MEASURE(0.01),#3375,
'DISTANCE_ACCURACY_VALUE',
'Maximum model space distance between geometric entities at asserted c
onnectivities');
#3372=UNCERTAINTY_MEASURE_WITH_UNIT(LENGTH_MEASURE(0.01),#3375,
'DISTANCE_ACCURACY_VALUE',
'Maximum model space distance between geometric entities at asserted c
onnectivities');
#3373=(
GEOMETRIC_REPRESENTATION_CONTEXT(3)
GLOBAL_UNCERTAINTY_ASSIGNED_CONTEXT((#3371))
GLOBAL_UNIT_ASSIGNED_CONTEXT((#3375,#3377,#3378))
REPRESENTATION_CONTEXT('','3D')
);
#3374=(
GEOMETRIC_REPRESENTATION_CONTEXT(3)
GLOBAL_UNCERTAINTY_ASSIGNED_CONTEXT((#3372))
GLOBAL_UNIT_ASSIGNED_CONTEXT((#3375,#3377,#3378))
REPRESENTATION_CONTEXT('','3D')
);
#3375=(
LENGTH_UNIT()
NAMED_UNIT(*)
SI_UNIT(.MILLI.,.METRE.)
);
#3376=(
LENGTH_UNIT()
NAMED_UNIT(*)
SI_UNIT(.CENTI.,.METRE.)
);
#3377=(
NAMED_UNIT(*)
PLANE_ANGLE_UNIT()
SI_UNIT($,.RADIAN.)
);
#3378=(
NAMED_UNIT(*)
SI_UNIT($,.STERADIAN.)
SOLID_ANGLE_UNIT()
);
#3379=SHAPE_DEFINITION_REPRESENTATION(#3380,#3381);
#3380=PRODUCT_DEFINITION_SHAPE('',$,#3383);
#3381=SHAPE_REPRESENTATION('',(#1901),#3373);
#3382=PRODUCT_DEFINITION_CONTEXT('part definition',#3387,'design');
#3383=PRODUCT_DEFINITION('Top','Enclosure_Top',#3384,#3382);
#3384=PRODUCT_DEFINITION_FORMATION('',$,#3389);
#3385=PRODUCT_RELATED_PRODUCT_CATEGORY('Enclosure_Top','Enclosure_Top',
(#3389));
#3386=APPLICATION_PROTOCOL_DEFINITION('international standard',
'automotive_design',2009,#3387);
#3387=APPLICATION_CONTEXT(
'Core Data for Automotive Mechanical Design Process');
#3388=PRODUCT_CONTEXT('part definition',#3387,'mechanical');
#3389=PRODUCT('Top','Enclosure_Top',$,(#3388));
#3390=PRESENTATION_STYLE_ASSIGNMENT((#3391));
#3391=SURFACE_STYLE_USAGE(.BOTH.,#3394);
#3392=SURFACE_STYLE_RENDERING_WITH_PROPERTIES($,#3398,(#3393));
#3393=SURFACE_STYLE_TRANSPARENT(0.);
#3394=SURFACE_SIDE_STYLE('',(#3395,#3392));
#3395=SURFACE_STYLE_FILL_AREA(#3396);
#3396=FILL_AREA_STYLE('',(#3397));
#3397=FILL_AREA_STYLE_COLOUR('',#3398);
#3398=COLOUR_RGB('',0.749019607843137,0.749019607843137,0.749019607843137);
ENDSEC;
END-ISO-10303-21;
