UNITS=MM
#Layer_Physical_Order=1
#Layer_Color=255
#
#Feature symbol names
#
$0 rect1063.7012x1062.13148
$1 rect1408.21918x1205.73292
$2 rect499.999x249.9995xr49.9999
$3 rect1000.00054x2649.99978xr49.9999
$4 rect900.00074x800.00094
$5 rect863.69906x962.13168
$6 rect1556.20212x1553.42082
$7 rect1058.71518x1012.13158
$8 rect900.00074x750.00104
$9 rect1205.73292x1408.21918
$10 r2032
$11 rect800.00094x900.00074
$12 rect299.9994x1649.99924xr49.49952
$13 rect850.00084x900.00074
$14 rect900.00074x850.00084
$15 rect1904.15164x1453.42102
$16 rect700.00114x1299.99994
$17 rect1100.00034x599.9988xr51.00066
$18 rect1299.99994x700.00114
$19 rect1553.42082x1556.20212
$20 rect1150.00024x599.9988
$21 rect479.99904x399.9992
$22 rect1270x1779.99898
$23 s700.00114
$24 rect1499.99954x900.00074
$25 s900.00074
$26 rect1649.99924x299.9994xr49.49952
$27 rect900.00074x399.9992
$28 rect1150.00024x299.9994
$29 rect900.00074x1499.99954
$30 rect750.00104x900.00074
$31 rect700.00114x950.00064
$32 r254
$33 r1016
$34 r508
$35 r762
$36 r158.242
$37 r1549.99944
$38 s1549.99944
$39 r599.9988
$40 s1200.00014
$41 rect2200.00068x1000.00054xr499.999
$42 rect1799.99894x1000.00054xr499.999
$43 r1499.99954
$44 r2799.99948
$45 r1200.00014
$46 s2799.99948
$47 r6000.0007

#
#Feature attribute names
#
@0 .geometry
@1 .pad_usage
@2 .smd
@3 .test_point

#
#Feature attribute text strings
#
&0 SMD_RectX1063.7012Y1062.1315
&1 SMD_RectX1408.2192Y1205.7329
&2 SMD_RoundRectX499.9990Y249.9995
&3 SMD_RoundRectX1000.0005Y2649.9998
&4 SMD_RectX900.0007Y800.0009
&5 SMD_RectX863.6991Y962.1317
&6 SMD_RectX1556.2021Y1553.4208
&7 SMD_RectX1058.7152Y1012.1316
&8 SMD_RectX900.0007Y750.0010
&9 SMD_RectX1205.7329Y1408.2192
&10 SMD_RoundX2032.0000Y2032.0000
&11 SMD_RectX800.0009Y900.0007
&12 SMD_RoundRectX299.9994Y1649.9992
&13 SMD_RectX850.0008Y900.0007
&14 SMD_RectX900.0007Y850.0008
&15 SMD_RectX1904.1516Y1453.4210
&16 SMD_RectX700.0011Y1299.9999
&17 SMD_RoundRectX1100.0003Y599.9988
&18 SMD_RectX1299.9999Y700.0011
&19 SMD_RectX1553.4208Y1556.2021
&20 SMD_RectX1150.0002Y599.9988
&21 SMD_RectX479.9990Y399.9992
&22 SMD_RectX1270.0000Y1779.9990
&23 SMD_SquareX700.0011Y700.0011
&24 SMD_RectX1499.9995Y900.0007
&25 SMD_SquareX900.0007Y900.0007
&26 SMD_RoundRectX1649.9992Y299.9994
&27 SMD_RectX900.0007Y399.9992
&28 SMD_RectX1150.0002Y299.9994
&29 SMD_RectX900.0007Y1499.9995
&30 SMD_RectX750.0010Y900.0007
&31 SMD_RectX700.0011Y950.0006
&32 Pad_Simple_X1549.9994Y1549.9994H1020.0005C2036.0005
&33 Pad_Simple_X599.9988Y599.9988H299.9994C1315.9994
&34 Pad_Simple_X1200.0001Y1200.0001H700.0011C1716.0011
&35 Pad_Simple_X2200.0007Y1000.0005H1799.9989C2815.9989
&36 Pad_Simple_X1799.9989Y1000.0005H1399.9997C2415.9997
&37 Pad_Simple_X1499.9995Y1499.9995H1000.0005C2016.0005
&38 Pad_Simple_X2799.9995Y2799.9995H1849.9988C2865.9988
&39 Pad_Simple_X6000.0007Y6000.0007H3200.0012C4216.0012
&40 VIA_RoundD599.9988H299.9994C1315.9994

#
#Layer features
#
L 11.00000086 7.00000124 13.60400124 4.39600086 32 P 0
L 11.00000086 11.00000086 11.4322098 10.56779192 32 P 0
L 11.00000086 15.00000048 12.8540002 13.14600114 32 P 0
L 11.00000086 19.0000001 11.50720076 18.4928002 32 P 0
L 11.00000086 22.99999972 11.64800058 22.352 32 P 0
L 11.00000086 26.99999934 11.64800058 26.35199962 32 P 0
L 11.00000086 30.99999896 11.50721092 30.4927889 32 P 0
L 11.00000086 35.00000112 12.15600058 33.8440014 32 P 0
L 11.00000086 39.00000074 11.64800058 38.35200102 32 P 0
L 11.00000086 43.00000036 12.4000006 44.4000001 32 P 0
L 11.4322098 10.56779192 12.00720992 10.56779192 32 P 0
L 11.50720076 18.4928002 12.00720992 18.4928002 32 P 0
L 11.50721092 30.4927889 12.00720992 30.4927889 32 P 0
L 11.64800058 22.352 12.55317022 22.352 32 P 0
L 11.64800058 26.35199962 12.55317022 26.35199962 32 P 0
L 11.64800058 38.35200102 11.89800008 38.35200102 32 P 0
L 11.89800008 38.35200102 12.40600008 37.84400102 32 P 0
L 12.00720992 10.56779192 16.31899962 6.25600222 32 P 0
L 12.00720992 18.4928002 15.50000964 15.00000048 32 P 0
L 12.00720992 30.4927889 12.65599958 29.84399924 32 P 0
L 12.15600058 33.8440014 14.41497752 33.8440014 32 P 0
L 12.4000006 44.4000001 17.15000126 44.4000001 32 P 0
L 12.40600008 37.84400102 14.0188315 37.84400102 32 P 0
L 12.55317022 22.352 13.06117022 21.844 32 P 0
L 12.55317022 26.35199962 13.90516904 25.0000008 32 P 0
L 12.65599958 29.84399924 14.1156563 29.84399924 32 P 0
L 12.8540002 13.14600114 17.8960018 13.14600114 32 P 0
L 13.06117022 21.844 16.11565738 21.844 32 P 0
L 13.54000086 7.00000124 15.79000144 4.75000066 32 P 0
L 13.54000086 9.95999786 13.54000086 11.00000086 32 P 0
L 13.54000086 9.95999786 16.53459228 6.96540644 32 P 0
L 13.54000086 15.00000048 15.0400004 13.50000094 32 P 0
L 13.54000086 19.0000001 13.55000084 19.0000001 32 P 0
L 13.54000086 22.99999972 16.77102818 22.99999972 32 P 0
L 13.54000086 26.99999934 15.55000192 26.99999934 32 P 0
L 13.54000086 30.99999896 14.7710271 30.99999896 32 P 0
L 13.54000086 35.00000112 15.07034832 35.00000112 32 P 0
L 13.54000086 39.00000074 13.78797852 39.2479784 32 P 0
L 13.54000086 43.00000036 13.5629142 43.0229137 32 P 0
L 13.55000084 19.0000001 16.89999922 15.65000172 32 P 0
L 13.5629142 43.0229137 15.71868586 43.0229137 32 P 0
L 13.60400124 4.39600086 17.41765884 4.39600086 32 P 0
L 13.78797852 39.2479784 14.2690088 39.2479784 32 P 0
L 13.90516904 25.0000008 17.15000126 25.0000008 32 P 0
L 14.0188315 37.84400102 19.0270003 42.85216982 32 P 0
L 14.1156563 29.84399924 18.62165694 34.34999988 32 P 0
L 14.2690088 39.2479784 18.69802966 43.67699926 32 P 0
L 14.41497752 33.8440014 15.57097724 35.00000112 32 P 0
L 14.7710271 30.99999896 18.69802966 34.92700152 32 P 0
L 15.0400004 13.50000094 17.27102972 13.50000094 32 P 0
L 15.07034832 35.00000112 15.72034956 35.65000236 32 P 0
L 15.50000964 15.00000048 17.15000126 15.00000048 32 P 0
L 15.55000192 26.99999934 16.89999922 25.65000204 32 P 0
L 15.57097724 35.00000112 17.15000126 35.00000112 32 P 0
L 15.71868586 43.0229137 15.7415992 43.04582704 32 P 0
L 15.72034956 35.65000236 17.15000126 35.65000236 32 P 0
L 15.7415992 43.04582704 16.82699962 43.04582704 32 P 0
L 15.79000144 4.75000066 17.27102972 4.75000066 32 P 0
L 16.04587596 14.31768028 16.06203544 14.33383976 32 P 0
L 16.06203544 14.33383976 17.13384178 14.33383976 32 P 0
L 16.11565738 21.844 18.62165694 24.34999956 32 P 0
L 16.17930724 5.57793652 16.19033846 5.58896774 32 P 0
L 16.19033846 5.58896774 17.13897004 5.58896774 32 P 0
L 16.23935284 23.73793576 16.28793542 23.73793576 32 P 0
L 16.25000052 33.75000108 16.30000042 33.75000108 32 P 0
L 16.28793542 23.73793576 16.89999922 24.34999956 32 P 0
L 16.30000042 33.75000108 16.89999922 34.34999988 32 P 0
L 16.31899962 6.25600222 17.14399924 6.25600222 32 P 0
L 16.53459228 6.96540644 17.08459626 6.96540644 32 P 0
L 16.77102818 22.99999972 18.69802966 24.9270012 32 P 0
L 16.82699962 43.04582704 16.8811702 43.09999762 32 P 0
L 16.8811702 43.09999762 17.15000126 43.09999762 32 P 0
L 16.89999922 15.65000172 17.15000126 15.65000172 32 P 0
L 16.89999922 24.34999956 17.15000126 24.34999956 32 P 0
L 16.89999922 25.65000204 17.4000033 25.65000204 32 P 0
L 16.89999922 34.34999988 17.15000126 34.34999988 32 P 0
L 17.08459626 6.96540644 17.15000126 6.90000144 32 P 0
L 17.13384178 14.33383976 17.15000126 14.34999924 32 P 0
L 17.13897004 5.58896774 17.15000126 5.59999896 32 P 0
L 17.14399924 6.25600222 17.15000126 6.2500002 32 P 0
L 17.15000126 6.2500002 17.22300086 6.3229998 32 P 0
L 17.15000126 6.90000144 17.87834626 6.90000144 32 P 0
L 17.15000126 15.00000048 17.22300086 15.07300008 32 P 0
L 17.15000126 15.65000172 17.4000033 15.65000172 32 P 0
L 17.15000126 25.0000008 17.22300086 25.0730004 32 P 0
L 17.15000126 35.00000112 17.20092318 35.05092304 32 P 0
L 17.15000126 35.65000236 17.4000033 35.65000236 32 P 0
L 17.15000126 44.4000001 18.37897518 44.4000001 32 P 0
L 17.20092318 35.05092304 17.77989586 35.05092304 32 P 0
L 17.22300086 6.3229998 17.80197354 6.3229998 32 P 0
L 17.22300086 15.07300008 17.80197354 15.07300008 32 P 0
L 17.22300086 25.0730004 17.57300016 25.0730004 32 P 0
L 17.27102972 4.75000066 18.69802966 6.1770006 32 P 0
L 17.27102972 13.50000094 18.69802966 14.92700088 32 P 0
L 17.4000033 15.65000172 20.50000472 18.75000314 32 P 0
L 17.4000033 25.65000204 20.50000218 28.75000092 32 P 0
L 17.4000033 35.65000236 17.4730029 35.72300196 32 P 0
L 17.41765884 4.39600086 18.62165694 5.59999896 32 P 0
L 17.4730029 35.72300196 17.4730029 35.7230045 32 P 0
L 17.4730029 35.7230045 20.0959339 38.3459355 32 P 0
L 17.57300016 25.0730004 18.5770012 26.07700144 32 P 0
L 17.77989586 35.05092304 18.97897398 36.25000116 32 P 0
L 17.80197354 6.3229998 18.80597458 7.32700084 32 P 0
L 17.80197354 15.07300008 18.97897652 16.25000306 32 P 0
L 17.87834626 6.90000144 19.72834764 8.75000282 32 P 0
L 17.8960018 13.14600114 19.0999999 14.34999924 32 P 0
L 18.37897518 44.4000001 20.22897656 46.25000148 32 P 0
L 18.5770012 26.07700144 21.82699978 26.07700144 32 P 0
L 18.62165694 5.59999896 20.15000288 5.59999896 32 P 0
L 18.62165694 24.34999956 19.35000194 24.34999956 32 P 0
L 18.62165694 34.34999988 19.35000194 34.34999988 32 P 0
L 18.69802966 6.1770006 19.27700234 6.1770006 32 P 0
L 18.69802966 14.92700088 19.27700234 14.92700088 32 P 0
L 18.69802966 24.9270012 19.27700234 24.9270012 32 P 0
L 18.69802966 34.92700152 19.27700234 34.92700152 32 P 0
L 18.69802966 43.67699926 19.27700234 43.67699926 32 P 0
L 18.80597458 7.32700084 20.92221622 7.32700084 32 P 0
L 18.97897398 36.25000116 21.99999918 36.25000116 32 P 0
L 18.97897652 16.25000306 21.99999918 16.25000306 32 P 0
L 19.0270003 42.85216982 19.0270003 43.02699802 32 P 0
L 19.0270003 43.02699802 19.0999999 43.09999762 32 P 0
L 19.0999999 14.34999924 19.35000194 14.34999924 32 P 0
L 19.0999999 43.09999762 19.35000194 43.09999762 32 P 0
L 19.27700234 6.1770006 19.35000194 6.2500002 32 P 0
L 19.27700234 14.92700088 19.35000194 15.00000048 32 P 0
L 19.27700234 24.9270012 19.35000194 25.0000008 32 P 0
L 19.27700234 34.92700152 19.35000194 35.00000112 32 P 0
L 19.27700234 43.67699926 19.35000194 43.74999886 32 P 0
L 19.35000194 6.2500002 20.25000014 6.2500002 32 P 0
L 19.35000194 14.34999924 19.42300154 14.27699964 32 P 0
L 19.35000194 15.00000048 20.74921682 15.00000048 32 P 0
L 19.35000194 24.34999956 19.42300154 24.27699996 32 P 0
L 19.35000194 25.0000008 20.74921428 25.0000008 32 P 0
L 19.35000194 34.34999988 19.42300154 34.27700028 32 P 0
L 19.35000194 35.00000112 20.74921428 35.00000112 32 P 0
L 19.35000194 43.09999762 19.41540948 43.03459008 32 P 0
L 19.35000194 43.74999886 21.99999664 43.74999886 32 P 0
L 19.41540948 43.03459008 19.96541092 43.03459008 32 P 0
L 19.42300154 14.27699964 19.7229984 14.27699964 32 P 0
L 19.42300154 24.27699996 19.7229984 24.27699996 32 P 0
L 19.42300154 34.27700028 19.67300358 34.27700028 32 P 0
L 19.67300358 34.27700028 21.74999968 32.20000418 32 P 0
L 19.7229984 14.27699964 21.98672006 12.01327798 32 P 0
L 19.7229984 24.27699996 21.98672006 22.0132783 32 P 0
L 19.72834764 8.75000282 21.99999918 8.75000282 32 P 0
L 19.96541092 43.03459008 21.34593394 41.65406706 32 P 0
L 20.0959339 38.3459355 21.59593344 38.3459355 32 P 0
L 20.15000288 5.59999896 21.59514858 4.15485326 32 P 0
L 20.22897656 46.25000148 21.99999664 46.25000148 32 P 0
L 20.50000218 28.75000092 21.99999918 28.75000092 32 P 0
L 20.50000472 18.75000314 21.99999918 18.75000314 32 P 0
L 20.74921428 25.0000008 21.99921432 23.75000076 32 P 0
L 20.74921428 35.00000112 21.99921432 33.75000108 32 P 0
L 20.74921682 15.00000048 21.99921432 13.75000298 32 P 0
L 20.92221622 7.32700084 21.99921432 6.25000274 32 P 0
L 21.34593394 41.65406706 21.59593344 41.65406706 32 P 0
L 21.59514858 4.1540684 21.59514858 4.15485326 32 P 0
L 21.59514858 4.1540684 21.99921432 3.75000266 32 P 0
L 21.59593344 38.3459355 21.99999918 38.75000124 32 P 0
L 21.59593344 41.65406706 21.99999918 41.25000132 32 P 0
L 21.74999968 31.5000005 21.74999968 32.20000418 32 P 0
L 21.74999968 31.5000005 21.99999918 31.250001 32 P 0
L 21.82699978 26.07700144 21.99999918 26.25000084 32 P 0
L 21.98672006 11.26328202 21.98672006 12.01327798 32 P 0
L 21.98672006 11.26328202 21.99999918 11.2500029 32 P 0
L 21.98672006 21.26328234 21.98672006 22.0132783 32 P 0
L 21.98672006 21.26328234 21.99999918 21.25000322 32 P 0
L 21.99921432 3.75000266 21.99999918 3.75000266 32 P 0
L 21.99921432 6.25000274 21.99999918 6.25000274 32 P 0
L 21.99921432 13.75000298 21.99999918 13.75000298 32 P 0
L 21.99921432 23.75000076 21.99999918 23.75000076 32 P 0
L 21.99921432 33.75000108 21.99999918 33.75000108 32 P 0
L 21.99999664 43.74999886 21.99999918 43.7500014 32 P 0
L 23.65876904 46.25000148 23.65877158 46.24999894 32 P 0
L 23.65877158 3.75000266 23.65955644 3.75000266 32 P 0
L 23.65877158 6.25000274 26.22665316 8.81788432 32 P 0
L 23.65877158 8.75000282 23.65955644 8.75000282 32 P 0
L 23.65877158 11.2500029 23.65955644 11.2500029 32 P 0
L 23.65877158 13.75000298 23.65877158 14.65877434 32 P 0
L 23.65877158 14.65877434 26.2499983 17.25000106 32 P 0
L 23.65877158 16.25000306 23.65877158 17.15877442 32 P 0
L 23.65877158 17.15877442 26.2499983 19.75000114 32 P 0
L 23.65877158 18.75000314 23.65877158 19.6587745 32 P 0
L 23.65877158 19.6587745 26.2499983 22.25000122 32 P 0
L 23.65877158 21.25000322 23.65955644 21.25000322 32 P 0
L 23.65877158 23.75000076 24.7500013 23.75000076 32 P 0
L 23.65877158 26.25000084 24.82257418 26.25000084 32 P 0
L 23.65877158 28.75000092 23.65955644 28.75000092 32 P 0
L 23.65877158 30.3412271 23.65877158 31.250001 32 P 0
L 23.65877158 30.3412271 26.2499983 27.75000038 32 P 0
L 23.65877158 32.84122718 23.65877158 33.75000108 32 P 0
L 23.65877158 32.84122718 26.2499983 30.25000046 32 P 0
L 23.65877158 35.3412298 23.65877158 36.25000116 32 P 0
L 23.65877158 35.3412298 26.25000084 32.75000054 32 P 0
L 23.65877158 38.75000124 23.65955644 38.75000124 32 P 0
L 23.65877158 41.25000132 23.65955644 41.25000132 32 P 0
L 23.65877158 43.7500014 23.65955644 43.7500014 32 P 0
L 23.65877158 46.24999894 33.00000004 46.24999894 32 P 0
L 23.65955644 3.75000266 24.06440704 4.15485326 32 P 0
L 23.65955644 8.75000282 24.06440704 9.15485342 32 P 0
L 23.65955644 11.2500029 24.06440704 11.6548535 32 P 0
L 23.65955644 21.25000322 24.06440704 21.65485382 32 P 0
L 23.65955644 28.75000092 24.06440704 28.34515032 32 P 0
L 23.65955644 38.75000124 24.06440704 38.34515064 32 P 0
L 23.65955644 41.25000132 24.06440704 40.84515072 32 P 0
L 23.65955644 43.7500014 26.23262216 41.17693568 32 P 0
L 24.06440704 4.15485326 24.1548539 4.15485326 32 P 0
L 24.06440704 9.15485342 24.1548539 9.15485342 32 P 0
L 24.06440704 11.6548535 24.1548539 11.6548535 32 P 0
L 24.06440704 21.65485382 24.1548539 21.65485382 32 P 0
L 24.06440704 28.34515032 24.15485136 28.34515032 32 P 0
L 24.06440704 38.34515064 24.15485136 38.34515064 32 P 0
L 24.06440704 40.84515072 24.15485136 40.84515072 32 P 0
L 24.15485136 28.34515032 26.25000084 26.25000084 32 P 0
L 24.15485136 38.34515064 26.25000084 36.25000116 32 P 0
L 24.15485136 40.84515072 26.25000084 38.75000124 32 P 0
L 24.1548539 4.15485326 25.4999998 5.49999916 32 P 0
L 24.1548539 9.15485342 26.25000084 11.25000036 32 P 0
L 24.1548539 11.6548535 26.25000084 13.75000044 32 P 0
L 24.1548539 21.65485382 26.25000084 23.75000076 32 P 0
L 24.7500013 23.75000076 25.75000184 24.7500013 32 P 0
L 24.82257418 26.25000084 25.2500003 25.82257472 32 P 0
L 25.2500003 25.7499993 25.2500003 25.82257472 32 P 0
L 25.2500003 25.7499993 25.7499993 25.2500003 32 P 0
L 25.4999998 5.49999916 31.5000005 11.49999986 32 P 0
L 25.7499993 25.2500003 34.17499896 25.2500003 32 P 0
L 25.75000184 24.7500013 34.17499896 24.7500013 32 P 0
L 26.22665316 8.81788432 26.31788488 8.81788432 32 P 0
L 26.23262216 41.17693568 26.25190584 41.17693568 32 P 0
L 26.2499983 17.25000106 26.25000084 17.25000106 32 P 0
L 26.2499983 19.75000114 26.25000084 19.75000114 32 P 0
L 26.2499983 22.25000122 26.25000084 22.25000122 32 P 0
L 26.2499983 27.75000038 26.25000084 27.75000038 32 P 0
L 26.2499983 30.25000046 26.25000084 30.25000046 32 P 0
L 26.25000084 7.50000024 30.74999946 11.99999886 32 P 0
L 26.25000084 11.25000036 29.24999738 14.2499969 32 P 0
L 26.25000084 13.75000044 28.6423227 16.1423223 32 P 0
L 26.25000084 17.25000106 26.25000084 17.2500036 32 P 0
L 26.25000084 17.2500036 31.72699776 22.72700052 32 P 0
L 26.25000084 19.75000114 26.25000084 19.75000368 32 P 0
L 26.25000084 19.75000368 29.74999892 23.25000176 32 P 0
L 26.25000084 22.25000122 26.25000084 22.25000376 32 P 0
L 26.25000084 22.25000376 27.74999784 23.75000076 32 P 0
L 26.25000084 23.75000076 26.74999984 24.24999976 32 P 0
L 26.25000084 26.25000084 26.74999984 25.75000184 32 P 0
L 26.25000084 27.74999784 26.25000084 27.75000038 32 P 0
L 26.25000084 27.74999784 27.74999784 26.25000084 32 P 0
L 26.25000084 30.24999792 26.25000084 30.25000046 32 P 0
L 26.25000084 30.24999792 29.74999892 26.74999984 32 P 0
L 26.25000084 32.75000054 31.7270003 27.27300108 32 P 0
L 26.25000084 36.25000116 28.6423227 33.8576793 32 P 0
L 26.25000084 38.75000124 29.24999738 35.7500047 32 P 0
L 26.25190584 41.17693568 28.03704832 39.3917932 32 P 0
L 26.31788488 8.81788432 29.99999842 12.49999786 32 P 0
L 26.74999984 24.24999976 34.17499896 24.24999976 32 P 0
L 26.74999984 25.75000184 34.17499896 25.75000184 32 P 0
L 27.74999784 23.75000076 34.17499896 23.75000076 32 P 0
L 27.74999784 26.25000084 34.17499896 26.25000084 32 P 0
L 28.03704832 39.3917932 28.10820642 39.3917932 32 P 0
L 28.10820642 39.3917932 29.84627762 37.653722 32 P 0
L 28.6423227 16.1423223 28.6423227 18.89232442 32 P 0
L 28.6423227 18.89232442 31.9999995 22.25000122 32 P 0
L 28.6423227 31.10767718 28.6423227 33.8576793 32 P 0
L 28.6423227 31.10767718 31.9999995 27.75000038 32 P 0
L 29.24999738 14.2499969 29.24999738 18.7500006 32 P 0
L 29.24999738 18.7500006 32.24999646 21.74999968 32 P 0
L 29.24999738 31.250001 29.24999738 35.7500047 32 P 0
L 29.24999738 31.250001 32.249999 28.24999938 32 P 0
L 29.74999892 23.25000176 34.17499896 23.25000176 32 P 0
L 29.74999892 26.74999984 34.17499896 26.74999984 32 P 0
L 29.84627762 31.55251246 29.84627762 37.653722 32 P 0
L 29.84627762 31.55251246 32.64878916 28.75000092 32 P 0
L 29.99999842 12.49999786 29.99999842 18.7500006 32 P 0
L 29.99999842 18.7500006 32.4769988 21.22700098 32 P 0
L 30.74999946 11.99999886 30.74999946 18.74999806 32 P 0
L 30.74999946 18.74999806 32.75000054 20.74999914 32 P 0
L 31.5000005 11.49999986 31.5000005 18.2500016 32 P 0
L 31.5000005 18.2500016 32.42499992 19.17500102 32 P 0
L 31.72699776 22.72700052 34.15199926 22.72700052 32 P 0
L 31.7270003 27.27300108 34.15199926 27.27300108 32 P 0
L 31.9999995 22.25000122 34.17499896 22.25000122 32 P 0
L 31.9999995 27.75000038 34.17499896 27.75000038 32 P 0
L 32.24999646 21.74999968 34.17499896 21.74999968 32 P 0
L 32.249999 28.24999938 34.17499896 28.24999938 32 P 0
L 32.42499992 19.17500102 35.74999962 19.17500102 32 P 0
L 32.4769988 21.22700098 34.15199926 21.22700098 32 P 0
L 32.4875017 35.08749904 32.4875017 45.45320856 32 P 0
L 32.4875017 35.08749904 32.57499962 35.00000112 32 P 0
L 32.4875017 45.45320856 33.00000004 45.9657069 32 P 0
L 32.57499962 34.87500264 32.79800146 34.6520008 32 P 0
L 32.64878916 28.75000092 34.17499896 28.75000092 32 P 0
L 32.75000054 20.74999914 36.1012105 20.74999914 32 P 0
L 32.79800146 34.6520008 33.1269721 34.6520008 32 P 0
L 32.9999975 15.49999948 33.00000004 15.49999694 32 P 0
L 32.9999975 15.49999948 33.15000228 15.65000426 32 P 0
L 33.00000004 13.50000094 33.00000004 15.49999694 32 P 0
L 33.00000004 13.50000094 35.50000012 13.50000094 32 P 0
L 33.00000004 45.9657069 33.00000004 46.24999894 32 P 0
L 33.1269721 34.6520008 33.77897232 34.00000058 32 P 0
L 33.15000228 15.65000426 33.15000228 17.25000106 32 P 0
L 33.59999884 36.67499904 33.59999884 36.75000016 32 P 0
L 33.59999884 36.67499904 33.92499946 36.34999842 32 P 0
L 33.77897232 34.00000058 34.25000262 34.00000058 32 P 0
L 33.92499946 34.87500264 34.1480013 34.6520008 32 P 0
L 33.92499946 35.00000112 33.92499946 36.34999842 32 P 0
L 34.1480013 34.6520008 34.19002814 34.6520008 32 P 0
L 34.15199926 21.22700098 34.17499896 21.25000068 32 P 0
L 34.15199926 22.72700052 34.17499896 22.75000022 32 P 0
L 34.15199926 27.27300108 34.17499896 27.25000138 32 P 0
L 34.19002814 34.6520008 37.22699946 31.61502948 32 P 0
L 34.25000262 34.00000058 36.25000116 32.00000204 32 P 0
L 34.35000242 15.64999664 34.35000242 17.25000106 32 P 0
L 34.35000242 15.64999664 34.49999958 15.49999948 32 P 0
L 34.35000242 17.27500228 34.64800284 17.5730027 32 P 0
L 34.49999958 14.49999894 34.49999958 15.49999948 32 P 0
L 34.64800284 17.5730027 35.91503104 17.5730027 32 P 0
L 35.25000062 36.74999762 35.25000062 38.2499997 32 P 0
L 35.25000062 36.74999762 35.40000032 36.59999792 32 P 0
L 35.40000032 34.97499736 38.2499997 32.12499798 32 P 0
L 35.40000032 34.99999858 35.40000032 36.59999792 32 P 0
L 35.50000012 13.50000094 35.74999962 13.75000044 32 P 0
L 35.74999962 13.75000044 35.90000186 13.90000268 32 P 0
L 35.90000186 13.90000268 35.90000186 15.49999948 32 P 0
L 35.91503104 17.5730027 36.72700046 18.38497212 32 P 0
L 36.1012105 20.74999914 36.25000116 20.60120848 32 P 0
L 36.25000116 19.17500102 36.25000116 20.60120848 32 P 0
L 36.25000116 30.82500058 36.25000116 32.00000204 32 P 0
L 36.60000046 34.99999858 36.60000046 36.60000046 32 P 0
L 36.60000046 34.99999858 36.6822101 34.91778894 32 P 0
L 36.60000046 36.60000046 36.75000016 36.75000016 32 P 0
L 36.6822101 34.3177876 36.6822101 34.91778894 32 P 0
L 36.6822101 34.3177876 38.7499987 32.249999 32 P 0
L 36.72700046 18.38497212 36.72700046 19.15200132 32 P 0
L 36.72700046 19.15200132 36.75000016 19.17500102 32 P 0
L 36.75000016 29.49999942 36.75000016 30.82500058 32 P 0
L 36.75000016 36.75000016 36.75000016 43.49999936 32 P 0
L 37.04570442 21.3942168 37.855779 21.3942168 32 P 0
L 37.100002 13.90000014 37.100002 15.49999948 32 P 0
L 37.100002 13.90000014 37.2500017 13.75000044 32 P 0
L 37.100002 15.49999948 37.24999916 15.64999664 32 P 0
L 37.22699946 30.84800028 37.22699946 31.61502948 32 P 0
L 37.22699946 30.84800028 37.24999916 30.82500058 32 P 0
L 37.24999916 10.49999932 37.2500017 10.50000186 32 P 0
L 37.24999916 15.64999664 37.24999916 19.17500102 32 P 0
L 37.2500017 10.50000186 37.2500017 13.75000044 32 P 0
L 37.7500007 17.24999852 37.7500007 19.17500102 32 P 0
L 37.7500007 17.24999852 38.2499997 16.74999952 32 P 0
L 37.7500007 30.82500058 37.7730004 30.80200088 32 P 0
L 37.7730004 29.97699872 37.7730004 30.80200088 32 P 0
L 37.7730004 29.97699872 38.18379714 29.56620198 32 P 0
L 37.855779 21.3942168 38.7499987 20.4999971 32 P 0
L 38.18379714 29.46620472 38.18379714 29.56620198 32 P 0
L 38.18379714 29.46620472 38.2499997 29.40000216 32 P 0
L 38.2499997 18.05862022 38.2499997 19.17500102 32 P 0
L 38.2499997 18.05862022 38.4999992 17.80862072 32 P 0
L 38.2499997 30.82500058 38.2499997 32.12499798 32 P 0
L 38.4999992 13.75000044 38.4999992 14.04999984 32 P 0
L 38.4999992 14.04999984 38.8999984 14.44999904 32 P 0
L 38.4999992 17.75000006 38.4999992 17.80862072 32 P 0
L 38.4999992 36.5000032 38.4999992 43.49999936 32 P 0
L 38.4999992 36.5000032 38.50000174 36.50000066 32 P 0
L 38.50000174 34.99999858 38.60000408 34.89999624 32 P 0
L 38.55000164 36.50000066 38.95000592 36.09999638 32 P 0
L 38.60000408 34.89999624 40.25000078 34.89999624 32 P 0
L 38.7499987 19.17500102 38.7499987 20.4999971 32 P 0
L 38.7499987 30.82500058 38.7499987 32.249999 32 P 0
L 38.8999984 14.44999904 38.8999984 15.49999948 32 P 0
L 38.8999984 15.5250007 39.25000024 15.87500254 32 P 0
L 38.95000592 36.09999638 40.25000078 36.09999638 32 P 0
L 39.00000074 32.93343426 39.00000074 33.00000004 32 P 0
L 39.00000074 32.93343426 39.25000024 32.68343476 32 P 0
L 39.25000024 15.87500254 39.25000024 19.17500102 32 P 0
L 39.25000024 30.82500058 39.25000024 32.68343476 32 P 0
L 39.49999974 33.65637414 39.49999974 33.75000108 32 P 0
L 39.49999974 33.65637414 39.74999924 33.40637464 32 P 0
L 39.74999924 15.875 39.74999924 19.17500102 32 P 0
L 39.74999924 15.875 40.09999854 15.5250007 32 P 0
L 39.74999924 30.82500058 39.74999924 33.40637464 32 P 0
L 40.09999854 14.45000158 40.09999854 15.49999948 32 P 0
L 40.09999854 14.45000158 40.50000028 14.04999984 32 P 0
L 40.09999854 15.49999948 40.09999854 15.5250007 32 P 0
L 40.25000078 17.45000066 40.25000078 19.17500102 32 P 0
L 40.25000078 17.45000066 42.19999942 15.50000202 32 P 0
L 40.25000078 30.82500058 40.25000078 34.89999624 32 P 0
L 40.50000028 10.49999932 40.50000028 13.75000044 32 P 0
L 40.50000028 13.75000044 40.50000028 14.04999984 32 P 0
L 40.74999978 30.82500058 40.74999978 34.19999764 32 P 0
L 40.74999978 34.19999764 41.75000032 35.19999818 32 P 0
L 41.24999878 19.17500102 41.27299848 19.15200132 32 P 0
L 41.24999878 30.82500058 41.24999878 33.49999904 32 P 0
L 41.24999878 33.49999904 42.68459078 34.93459104 32 P 0
L 41.27299848 18.25163736 41.27299848 19.15200132 32 P 0
L 41.27299848 18.25163736 44.52463536 15.00000048 32 P 0
L 41.75000032 30.82500058 41.75000032 33.25000208 32 P 0
L 41.75000032 33.25000208 43.07299488 34.57299664 32 P 0
L 41.75000032 35.19999818 41.75000032 35.24999808 32 P 0
L 41.75000032 35.24999808 41.75000032 38.2499997 32 P 0
L 42.19999942 15.50000202 42.24999932 15.50000202 32 P 0
L 42.24999932 10.49999932 42.24999932 13.99999994 32 P 0
L 42.24999932 19.17500102 42.27299902 19.15200132 32 P 0
L 42.24999932 30.82500058 42.24999932 32.68343476 32 P 0
L 42.24999932 32.68343476 42.49999882 32.93343426 32 P 0
L 42.27299902 18.22699936 42.27299902 19.15200132 32 P 0
L 42.27299902 18.22699936 44.24999786 16.25000052 32 P 0
L 42.49999882 32.93343426 42.49999882 33.00000004 32 P 0
L 42.68459078 34.93459104 42.97700066 34.93459104 32 P 0
L 42.75000086 19.17500102 42.75000086 20.49999964 32 P 0
L 42.75000086 30.82500058 42.77300056 30.80200088 32 P 0
L 42.77300056 30.03497168 42.77300056 30.80200088 32 P 0
L 42.77300056 30.03497168 43.03497108 29.77300116 32 P 0
L 42.97700066 34.93459104 43.2500024 35.20759278 32 P 0
L 43.03497108 29.77300116 45.2269987 29.77300116 32 P 0
L 43.07299488 34.57299664 43.74402986 34.57299664 32 P 0
L 43.24999986 19.17500102 43.27299956 19.15200132 32 P 0
L 43.24999986 24.49999926 44.47700274 25.72700214 32 P 0
L 43.24999986 25.9999988 44.0000009 26.74999984 32 P 0
L 43.24999986 27.24999884 45.32499698 27.24999884 32 P 0
L 43.24999986 28.49999888 43.99999836 27.75000038 32 P 0
L 43.24999986 30.82500058 43.24999986 32.75000054 32 P 0
L 43.24999986 32.75000054 43.49999936 33.00000004 32 P 0
L 43.24999986 35.25000062 43.24999986 43.49999936 32 P 0
L 43.24999986 35.25000062 43.2500024 35.24999808 32 P 0
L 43.2500024 35.20759278 43.2500024 35.24999808 32 P 0
L 43.27299956 18.22699936 43.27299956 19.15200132 32 P 0
L 43.27299956 18.22699936 44.7499994 16.74999952 32 P 0
L 43.74402986 34.57299664 43.74803036 34.57699714 32 P 0
L 43.74803036 34.57699714 44.9769992 34.57699714 32 P 0
L 43.87301614 19.4902963 43.87301614 23.3730165 32 P 0
L 43.87301614 19.4902963 44.96006248 18.40324996 32 P 0
L 43.87301614 23.3730165 44.2500004 23.75000076 32 P 0
L 43.99999836 27.75000038 45.32499952 27.75000038 32 P 0
L 44.0000009 26.74999984 45.32499952 26.74999984 32 P 0
L 44.24999786 16.25000052 46.44999854 16.25000052 32 P 0
L 44.2500004 23.75000076 45.32499952 23.75000076 32 P 0
L 44.47700274 25.72700214 45.30199982 25.72700214 32 P 0
L 44.52463536 15.00000048 44.7499994 15.00000048 32 P 0
L 44.7499994 10.49999932 44.7499994 12.24927192 32 P 0
L 44.7499994 16.74999952 48.00000306 16.74999952 32 P 0
L 44.96006248 18.40324996 54.84675086 18.40324996 32 P 0
L 44.9769992 34.57699714 45.25000094 34.84999888 32 P 0
L 45.2269987 29.77300116 45.25000094 29.74999892 32 P 0
L 45.25000094 34.84999888 45.25000094 34.89999878 32 P 0
L 45.25000094 36.60000046 46.24999894 35.60000246 32 P 0
L 45.30199982 25.72700214 45.32499952 25.75000184 32 P 0
L 45.32499698 27.24999884 45.32499952 27.25000138 32 P 0
L 45.32499952 21.25000068 46.50000098 21.25000068 32 P 0
L 45.32499952 21.74999968 59.99999938 21.74999968 32 P 0
L 45.32499952 22.25000122 49.69999966 22.25000122 32 P 0
L 45.32499952 22.75000022 47.65000122 22.75000022 32 P 0
L 45.32499952 24.24999976 46.75000048 24.24999976 32 P 0
L 45.32499952 24.7500013 62.77500018 24.7500013 32 P 0
L 45.32499952 25.2500003 46.75000048 25.2500003 32 P 0
L 45.32499952 26.25000084 48.22897136 26.25000084 32 P 0
L 45.32499952 28.24999938 63.0850021 28.24999938 32 P 0
L 45.32499952 28.75000092 45.99999944 28.75000092 32 P 0
L 45.99999944 28.75000092 47.10199622 29.8519977 32 P 0
L 46.24999894 32.50000104 46.24999894 35.60000246 32 P 0
L 46.44999854 16.25000052 47.19999958 15.49999948 32 P 0
L 46.50000098 21.25000068 46.75000048 21.00000118 32 P 0
L 46.75000048 24.24999976 46.99999998 24.00000026 32 P 0
L 46.75000048 25.2500003 46.99999998 25.4999998 32 P 0
L 47.10199622 29.8519977 47.20199856 29.8519977 32 P 0
L 47.19999958 15.49999948 47.24999948 15.49999948 32 P 0
L 47.20199856 29.8519977 47.49999898 30.14999812 32 P 0
L 47.24999948 10.49999932 47.24999948 13.9999974 32 P 0
L 47.49999898 30.14999812 49.15000076 30.14999812 32 P 0
L 47.49999898 31.34999826 48.79999892 31.34999826 32 P 0
L 47.65000122 22.75000022 48.74999902 23.84999802 32 P 0
L 48.00000306 16.74999952 48.49999952 16.25000306 32 P 0
L 48.22897136 26.25000084 48.25597156 26.27700104 32 P 0
L 48.25597156 26.27700104 59.97299918 26.27700104 32 P 0
L 48.49999952 10.49999932 48.49999952 16.25000306 32 P 0
L 48.74999902 23.84999802 48.74999902 23.89999792 32 P 0
L 48.74999902 23.89999792 61.08500356 23.89999792 32 P 0
L 48.74999902 25.5999996 48.79121814 25.55878048 32 P 0
L 48.79121814 25.55878048 50.210974 25.55878048 32 P 0
L 48.79999892 31.34999826 49.20000066 31.75 32 P 0
L 48.92000122 3.75000012 48.92000122 3.91999978 32 P 0
L 48.92000122 3.91999978 50.5000006 5.49999916 32 P 0
L 49.15000076 30.14999812 49.25000056 30.24999792 32 P 0
L 49.20000066 31.75 49.25000056 31.75 32 P 0
L 49.25000056 30.24999792 50.74999756 30.24999792 32 P 0
L 49.25000056 31.75 50.7500001 31.75 32 P 0
L 49.69999966 22.25000122 49.99999906 22.55000062 32 P 0
L 49.99999906 20.89999884 50.01252126 20.91252104 32 P 0
L 49.99999906 22.55000062 49.99999906 22.60000052 32 P 0
L 49.99999906 22.60000052 61.11500096 22.60000052 32 P 0
L 50.01252126 20.91252104 51.28774096 20.91252104 32 P 0
L 50.2500011 27.24999884 53.59999948 27.24999884 32 P 0
L 50.74999756 30.24999792 50.7500001 30.25000046 32 P 0
L 51.46000122 3.75000012 53.62000198 5.91000088 32 P 0
L 52.00000014 39.49999974 54.00000122 39.49999974 32 P 0
L 52.00000014 43.49999936 53.00000068 43.49999936 32 P 0
L 53.00000068 43.49999936 54.00000122 42.49999882 32 P 0
L 53.23000022 12.65499882 53.23000022 15.10399824 32 P 0
L 53.23000022 15.10399824 53.37600196 15.24999998 32 P 0
L 53.37600196 15.24999998 53.39999988 15.24999998 32 P 0
L 53.39999988 15.24999998 53.44999978 15.24999998 32 P 0
L 53.44999978 15.24999998 54.45000032 16.25000052 32 P 0
L 53.59999948 27.24999884 53.74999918 27.39999854 32 P 0
L 53.62000198 5.91000088 59.25000088 5.91000088 32 P 0
L 53.74999918 27.39999854 62.66500294 27.39999854 32 P 0
L 53.74999918 29.10000022 54.98797994 29.10000022 32 P 0
L 54.00000122 3.75000012 54.89000198 4.64000088 32 P 0
L 54.00000122 32.50000104 54.00000122 36.25000116 32 P 0
L 54.45000032 16.25000052 57.0000003 16.25000052 32 P 0
L 54.84675086 18.40324996 55.99999976 17.25000106 32 P 0
L 54.89000198 4.64000088 59.25000088 4.64000088 32 P 0
L 54.98797994 29.10000022 55.02608248 29.13810276 32 P 0
L 55.10000156 15.24999998 56.49999876 15.24999998 34 P 0
L 55.75000026 7.25000074 55.77000022 7.2700007 32 P 0
L 55.77000022 7.2700007 55.77000022 8.84499882 32 P 0
L 57.0000003 16.25000052 58.09000066 17.34000088 32 P 0
L 57.4999993 1.25000004 57.91999846 0.83000088 34 P 0
L 57.91999846 0.83000088 59.25000088 0.83000088 34 P 0
L 58.00000084 35.00000112 59.50000038 35.00000112 33 P 0
L 58.00000084 47.47763428 59.50000038 47.47763428 33 P 0
L 58.09000066 17.34000088 59.25000088 17.34000088 32 P 0
L 59.50000038 35.00000112 61.55000136 32.95000014 33 P 0
L 59.50000038 47.47763428 67.49999962 47.47763428 33 P 0
L 59.97299918 26.27700104 60.50000092 25.7499993 32 P 0
L 61.08500356 23.89999792 66.09500116 18.89000032 32 P 0
L 61.11500096 22.60000052 64.82500116 18.89000032 32 P 0
L 61.55000136 32.95000014 64.75693932 32.95000014 33 P 0
L 62.49999946 23.75000076 62.50500072 23.75000076 32 P 0
L 62.50500072 23.75000076 67.36500116 18.89000032 32 P 0
L 62.66500294 27.39999854 71.17500116 18.89000032 32 P 0
L 62.77500018 24.7500013 68.63500116 18.89000032 32 P 0
L 63.0850021 28.24999938 72.44500116 18.89000032 32 P 0
L 63.93789092 33.76904854 63.93789092 35.47846346 33 P 0
L 63.93789092 33.76904854 64.75693932 32.95000014 33 P 0
L 63.93789092 35.47846346 64.64080544 36.18137798 33 P 0
L 64.45000064 38.55000164 64.49800156 38.50200072 32 P 0
L 64.45000064 39.74999924 64.52500176 39.74999924 32 P 0
L 64.49800156 38.50200072 67.29800104 38.50200072 32 P 0
L 64.52500176 39.74999924 65.27500026 39.00000074 32 P 0
L 64.64080544 36.18137798 65.15513512 36.18137798 33 P 0
L 64.75693932 32.95000014 68.5206148 32.95000014 33 P 0
L 64.82500116 18.59000092 64.82500116 18.89000032 32 P 0
L 65.15513512 36.18137798 65.25000158 36.27624444 33 P 0
L 65.19658792 42.10341338 65.19658792 43.24999986 32 P 0
L 65.19658792 42.10341338 67.17700052 40.12300078 32 P 0
L 65.19658792 43.24999986 65.19999914 43.25341108 32 P 0
L 65.19999914 43.25341108 65.19999914 45.35000074 32 P 0
L 65.25000158 34.623756 66.95000072 34.623756 33 P 0
L 65.25000158 36.27624444 65.35124598 36.27624444 32 P 0
L 65.27500026 39.00000074 67.30000002 39.00000074 32 P 0
L 65.35124598 36.27624444 67.07300276 37.99800122 32 P 0
L 66.09500116 18.59000092 66.09500116 18.89000032 32 P 0
L 66.242946 9.98000036 66.2579447 9.96500166 34 P 0
L 66.24999958 39.74999924 66.34362652 39.74999924 32 P 0
L 66.2579447 9.96500166 68.08499972 9.96500166 34 P 0
L 66.26964648 8.5318092 66.27874222 8.54090494 34 P 0
L 66.2763216 7.11030836 66.30121614 7.11030836 34 P 0
L 66.27874222 8.54090494 68.09090522 8.54090494 34 P 0
L 66.30121614 7.11030836 66.34090872 7.15000094 34 P 0
L 66.34090872 7.15000094 68.10000096 7.15000094 34 P 0
L 66.34362652 39.74999924 66.59362348 39.50000228 32 P 0
L 66.59362348 39.50000228 67.30000002 39.50000228 32 P 0
L 66.90000082 45.35000074 69.62763316 45.35000074 33 P 0
L 66.95000072 34.623756 67.67375594 34.623756 33 P 0
L 66.95000072 43.24999986 66.96942664 43.24999986 33 P 0
L 66.96942664 43.24999986 68.25000066 41.96942584 33 P 0
L 67.07300276 37.99800122 67.29800104 37.99800122 32 P 0
L 67.10000296 36.40000086 67.10000296 36.46656664 32 P 0
L 67.10000296 36.46656664 67.30000002 36.6665637 32 P 0
L 67.17700052 40.00200026 67.17700052 40.12300078 32 P 0
L 67.17700052 40.00200026 67.1789995 40.00000128 32 P 0
L 67.1789995 40.00000128 67.30000002 40.00000128 32 P 0
L 67.25000012 21.74999968 67.31620268 21.68379712 32 P 0
L 67.29800104 37.99800122 67.30000002 38.0000002 32 P 0
L 67.29800104 38.50200072 67.30000002 38.50000174 32 P 0
L 67.30000002 36.6665637 67.30000002 37.5000012 32 P 0
L 67.31620268 21.4787988 67.31620268 21.68379712 32 P 0
L 67.31620268 21.4787988 69.90500116 18.89000032 32 P 0
L 67.36500116 18.59000092 67.36500116 18.89000032 32 P 0
L 67.49999962 47.47763428 69.62763316 45.35000074 33 P 0
L 67.67375594 34.623756 68.20000076 35.15000082 33 P 0
L 68.08499972 9.96500166 68.10000096 9.95000042 34 P 0
L 68.09090522 8.54090494 68.10000096 8.55000068 34 P 0
L 68.10000096 7.84999954 68.10000096 8.55000068 32 P 0
L 68.10000096 8.55000068 68.10000096 9.24999928 32 P 0
L 68.20000076 35.15000082 68.25000066 35.20000072 33 P 0
L 68.25000066 35.20000072 68.25000066 36.55000056 33 P 0
L 68.25000066 36.55000056 68.25000066 37.67500212 33 P 0
L 68.25000066 37.67500212 68.50000016 37.67500212 32 P 0
L 68.25000066 39.82500036 68.25000066 41.35000112 33 P 0
L 68.25000066 41.35000112 68.25000066 41.96942584 33 P 0
L 68.25000066 41.96942584 68.25000066 42.04875512 33 P 0
L 68.25000066 42.04875512 69.350001 43.14875546 33 P 0
L 68.50000016 37.67500212 68.6730021 37.50200018 32 P 0
L 68.63500116 18.59000092 68.63500116 18.89000032 32 P 0
L 68.6730021 37.50200018 69.19800232 37.50200018 32 P 0
L 68.8000021 7.15000094 69.5000007 7.15000094 32 P 0
L 68.8000021 8.55000068 69.5000007 8.55000068 32 P 0
L 68.8000021 9.95000042 69.5000007 9.95000042 32 P 0
L 69.19800232 37.50200018 69.2000013 37.5000012 32 P 0
L 69.2000013 38.0000002 69.76533672 38.0000002 32 P 0
L 69.2000013 38.50000174 71.57324522 38.50000174 32 P 0
L 69.2000013 39.00000074 71.57324522 39.00000074 32 P 0
L 69.2000013 39.50000228 69.69879888 39.50000228 32 P 0
L 69.2000013 40.00000128 69.32100182 40.00000128 32 P 0
L 69.32100182 40.00000128 71.00248944 41.6814889 32 P 0
L 69.350001 43.14875546 69.350001 43.24999986 33 P 0
L 69.5000007 5.24999966 69.5000007 7.15000094 34 P 0
L 69.5000007 7.15000094 70.20000184 7.15000094 32 P 0
L 69.5000007 7.84999954 69.5000007 8.55000068 34 P 0
L 69.5000007 8.55000068 69.5000007 9.24999928 32 P 0
L 69.5000007 8.55000068 70.20000184 8.55000068 32 P 0
L 69.5000007 9.95000042 69.5000007 11.49999986 34 P 0
L 69.5000007 9.95000042 70.20000184 9.95000042 32 P 0
L 69.62763316 45.35000074 70.90762298 44.07001092 33 P 0
L 69.69879888 39.50000228 71.77416176 41.57536516 32 P 0
L 69.76533672 38.0000002 70.10000204 37.66533488 32 P 0
L 69.90500116 18.59000092 69.90500116 18.89000032 32 P 0
L 69.9793876 32.95000014 70.10000204 33.07061458 32 P 0
L 70.10000204 33.07061458 70.10000204 35.15000082 32 P 0
L 70.10000204 35.15000082 70.10000204 37.66533488 32 P 0
L 70.90000044 7.15000094 70.90649776 7.14350362 34 P 0
L 70.90000044 7.84999954 70.90000044 8.55000068 32 P 0
L 70.90000044 8.55000068 70.90000044 9.24999928 32 P 0
L 70.90000044 8.55000068 72.46647178 8.55000068 34 P 0
L 70.90000044 9.95000042 70.9777219 10.02772188 34 P 0
L 70.90649776 7.14350362 72.49349992 7.14350362 34 P 0
L 70.90762298 43.34486632 70.90762298 44.07001092 33 P 0
L 70.90762298 43.34486632 71.00248944 43.24999986 33 P 0
L 70.9777219 10.02772188 72.49999978 10.02772188 34 P 0
L 71.00248944 41.6814889 71.00248944 43.24999986 32 P 0
L 71.17500116 18.59000092 71.17500116 18.89000032 32 P 0
L 71.57324522 38.50000174 72.2486109 37.82463606 32 P 0
L 71.57324522 39.00000074 72.2486109 39.67536642 32 P 0
L 71.77416176 41.57536516 74.75000036 41.57536516 32 P 0
L 72.2486109 37.82463606 72.25000028 37.82463606 32 P 0
L 72.2486109 39.67536642 72.25000028 39.67536642 32 P 0
L 72.25000028 36.50000066 72.25000028 37.82463606 32 P 0
L 72.25000028 39.67536642 75.20073352 39.67536642 33 P 0
L 72.44500116 18.59000092 72.44500116 18.89000032 32 P 0
L 72.46647178 8.55000068 72.50468354 8.51178892 34 P 0
L 72.49349992 7.14350362 72.49999978 7.13700376 34 P 0
L 72.49999978 10.02772188 72.55247872 10.02772188 34 P 0
L 72.50468354 8.51178892 72.52957808 8.51178892 34 P 0
L 75.200002 37.2000018 75.200002 38.00000274 33 P 0
L 75.200002 38.00000274 75.200002 39.6746349 33 P 0
L 75.200002 39.6746349 75.20073352 39.67536642 33 P 0
L 75.20073352 39.67536642 75.2500019 39.7246348 33 P 0
L 75.24999936 13.50000094 76.7200015 13.50000094 32 P 0
L 75.2500019 39.7246348 75.27536888 39.75000178 33 P 0
L 75.49999886 21.25000068 75.49999886 23.50000126 32 P 0
L 75.49999886 26.25000084 75.49999886 30.49999996 32 P 0
L 76.7200015 13.50000094 76.75000144 13.53000088 32 P 0
L 76.75000144 0.83000088 79.03000196 0.83000088 34 P 0
L 76.75000144 2.10000088 78.89999968 2.10000088 34 P 0
L 76.75000144 3.37000088 77.87000174 3.37000088 32 P 0
L 76.75000144 16.07000088 76.75000144 16.43158258 36 P 0
L 76.75000144 16.43158258 77.41158254 16.43158258 36 P 0
L 76.75000144 16.97841918 76.75000144 17.34000088 36 P 0
L 76.75000144 16.97841918 77.41158254 16.97841918 36 P 0
L 77.41158254 16.43158258 77.50427984 16.52427988 36 P 0
L 77.41158254 16.97841918 77.50427984 16.88572188 36 P 0
L 77.50427984 16.52427988 83.47571824 16.52427988 36 P 0
L 77.50427984 16.88572188 83.62543092 16.88572188 36 P 0
L 77.87000174 3.37000088 79.25000152 4.75000066 32 P 0
L 78.89999968 2.10000088 79.50000102 2.70000222 34 P 0
L 79.03000196 0.83000088 79.50000102 1.29999994 34 P 0
L 79.25000152 4.75000066 83.99999964 4.75000066 32 P 0
L 79.50000102 1.29999994 79.5249997 1.27500126 34 P 0
L 79.50000102 2.70000222 80.90000076 2.70000222 34 P 0
L 79.5249997 1.27500126 81.72499784 1.27500126 34 P 0
L 80.22999956 12.65499882 80.22999956 14.47999898 32 P 0
L 80.22999956 14.47999898 80.24999952 14.49999894 32 P 0
L 80.90000076 2.70000222 81.44999966 3.25000112 34 P 0
L 81.44999966 3.25000112 81.74999906 3.25000112 34 P 0
L 81.72499784 1.27500126 81.74999906 1.25000004 34 P 0
L 81.74999906 1.25000004 83.50000064 1.25000004 34 P 0
L 81.74999906 3.25000112 83.50000064 3.25000112 34 P 0
L 82.76999956 8.84499882 83.27799956 8.33699882 32 P 0
L 83.27799956 7.42199938 83.27799956 8.33699882 32 P 0
L 83.27799956 7.42199938 83.94999974 6.7499992 32 P 0
L 83.47571824 16.52427988 86.24999768 13.75000044 36 P 0
L 83.62543092 16.88572188 86.39971036 14.11144244 36 P 0
L 83.94999974 6.7499992 83.99999964 6.7499992 32 P 0
L 83.99999964 4.75000066 83.99999964 6.7499992 32 P 0
L 85.50000172 4.75000066 86.75000176 4.75000066 32 P 0
L 85.70000132 6.7499992 86.85000156 6.7499992 32 P 0
L 86.24999768 13.75000044 91.99999888 13.75000044 36 P 0
L 86.39971036 14.11144244 92.4249993 14.11144244 36 P 0
L 86.49999972 21.99999918 88.39926948 21.99999918 34 P 0
L 86.74999922 12.2500009 87.89999946 12.2500009 32 P 0
L 86.74999922 15.49999948 87.89999946 15.49999948 32 P 0
L 88.39926948 19.6907277 88.39926948 21.99999918 34 P 0
L 88.39926948 19.6907277 88.58999808 19.4999991 34 P 0
L 89.60000114 12.2500009 89.670001 12.18000104 36 P 0
L 89.60000114 15.49999948 89.65000104 15.49999948 32 P 0
L 89.65000104 15.49999948 89.9700004 15.18000012 32 P 0
L 89.670001 12.18000104 92.4249993 12.18000104 36 P 0
L 89.91000052 19.4999991 90.24999984 19.83999842 34 P 0
L 89.9700004 15.18000012 92.4249993 15.18000012 32 P 0
L 90.24999984 19.83999842 90.24999984 21.99999918 34 P 0
L 90.24999984 21.99999918 95.25 21.99999918 34 P 0
L 91.25000038 16.74999952 91.26760258 16.73239732 34 P 0
L 91.25000038 16.74999952 91.26760258 16.76760172 34 P 0
L 91.26760258 16.73239732 91.29249712 16.73239732 34 P 0
L 91.26760258 16.76760172 91.26760258 17.4275242 34 P 0
L 91.26760258 17.4275242 91.59007844 17.75000006 34 P 0
L 91.29249712 16.73239732 91.34889274 16.6760017 34 P 0
L 91.34889274 16.6760017 92.3789999 16.6760017 34 P 0
L 91.59007844 17.75000006 92.99999942 17.75000006 34 P 0
L 91.67087838 12.9393823 91.67087838 13.40910958 36 P 0
L 91.67087838 12.9393823 91.85938194 12.75087874 36 P 0
L 91.67087838 13.40910958 91.87089068 13.60912188 36 P 0
L 91.85938194 12.75087874 92.3541206 12.75087874 36 P 0
L 91.87089068 13.60912188 91.92912018 13.60912188 36 P 0
L 91.92912018 13.60912188 91.97334158 13.65334328 36 P 0
L 91.97334158 13.65334328 91.97334158 13.68000058 36 P 0
L 91.99999888 13.68000058 92.35499944 13.68000058 36 P 0
L 91.99999888 13.75000044 92.35499944 13.75000044 36 P 0
L 92.3541206 12.75087874 92.4249993 12.68000004 36 P 0
L 92.35499944 13.68000058 92.4249993 13.68000058 36 P 0
L 92.35499944 13.75000044 92.4249993 13.68000058 36 P 0
L 92.3789999 16.6760017 92.4249993 16.6300023 34 P 0
L 92.4249993 10.22999986 92.43307142 10.23807198 34 P 0
L 92.4249993 11.0300008 92.4709987 11.0760002 34 P 0
L 92.4249993 13.18000158 92.495878 13.25088028 36 P 0
L 92.4249993 14.11144244 92.97187146 14.11144244 36 P 0
L 92.4249993 15.83000136 94.08000234 15.83000136 34 P 0
L 92.43307142 10.23807198 93.8860581 10.23807198 34 P 0
L 92.4709987 11.0760002 93.0466262 11.0760002 34 P 0
L 92.495878 13.25088028 92.97419302 13.25088028 36 P 0
L 92.97187146 14.11144244 93.19449738 13.88881652 36 P 0
L 92.97419302 13.25088028 93.19449738 13.47118464 36 P 0
L 92.99999942 9.1100021 93.19813212 9.1100021 34 P 0
L 93.0466262 11.0760002 95.25 13.279374 34 P 0
L 93.04999678 39.25000024 93.148023 39.25000024 35 P 0
L 93.148023 39.25000024 95.25 37.14802324 35 P 0
L 93.19449738 13.47118464 93.19449738 13.88881652 36 P 0
L 93.19813212 9.1100021 93.82792512 9.7397951 34 P 0
L 93.82792512 9.7397951 93.82792512 10.179939 34 P 0
L 93.82792512 10.179939 93.8860581 10.23807198 34 P 0
L 93.8860581 10.23807198 93.89412768 10.24614156 34 P 0
L 94.08000234 15.83000136 95.25 16.99999902 34 P 0
L 95.25 13.279374 95.25 16.99999902 34 P 0
L 95.25 16.99999902 95.25 21.99999918 34 P 0
L 95.25 31.4000007 95.25 37.14802324 35 P 0
L 96.99999904 9.1100021 96.99999904 10.24999982 34 P 0
L 96.99999904 16.74999952 96.99999904 17.52272594 34 P 0
L 96.99999904 17.52272594 97.22727316 17.75000006 34 P 0
L 97.22727316 17.75000006 97.25000108 17.75000006 34 P 0
P 5.00000016 5.00000016 47 P 0 0 ;0=39,1=0
P 5.00000016 44.9999989 47 P 0 0 ;0=39,1=0
P 11.00000086 7.00000124 38 P 0 0 ;0=32,1=0
P 11.00000086 11.00000086 38 P 0 0 ;0=32,1=0
P 11.00000086 15.00000048 38 P 0 0 ;0=32,1=0
P 11.00000086 19.0000001 38 P 0 0 ;0=32,1=0
P 11.00000086 22.99999972 38 P 0 0 ;0=32,1=0
P 11.00000086 26.99999934 38 P 0 0 ;0=32,1=0
P 11.00000086 30.99999896 38 P 0 0 ;0=32,1=0
P 11.00000086 35.00000112 38 P 0 0 ;0=32,1=0
P 11.00000086 39.00000074 38 P 0 0 ;0=32,1=0
P 11.00000086 43.00000036 38 P 0 0 ;0=32,1=0
P 13.54000086 7.00000124 37 P 0 0 ;0=32,1=0
P 13.54000086 11.00000086 37 P 0 0 ;0=32,1=0
P 13.54000086 15.00000048 37 P 0 0 ;0=32,1=0
P 13.54000086 19.0000001 37 P 0 0 ;0=32,1=0
P 13.54000086 22.99999972 37 P 0 0 ;0=32,1=0
P 13.54000086 26.99999934 37 P 0 0 ;0=32,1=0
P 13.54000086 30.99999896 37 P 0 0 ;0=32,1=0
P 13.54000086 35.00000112 37 P 0 0 ;0=32,1=0
P 13.54000086 39.00000074 37 P 0 0 ;0=32,1=0
P 13.54000086 43.00000036 37 P 0 0 ;0=32,1=0
P 17.15000126 5.59999896 27 P 0 0 ;0=27,1=0,2
P 17.15000126 6.2500002 27 P 0 0 ;0=27,1=0,2
P 17.15000126 6.90000144 27 P 0 0 ;0=27,1=0,2
P 17.15000126 14.34999924 27 P 0 0 ;0=27,1=0,2
P 17.15000126 15.00000048 27 P 0 0 ;0=27,1=0,2
P 17.15000126 15.65000172 27 P 0 0 ;0=27,1=0,2
P 17.15000126 24.34999956 27 P 0 0 ;0=27,1=0,2
P 17.15000126 25.0000008 27 P 0 0 ;0=27,1=0,2
P 17.15000126 25.65000204 27 P 0 0 ;0=27,1=0,2
P 17.15000126 34.34999988 27 P 0 0 ;0=27,1=0,2
P 17.15000126 35.00000112 27 P 0 0 ;0=27,1=0,2
P 17.15000126 35.65000236 27 P 0 0 ;0=27,1=0,2
P 17.15000126 43.09999762 27 P 0 0 ;0=27,1=0,2
P 17.15000126 43.74999886 27 P 0 0 ;0=27,1=0,2
P 17.15000126 44.4000001 27 P 0 0 ;0=27,1=0,2
P 19.35000194 5.59999896 27 P 0 0 ;0=27,1=0,2
P 19.35000194 6.2500002 27 P 0 0 ;0=27,1=0,2
P 19.35000194 6.90000144 27 P 0 0 ;0=27,1=0,2
P 19.35000194 14.34999924 27 P 0 0 ;0=27,1=0,2
P 19.35000194 15.00000048 27 P 0 0 ;0=27,1=0,2
P 19.35000194 15.65000172 27 P 0 0 ;0=27,1=0,2
P 19.35000194 24.34999956 27 P 0 0 ;0=27,1=0,2
P 19.35000194 25.0000008 27 P 0 0 ;0=27,1=0,2
P 19.35000194 25.65000204 27 P 0 0 ;0=27,1=0,2
P 19.35000194 34.34999988 27 P 0 0 ;0=27,1=0,2
P 19.35000194 35.00000112 27 P 0 0 ;0=27,1=0,2
P 19.35000194 35.65000236 27 P 0 0 ;0=27,1=0,2
P 19.35000194 43.09999762 27 P 0 0 ;0=27,1=0,2
P 19.35000194 43.74999886 27 P 0 0 ;0=27,1=0,2
P 19.35000194 44.4000001 27 P 0 0 ;0=27,1=0,2
P 21.99921432 6.25000274 0 P 0 0 ;0=0,1=0,2
P 21.99999664 46.25000148 0 P 0 0 ;0=0,1=0,2
P 21.99999918 3.75000266 0 P 0 0 ;0=0,1=0,2
P 21.99999918 8.75000282 0 P 0 0 ;0=0,1=0,2
P 21.99999918 11.2500029 0 P 0 0 ;0=0,1=0,2
P 21.99999918 13.75000298 0 P 0 0 ;0=0,1=0,2
P 21.99999918 16.25000306 0 P 0 0 ;0=0,1=0,2
P 21.99999918 18.75000314 0 P 0 0 ;0=0,1=0,2
P 21.99999918 21.25000322 0 P 0 0 ;0=0,1=0,2
P 21.99999918 23.75000076 0 P 0 0 ;0=0,1=0,2
P 21.99999918 26.25000084 0 P 0 0 ;0=0,1=0,2
P 21.99999918 28.75000092 0 P 0 0 ;0=0,1=0,2
P 21.99999918 31.250001 0 P 0 0 ;0=0,1=0,2
P 21.99999918 33.75000108 0 P 0 0 ;0=0,1=0,2
P 21.99999918 36.25000116 0 P 0 0 ;0=0,1=0,2
P 21.99999918 38.75000124 0 P 0 0 ;0=0,1=0,2
P 21.99999918 41.25000132 0 P 0 0 ;0=0,1=0,2
P 21.99999918 43.7500014 0 P 0 0 ;0=0,1=0,2
P 23.65798672 6.25000274 0 P 0 0 ;0=0,1=0,2
P 23.65876904 46.25000148 0 P 0 0 ;0=0,1=0,2
P 23.65877158 3.75000266 0 P 0 0 ;0=0,1=0,2
P 23.65877158 8.75000282 0 P 0 0 ;0=0,1=0,2
P 23.65877158 11.2500029 0 P 0 0 ;0=0,1=0,2
P 23.65877158 13.75000298 0 P 0 0 ;0=0,1=0,2
P 23.65877158 16.25000306 0 P 0 0 ;0=0,1=0,2
P 23.65877158 18.75000314 0 P 0 0 ;0=0,1=0,2
P 23.65877158 21.25000322 0 P 0 0 ;0=0,1=0,2
P 23.65877158 23.75000076 0 P 0 0 ;0=0,1=0,2
P 23.65877158 26.25000084 0 P 0 0 ;0=0,1=0,2
P 23.65877158 28.75000092 0 P 0 0 ;0=0,1=0,2
P 23.65877158 31.250001 0 P 0 0 ;0=0,1=0,2
P 23.65877158 33.75000108 0 P 0 0 ;0=0,1=0,2
P 23.65877158 36.25000116 0 P 0 0 ;0=0,1=0,2
P 23.65877158 38.75000124 0 P 0 0 ;0=0,1=0,2
P 23.65877158 41.25000132 0 P 0 0 ;0=0,1=0,2
P 23.65877158 43.7500014 0 P 0 0 ;0=0,1=0,2
P 32.40000124 36.75000016 30 P 0 0 ;0=30,1=0,2
P 32.57499962 35.00000112 31 P 0 0 ;0=31,1=0,2
P 32.9999975 15.49999948 11 P 0 0 ;0=11,1=0,2
P 33.00000004 46.24999894 37 P 0 0 ;0=32,1=0
P 33.15000228 17.25000106 13 P 0 0 ;0=13,1=0,2
P 33.59999884 36.75000016 30 P 0 0 ;0=30,1=0,2
P 33.67499996 21.25000068 26 P 0 0 ;0=26,1=0,2
P 33.67499996 21.74999968 26 P 0 0 ;0=26,1=0,2
P 33.67499996 22.25000122 26 P 0 0 ;0=26,1=0,2
P 33.67499996 22.75000022 26 P 0 0 ;0=26,1=0,2
P 33.67499996 23.25000176 26 P 0 0 ;0=26,1=0,2
P 33.67499996 23.75000076 26 P 0 0 ;0=26,1=0,2
P 33.67499996 24.24999976 26 P 0 0 ;0=26,1=0,2
P 33.67499996 24.7500013 26 P 0 0 ;0=26,1=0,2
P 33.67499996 25.2500003 26 P 0 0 ;0=26,1=0,2
P 33.67499996 25.75000184 26 P 0 0 ;0=26,1=0,2
P 33.67499996 26.25000084 26 P 0 0 ;0=26,1=0,2
P 33.67499996 26.74999984 26 P 0 0 ;0=26,1=0,2
P 33.67499996 27.25000138 26 P 0 0 ;0=26,1=0,2
P 33.67499996 27.75000038 26 P 0 0 ;0=26,1=0,2
P 33.67499996 28.24999938 26 P 0 0 ;0=26,1=0,2
P 33.67499996 28.75000092 26 P 0 0 ;0=26,1=0,2
P 33.92499946 35.00000112 31 P 0 0 ;0=31,1=0,2
P 34.35000242 17.25000106 13 P 0 0 ;0=13,1=0,2
P 34.49999958 15.49999948 11 P 0 0 ;0=11,1=0,2
P 35.24999808 36.75000016 11 P 0 0 ;0=11,1=0,2
P 35.40000032 34.99999858 13 P 0 0 ;0=13,1=0,2
P 35.54000004 46.24999894 38 P 0 0 ;0=32,1=0
P 35.74999962 13.75000044 11 P 0 0 ;0=11,1=0,2
P 35.74999962 19.17500102 12 P 0 0 ;0=12,1=0,2
P 35.74999962 30.82500058 12 P 0 0 ;0=12,1=0,2
P 35.90000186 15.49999948 13 P 0 0 ;0=13,1=0,2
P 36.25000116 19.17500102 12 P 0 0 ;0=12,1=0,2
P 36.25000116 30.82500058 12 P 0 0 ;0=12,1=0,2
P 36.60000046 34.99999858 13 P 0 0 ;0=13,1=0,2
P 36.75000016 19.17500102 12 P 0 0 ;0=12,1=0,2
P 36.75000016 30.82500058 12 P 0 0 ;0=12,1=0,2
P 36.75000016 36.75000016 11 P 0 0 ;0=11,1=0,2
P 37.100002 15.49999948 13 P 0 0 ;0=13,1=0,2
P 37.24999916 19.17500102 12 P 0 0 ;0=12,1=0,2
P 37.24999916 30.82500058 12 P 0 0 ;0=12,1=0,2
P 37.2500017 13.75000044 11 P 0 0 ;0=11,1=0,2
P 37.7500007 19.17500102 12 P 0 0 ;0=12,1=0,2
P 37.7500007 30.82500058 12 P 0 0 ;0=12,1=0,2
P 38.2499997 19.17500102 12 P 0 0 ;0=12,1=0,2
P 38.2499997 30.82500058 12 P 0 0 ;0=12,1=0,2
P 38.4999992 13.75000044 16 P 0 0 ;0=16,1=0,2
P 38.50000174 34.99999858 4 P 0 0 ;0=4,1=0,2
P 38.50000174 36.50000066 4 P 0 0 ;0=4,1=0,2
P 38.7499987 19.17500102 12 P 0 0 ;0=12,1=0,2
P 38.7499987 30.82500058 12 P 0 0 ;0=12,1=0,2
P 38.8999984 15.49999948 13 P 0 0 ;0=13,1=0,2
P 39.25000024 19.17500102 12 P 0 0 ;0=12,1=0,2
P 39.25000024 30.82500058 12 P 0 0 ;0=12,1=0,2
P 39.74999924 19.17500102 12 P 0 0 ;0=12,1=0,2
P 39.74999924 30.82500058 12 P 0 0 ;0=12,1=0,2
P 40.09999854 15.49999948 13 P 0 0 ;0=13,1=0,2
P 40.25000078 19.17500102 12 P 0 0 ;0=12,1=0,2
P 40.25000078 30.82500058 12 P 0 0 ;0=12,1=0,2
P 40.25000078 34.89999624 14 P 0 0 ;0=14,1=0,2
P 40.25000078 36.09999638 14 P 0 0 ;0=14,1=0,2
P 40.50000028 13.75000044 16 P 0 0 ;0=16,1=0,2
P 40.74999978 19.17500102 12 P 0 0 ;0=12,1=0,2
P 40.74999978 30.82500058 12 P 0 0 ;0=12,1=0,2
P 41.24999878 19.17500102 12 P 0 0 ;0=12,1=0,2
P 41.24999878 30.82500058 12 P 0 0 ;0=12,1=0,2
P 41.75000032 19.17500102 12 P 0 0 ;0=12,1=0,2
P 41.75000032 30.82500058 12 P 0 0 ;0=12,1=0,2
P 41.75000032 35.24999808 11 P 0 0 ;0=11,1=0,2
P 42.24999932 13.99999994 4 P 0 0 ;0=4,1=0,2
P 42.24999932 15.50000202 4 P 0 0 ;0=4,1=0,2
P 42.24999932 19.17500102 12 P 0 0 ;0=12,1=0,2
P 42.24999932 30.82500058 12 P 0 0 ;0=12,1=0,2
P 42.75000086 19.17500102 12 P 0 0 ;0=12,1=0,2
P 42.75000086 30.82500058 12 P 0 0 ;0=12,1=0,2
P 43.24999986 19.17500102 12 P 0 0 ;0=12,1=0,2
P 43.24999986 30.82500058 12 P 0 0 ;0=12,1=0,2
P 43.2500024 35.24999808 11 P 0 0 ;0=11,1=0,2
P 44.7499994 12.24927192 15 P 0 0 ;0=15,1=0,2
P 44.7499994 15.00000048 15 P 0 0 ;0=15,1=0,2
P 45.25000094 34.89999878 11 P 0 0 ;0=11,1=0,2
P 45.25000094 36.60000046 11 P 0 0 ;0=11,1=0,2
P 45.32499952 21.25000068 26 P 0 0 ;0=26,1=0,2
P 45.32499952 21.74999968 26 P 0 0 ;0=26,1=0,2
P 45.32499952 22.25000122 26 P 0 0 ;0=26,1=0,2
P 45.32499952 22.75000022 26 P 0 0 ;0=26,1=0,2
P 45.32499952 23.25000176 26 P 0 0 ;0=26,1=0,2
P 45.32499952 23.75000076 26 P 0 0 ;0=26,1=0,2
P 45.32499952 24.24999976 26 P 0 0 ;0=26,1=0,2
P 45.32499952 24.7500013 26 P 0 0 ;0=26,1=0,2
P 45.32499952 25.2500003 26 P 0 0 ;0=26,1=0,2
P 45.32499952 25.75000184 26 P 0 0 ;0=26,1=0,2
P 45.32499952 26.25000084 26 P 0 0 ;0=26,1=0,2
P 45.32499952 26.74999984 26 P 0 0 ;0=26,1=0,2
P 45.32499952 27.25000138 26 P 0 0 ;0=26,1=0,2
P 45.32499952 27.75000038 26 P 0 0 ;0=26,1=0,2
P 45.32499952 28.24999938 26 P 0 0 ;0=26,1=0,2
P 45.32499952 28.75000092 26 P 0 0 ;0=26,1=0,2
P 47.24999948 13.9999974 4 P 0 0 ;0=4,1=0,2
P 47.24999948 15.49999948 4 P 0 0 ;0=4,1=0,2
P 47.49999898 30.14999812 14 P 0 0 ;0=14,1=0,2
P 47.49999898 31.34999826 14 P 0 0 ;0=14,1=0,2
P 48.74999902 23.89999792 11 P 0 0 ;0=11,1=0,2
P 48.74999902 25.5999996 11 P 0 0 ;0=11,1=0,2
P 48.92000122 3.75000012 37 P 0 0 ;0=32,1=0
P 49.25000056 30.24999792 4 P 0 0 ;0=4,1=0,2
P 49.25000056 31.75 4 P 0 0 ;0=4,1=0,2
P 49.99999906 20.89999884 11 P 0 0 ;0=11,1=0,2
P 49.99999906 22.60000052 11 P 0 0 ;0=11,1=0,2
P 51.46000122 3.75000012 37 P 0 0 ;0=32,1=0
P 53.23000022 8.84499882 22 P 0 0 ;0=22,1=0,2
P 53.23000022 12.65499882 22 P 0 0 ;0=22,1=0,2
P 53.39999988 15.24999998 4 P 0 0 ;0=4,1=0,2
P 53.74999918 27.39999854 11 P 0 0 ;0=11,1=0,2
P 53.74999918 29.10000022 11 P 0 0 ;0=11,1=0,2
P 54.00000122 3.75000012 38 P 0 0 ;0=32,1=0
P 54.00000122 36.25000116 10 P 0 0 ;0=10,1=0,2,3
P 54.00000122 39.49999974 10 P 0 0 ;0=10,1=0,2,3
P 54.00000122 42.49999882 10 P 0 0 ;0=10,1=0,2,3
P 54.00000122 45.99999944 43 P 0 0 ;0=37,1=0
P 55.10000156 15.24999998 4 P 0 0 ;0=4,1=0,2
P 55.77000022 8.84499882 22 P 0 0 ;0=22,1=0,2
P 55.77000022 12.65499882 22 P 0 0 ;0=22,1=0,2
P 59.25000088 0.83000088 24 P 0 0 ;0=24,1=0,2
P 59.25000088 2.10000088 24 P 0 0 ;0=24,1=0,2
P 59.25000088 3.37000088 24 P 0 0 ;0=24,1=0,2
P 59.25000088 4.64000088 24 P 0 0 ;0=24,1=0,2
P 59.25000088 5.91000088 24 P 0 0 ;0=24,1=0,2
P 59.25000088 7.18000088 24 P 0 0 ;0=24,1=0,2
P 59.25000088 8.45000088 24 P 0 0 ;0=24,1=0,2
P 59.25000088 9.72000088 24 P 0 0 ;0=24,1=0,2
P 59.25000088 10.99000088 24 P 0 0 ;0=24,1=0,2
P 59.25000088 12.26000088 24 P 0 0 ;0=24,1=0,2
P 59.25000088 13.53000088 24 P 0 0 ;0=24,1=0,2
P 59.25000088 14.80000088 24 P 0 0 ;0=24,1=0,2
P 59.25000088 16.07000088 24 P 0 0 ;0=24,1=0,2
P 59.25000088 17.34000088 24 P 0 0 ;0=24,1=0,2
P 61.01500116 18.59000092 29 P 0 0 ;0=29,1=0,2
P 62.28500116 18.59000092 29 P 0 0 ;0=29,1=0,2
P 63.55500116 18.59000092 29 P 0 0 ;0=29,1=0,2
P 64.45000064 38.55000164 8 P 0 0 ;0=8,1=0,2
P 64.45000064 39.74999924 8 P 0 0 ;0=8,1=0,2
P 64.82500116 18.59000092 29 P 0 0 ;0=29,1=0,2
P 65.19658792 43.24999986 7 P 0 0 ;0=7,1=0,2
P 65.19999914 45.35000074 4 P 0 0 ;0=4,1=0,2
P 65.25000158 34.623756 1 P 0 0 ;0=1,1=0,2
P 65.25000158 36.27624444 1 P 0 0 ;0=1,1=0,2
P 66.09500116 18.59000092 29 P 0 0 ;0=29,1=0,2
P 66.90000082 45.35000074 4 P 0 0 ;0=4,1=0,2
P 66.95000072 43.24999986 7 P 0 0 ;0=7,1=0,2
P 67.30000002 37.5000012 2 P 0 0 ;0=2,1=0,2
P 67.30000002 38.0000002 2 P 0 0 ;0=2,1=0,2
P 67.30000002 38.50000174 2 P 0 0 ;0=2,1=0,2
P 67.30000002 39.00000074 2 P 0 0 ;0=2,1=0,2
P 67.30000002 39.50000228 2 P 0 0 ;0=2,1=0,2
P 67.30000002 40.00000128 2 P 0 0 ;0=2,1=0,2
P 67.36500116 18.59000092 29 P 0 0 ;0=29,1=0,2
P 68.10000096 7.15000094 25 P 0 0 ;0=25,1=0,2
P 68.10000096 7.84999954 39 P 0 0 ;0=33,1=0
P 68.10000096 8.55000068 25 P 0 0 ;0=25,1=0,2
P 68.10000096 9.24999928 39 P 0 0 ;0=33,1=0
P 68.10000096 9.95000042 25 P 0 0 ;0=25,1=0,2
P 68.20000076 35.15000082 4 P 0 0 ;0=4,1=0,2
P 68.25000066 38.75000124 3 P 0 0 ;0=3,1=0,2
P 68.5206148 32.95000014 5 P 0 0 ;0=5,1=0,2
P 68.63500116 18.59000092 29 P 0 0 ;0=29,1=0,2
P 68.8000021 7.15000094 39 P 0 0 ;0=33,1=0
P 68.8000021 8.55000068 39 P 0 0 ;0=33,1=0
P 68.8000021 9.95000042 39 P 0 0 ;0=33,1=0
P 69.2000013 37.5000012 2 P 0 0 ;0=2,1=0,2
P 69.2000013 38.0000002 2 P 0 0 ;0=2,1=0,2
P 69.2000013 38.50000174 2 P 0 0 ;0=2,1=0,2
P 69.2000013 39.00000074 2 P 0 0 ;0=2,1=0,2
P 69.2000013 39.50000228 2 P 0 0 ;0=2,1=0,2
P 69.2000013 40.00000128 2 P 0 0 ;0=2,1=0,2
P 69.350001 43.24999986 9 P 0 0 ;0=9,1=0,2
P 69.5000007 7.15000094 25 P 0 0 ;0=25,1=0,2
P 69.5000007 7.84999954 39 P 0 0 ;0=33,1=0
P 69.5000007 8.55000068 25 P 0 0 ;0=25,1=0,2
P 69.5000007 9.24999928 39 P 0 0 ;0=33,1=0
P 69.5000007 9.95000042 25 P 0 0 ;0=25,1=0,2
P 69.90000244 35.15000082 4 P 0 0 ;0=4,1=0,2
P 69.90500116 18.59000092 29 P 0 0 ;0=29,1=0,2
P 69.9793876 32.95000014 5 P 0 0 ;0=5,1=0,2
P 70.20000184 7.15000094 39 P 0 0 ;0=33,1=0
P 70.20000184 8.55000068 39 P 0 0 ;0=33,1=0
P 70.20000184 9.95000042 39 P 0 0 ;0=33,1=0
P 70.90000044 7.15000094 25 P 0 0 ;0=25,1=0,2
P 70.90000044 7.84999954 39 P 0 0 ;0=33,1=0
P 70.90000044 8.55000068 25 P 0 0 ;0=25,1=0,2
P 70.90000044 9.24999928 39 P 0 0 ;0=33,1=0
P 70.90000044 9.95000042 25 P 0 0 ;0=25,1=0,2
P 71.00248944 43.24999986 9 P 0 0 ;0=9,1=0,2
P 71.17500116 18.59000092 29 P 0 0 ;0=29,1=0,2
P 72.25000028 37.82463606 6 P 0 0 ;0=6,1=0,2
P 72.25000028 39.67536642 6 P 0 0 ;0=6,1=0,2
P 72.44500116 18.59000092 29 P 0 0 ;0=29,1=0,2
P 73.71500116 18.59000092 29 P 0 0 ;0=29,1=0,2
P 74.98500116 18.59000092 29 P 0 0 ;0=29,1=0,2
P 75.2500019 39.7246348 6 P 0 0 ;0=6,1=0,2
P 75.2500019 41.57536516 6 P 0 0 ;0=6,1=0,2
P 75.49999886 23.50000126 10 P 0 0 ;0=10,1=0,2,3
P 75.49999886 26.25000084 10 P 0 0 ;0=10,1=0,2,3
P 76.75000144 0.83000088 24 P 0 0 ;0=24,1=0,2
P 76.75000144 2.10000088 24 P 0 0 ;0=24,1=0,2
P 76.75000144 3.37000088 24 P 0 0 ;0=24,1=0,2
P 76.75000144 4.64000088 24 P 0 0 ;0=24,1=0,2
P 76.75000144 5.91000088 24 P 0 0 ;0=24,1=0,2
P 76.75000144 7.18000088 24 P 0 0 ;0=24,1=0,2
P 76.75000144 8.45000088 24 P 0 0 ;0=24,1=0,2
P 76.75000144 9.72000088 24 P 0 0 ;0=24,1=0,2
P 76.75000144 10.99000088 24 P 0 0 ;0=24,1=0,2
P 76.75000144 12.26000088 24 P 0 0 ;0=24,1=0,2
P 76.75000144 13.53000088 24 P 0 0 ;0=24,1=0,2
P 76.75000144 14.80000088 24 P 0 0 ;0=24,1=0,2
P 76.75000144 16.07000088 24 P 0 0 ;0=24,1=0,2
P 76.75000144 17.34000088 24 P 0 0 ;0=24,1=0,2
P 79.50000102 1.29999994 23 P 0 0 ;0=23,1=0,2
P 79.50000102 2.70000222 23 P 0 0 ;0=23,1=0,2
P 80.22999956 8.84499882 22 P 0 0 ;0=22,1=0,2
P 80.22999956 12.65499882 22 P 0 0 ;0=22,1=0,2
P 80.50000156 27.99999988 18 P 0 0 ;0=18,1=0,2
P 80.50000156 30.00000096 18 P 0 0 ;0=18,1=0,2
P 80.69999862 37.34999896 18 P 0 0 ;0=18,1=0,2
P 80.69999862 39.35000004 18 P 0 0 ;0=18,1=0,2
P 81.74999906 1.25000004 18 P 0 0 ;0=18,1=0,2
P 81.74999906 3.25000112 18 P 0 0 ;0=18,1=0,2
P 82.5000001 28.10000222 17 P 0 0 ;0=17,1=0,2
P 82.5000001 30.00000096 17 P 0 0 ;0=17,1=0,2
P 82.6999997 37.39999886 17 P 0 0 ;0=17,1=0,2
P 82.6999997 39.30000014 17 P 0 0 ;0=17,1=0,2
P 82.76999956 8.84499882 22 P 0 0 ;0=22,1=0,2
P 82.76999956 12.65499882 22 P 0 0 ;0=22,1=0,2
P 83.99999964 4.75000066 11 P 0 0 ;0=11,1=0,2
P 83.99999964 6.7499992 4 P 0 0 ;0=4,1=0,2
P 85.09999998 28.10000222 17 P 0 0 ;0=17,1=0,2
P 85.09999998 29.05000032 17 P 0 0 ;0=17,1=0,2
P 85.09999998 30.00000096 17 P 0 0 ;0=17,1=0,2
P 85.29999958 37.39999886 17 P 0 0 ;0=17,1=0,2
P 85.29999958 38.3499995 17 P 0 0 ;0=17,1=0,2
P 85.29999958 39.30000014 17 P 0 0 ;0=17,1=0,2
P 85.50000172 4.75000066 11 P 0 0 ;0=11,1=0,2
P 85.70000132 6.7499992 4 P 0 0 ;0=4,1=0,2
P 87.74999976 28.04999978 18 P 0 0 ;0=18,1=0,2
P 87.74999976 30.05000086 18 P 0 0 ;0=18,1=0,2
P 87.89999946 12.2500009 4 P 0 0 ;0=4,1=0,2
P 87.89999946 15.49999948 4 P 0 0 ;0=4,1=0,2
P 87.94999936 37.29999906 4 P 0 0 ;0=4,1=0,2
P 87.94999936 38.80000114 4 P 0 0 ;0=4,1=0,2
P 88.39926948 21.99999918 19 P 0 0 ;0=19,1=0,2
P 88.58999808 19.4999991 21 P 0 0 ;0=21,1=0,2
P 89.60000114 12.2500009 4 P 0 0 ;0=4,1=0,2
P 89.60000114 15.49999948 4 P 0 0 ;0=4,1=0,2
P 89.91000052 19.4999991 21 P 0 0 ;0=21,1=0,2
P 90.24999984 21.99999918 19 P 0 0 ;0=19,1=0,2
P 92.4249993 10.22999986 20 P 0 0 ;0=20,1=0,2
P 92.4249993 11.0300008 20 P 0 0 ;0=20,1=0,2
P 92.4249993 11.68000204 28 P 0 0 ;0=28,1=0,2
P 92.4249993 12.18000104 28 P 0 0 ;0=28,1=0,2
P 92.4249993 12.68000004 28 P 0 0 ;0=28,1=0,2
P 92.4249993 13.18000158 28 P 0 0 ;0=28,1=0,2
P 92.4249993 13.68000058 28 P 0 0 ;0=28,1=0,2
P 92.4249993 14.18000212 28 P 0 0 ;0=28,1=0,2
P 92.4249993 14.68000112 28 P 0 0 ;0=28,1=0,2
P 92.4249993 15.18000012 28 P 0 0 ;0=28,1=0,2
P 92.4249993 15.83000136 20 P 0 0 ;0=20,1=0,2
P 92.4249993 16.6300023 20 P 0 0 ;0=20,1=0,2
P 92.99999942 9.1100021 42 P 0 0 ;0=36,1=0
P 92.99999942 17.75000006 42 P 0 0 ;0=36,1=0
P 93.04999678 37.24999916 40 P 0 0 ;0=34,1=0
P 93.04999678 39.25000024 45 P 0 0 ;0=34,1=0
P 95.0000005 5.00000016 47 P 0 0 ;0=39,1=0
P 95.0000005 44.9999989 47 P 0 0 ;0=39,1=0
P 95.25 21.99999918 44 P 0 0 ;0=38,1=0
P 95.25 26.69999994 44 P 0 0 ;0=38,1=0
P 95.25 31.4000007 46 P 0 0 ;0=38,1=0
P 96.99999904 9.1100021 41 P 0 0 ;0=35,1=0
P 96.99999904 17.75000006 41 P 0 0 ;0=35,1=0
S P 0
OB 11.77374836 14.55133742 I
OS 11.7791357 14.51541674
OS 11.78811714 14.47949606
OS 11.80069014 14.44357538
OS 11.8168547 14.4076547
OS 11.83661082 14.37173402
OS 11.8599585 14.3358108
OS 11.88690028 14.29989012
OS 11.91743362 14.26396944
OS 11.95155852 14.22804876
OS 11.77195258 14.04844282
OS 11.7360319 14.08256772
OS 11.70011122 14.11310106
OS 11.66419054 14.14004284
OS 11.62826732 14.16339052
OS 11.59234664 14.18314664
OS 11.55642596 14.1993112
OS 11.52050528 14.2118842
OS 11.4845846 14.22086564
OS 11.44866392 14.22625298
OS 11.41274324 14.22804876
OS 11.77195258 14.5872581
OS 11.77374836 14.55133742
OE
OB 19.26226018 14.15304764 I
OS 19.2263395 14.15125186
OS 19.19041882 14.14586452
OS 19.15449814 14.13688308
OS 19.11857746 14.12431008
OS 19.08265678 14.10814552
OS 19.0467361 14.0883894
OS 19.01081288 14.06504172
OS 18.9748922 14.03809994
OS 18.93897152 14.0075666
OS 18.90305084 13.9734417
OS 18.7234449 14.15304764
OS 18.7575698 14.18896832
OS 18.78810314 14.224889
OS 18.81504492 14.26080968
OS 18.8383926 14.2967329
OS 18.85814872 14.33265358
OS 18.87431328 14.36857426
OS 18.88688628 14.40449494
OS 18.89586772 14.44041562
OS 18.90125506 14.4763363
OS 18.90305084 14.51225698
OS 19.26226018 14.15304764
OE
OB 22.1148021 11.96857906 I
OS 22.11805076 11.92858422
OS 22.1234635 11.893296
OS 22.13104032 11.8627144
OS 22.14078376 11.83683434
OS 22.15269382 11.8156609
OS 22.16676542 11.79919408
OS 22.18300364 11.78743134
OS 22.20140848 11.78037268
OS 22.2219774 11.77802064
OS 21.75146272 11.77802064
OS 21.77203164 11.78037268
OS 21.79043648 11.78743134
OS 21.8066747 11.79919408
OS 21.8207463 11.8156609
OS 21.83265636 11.83683434
OS 21.8423998 11.8627144
OS 21.84997662 11.893296
OS 21.85538936 11.92858422
OS 21.85863802 11.96857906
OS 21.85972006 12.01327798
OS 22.11372006 12.01327798
OS 22.1148021 11.96857906
OE
SE
S P 0
OB 11.77374836 6.55133818 I
OS 11.7791357 6.5154175
OS 11.78811714 6.47949682
OS 11.80069014 6.44357614
OS 11.8168547 6.40765546
OS 11.83661082 6.37173478
OS 11.8599585 6.33581156
OS 11.88690028 6.29989088
OS 11.91743362 6.2639702
OS 11.95155852 6.22804952
OS 11.77195258 6.04844358
OS 11.7360319 6.08256848
OS 11.70011122 6.11310182
OS 11.66419054 6.1400436
OS 11.62826732 6.16339128
OS 11.59234664 6.1831474
OS 11.55642596 6.19931196
OS 11.52050528 6.21188496
OS 11.4845846 6.2208664
OS 11.44866392 6.22625374
OS 11.41274324 6.22804952
OS 11.77195258 6.58725886
OS 11.77374836 6.55133818
OE
OB 21.50790212 4.42350144 I
OS 21.5438228 4.3929681
OS 21.57974348 4.36602632
OS 21.6156667 4.34267864
OS 21.65158738 4.32292252
OS 21.68750806 4.30675796
OS 21.72342874 4.29418496
OS 21.75934942 4.28520352
OS 21.7952701 4.27981618
OS 21.83119078 4.2780204
OS 21.47119658 3.91959592
OS 21.4694008 3.9555166
OS 21.46401346 3.99143728
OS 21.45503202 4.02735796
OS 21.44245902 4.06327864
OS 21.42629446 4.09919932
OS 21.40653834 4.13512
OS 21.38319066 4.17104322
OS 21.35624888 4.2069639
OS 21.32571554 4.24288458
OS 21.29159064 4.27880526
OS 21.47198144 4.45762634
OS 21.50790212 4.42350144
OE
SE
S P 0
OB 11.77430462 10.78248034 I
OS 11.78136328 10.7640755
OS 11.79312602 10.74783728
OS 11.80959284 10.73376568
OS 11.83076628 10.72185562
OS 11.85664634 10.71211218
OS 11.88722794 10.70453536
OS 11.92251616 10.69912262
OS 11.962511 10.69587396
OS 12.00720992 10.69479192
OS 12.00720992 10.44079192
OS 11.962511 10.43970988
OS 11.92251616 10.43646122
OS 11.88722794 10.43104848
OS 11.85664634 10.42347166
OS 11.83076628 10.41372822
OS 11.80959284 10.40181816
OS 11.79312602 10.38774656
OS 11.78136328 10.37150834
OS 11.77430462 10.3531035
OS 11.77195258 10.33253458
OS 11.77195258 10.80304926
OS 11.77430462 10.78248034
OE
OB 21.50711726 6.92350152 I
OS 21.54303794 6.89296818
OS 21.57895862 6.8660264
OS 21.61488184 6.84267872
OS 21.65080252 6.8229226
OS 21.6867232 6.80675804
OS 21.72264388 6.79418504
OS 21.75856456 6.7852036
OS 21.79448524 6.77981626
OS 21.83040592 6.77802048
OS 21.47041172 6.419596
OS 21.46861594 6.45551668
OS 21.4632286 6.49143736
OS 21.45424716 6.52735804
OS 21.44167416 6.56327872
OS 21.4255096 6.5991994
OS 21.40575348 6.63512008
OS 21.3824058 6.6710433
OS 21.35546402 6.70696398
OS 21.32493068 6.74288466
OS 21.29080578 6.77880534
OS 21.47119658 6.95762642
OS 21.50711726 6.92350152
OE
SE
S P 0
OB 11.77430462 18.70748862 I
OS 11.78136328 18.68908378
OS 11.79312602 18.67284556
OS 11.80959284 18.65877396
OS 11.83076628 18.6468639
OS 11.85664634 18.63712046
OS 11.88722794 18.62954364
OS 11.92251616 18.6241309
OS 11.962511 18.62088224
OS 12.00720992 18.6198002
OS 12.00720992 18.3658002
OS 11.962511 18.36471816
OS 11.92251616 18.3614695
OS 11.88722794 18.35605676
OS 11.85664634 18.34847994
OS 11.83076628 18.3387365
OS 11.80959284 18.32682644
OS 11.79312602 18.31275484
OS 11.78136328 18.29651662
OS 11.77430462 18.27811178
OS 11.77195258 18.25754286
OS 11.77195258 18.72805754
OS 11.77430462 18.70748862
OE
OB 21.47119658 15.99600306 I
OS 21.46865658 16.02013306
OS 21.46103658 16.04172306
OS 21.44833658 16.06077306
OS 21.43055658 16.07728306
OS 21.40769658 16.09125306
OS 21.37975658 16.10268306
OS 21.34673658 16.11157306
OS 21.30863658 16.11792306
OS 21.26545658 16.12173306
OS 21.21719658 16.12300306
OS 21.21719658 16.37700306
OS 21.26545658 16.37827306
OS 21.30863658 16.38208306
OS 21.34673658 16.38843306
OS 21.37975658 16.39732306
OS 21.40769658 16.40875306
OS 21.43055658 16.42272306
OS 21.44833658 16.43923306
OS 21.46103658 16.45828306
OS 21.46865658 16.47987306
OS 21.47119658 16.50400306
OS 21.47119658 15.99600306
OE
SE
S P 0
OB 11.77449258 22.58187 I
OS 11.78211258 22.56028
OS 11.79481258 22.54123
OS 11.81259258 22.52472
OS 11.83545258 22.51075
OS 11.86339258 22.49932
OS 11.89641258 22.49043
OS 11.93451258 22.48408
OS 11.97769258 22.48027
OS 12.02595258 22.479
OS 12.02595258 22.225
OS 11.77195258 22.228048
OS 11.77195258 22.606
OS 11.77449258 22.58187
OE
OB 22.1148021 21.96857938 I
OS 22.11805076 21.92858454
OS 22.1234635 21.89329632
OS 22.13104032 21.86271472
OS 22.14078376 21.83683466
OS 22.15269382 21.81566122
OS 22.16676542 21.7991944
OS 22.18300364 21.78743166
OS 22.20140848 21.780373
OS 22.2219774 21.77802096
OS 21.75146272 21.77802096
OS 21.77203164 21.780373
OS 21.79043648 21.78743166
OS 21.8066747 21.7991944
OS 21.8207463 21.81566122
OS 21.83265636 21.83683466
OS 21.8423998 21.86271472
OS 21.84997662 21.89329632
OS 21.85538936 21.92858454
OS 21.85863802 21.96857938
OS 21.85972006 22.0132783
OS 22.11372006 22.0132783
OS 22.1148021 21.96857938
OE
SE
S P 0
OB 11.77449258 26.58186962 I
OS 11.78211258 26.56027962
OS 11.79481258 26.54122962
OS 11.81259258 26.52471962
OS 11.83545258 26.51074962
OS 11.86339258 26.49931962
OS 11.89641258 26.49042962
OS 11.93451258 26.48407962
OS 11.97769258 26.48026962
OS 12.02595258 26.47899962
OS 12.02595258 26.22499962
OS 11.77195258 26.22804762
OS 11.77195258 26.60599962
OS 11.77449258 26.58186962
OE
OB 21.47119658 25.82300144 I
OS 21.46865658 25.84713144
OS 21.46103658 25.86872144
OS 21.44833658 25.88777144
OS 21.43055658 25.90428144
OS 21.40769658 25.91825144
OS 21.37975658 25.92968144
OS 21.34673658 25.93857144
OS 21.30863658 25.94492144
OS 21.26545658 25.94873144
OS 21.21719658 25.95000144
OS 21.21719658 26.20400144
OS 21.26545658 26.20527144
OS 21.30863658 26.20908144
OS 21.34673658 26.21543144
OS 21.37975658 26.22432144
OS 21.40769658 26.23575144
OS 21.43055658 26.24972144
OS 21.44833658 26.26623144
OS 21.46103658 26.28528144
OS 21.46865658 26.30687144
OS 21.47119658 26.33100144
OS 21.47119658 25.82300144
OE
SE
S P 0
OB 13.81455962 10.27178032 I
OS 13.7835894 10.250805
OS 13.75626408 10.22641338
OS 13.73258112 10.19860546
OS 13.71254306 10.1673787
OS 13.69614736 10.13273564
OS 13.68339656 10.09467628
OS 13.67428812 10.05320062
OS 13.66882204 10.00830866
OS 13.66700086 9.95999786
OS 13.41300086 9.95999786
OS 13.41117968 10.00830866
OS 13.4057136 10.05320062
OS 13.39660516 10.09467628
OS 13.38385436 10.13273564
OS 13.36745866 10.1673787
OS 13.3474206 10.19860546
OS 13.32373764 10.22641338
OS 13.29641232 10.250805
OS 13.2654421 10.27178032
OS 13.23082952 10.28933934
OS 13.8491722 10.28933934
OS 13.81455962 10.27178032
OE
OB 21.47119658 8.49600282 I
OS 21.46865658 8.52013282
OS 21.46103658 8.54172282
OS 21.44833658 8.56077282
OS 21.43055658 8.57728282
OS 21.40769658 8.59125282
OS 21.37975658 8.60268282
OS 21.34673658 8.61157282
OS 21.30863658 8.61792282
OS 21.26545658 8.62173282
OS 21.21719658 8.62300282
OS 21.21719658 8.87700282
OS 21.26545658 8.87827282
OS 21.30863658 8.88208282
OS 21.34673658 8.88843282
OS 21.37975658 8.89732282
OS 21.40769658 8.90875282
OS 21.43055658 8.92272282
OS 21.44833658 8.93923282
OS 21.46103658 8.95828282
OS 21.46865658 8.97987282
OS 21.47119658 9.00400282
OS 21.47119658 8.49600282
OE
OB 16.70305016 6.79694856 I
OS 16.70136614 6.8048251
OS 16.69631154 6.8118736
OS 16.6878889 6.81809152
OS 16.67609568 6.8234814
OS 16.66093696 6.82804324
OS 16.64240512 6.83177196
OS 16.62050524 6.83467518
OS 16.56659882 6.83799242
OS 16.53459228 6.83840644
OS 16.53459228 7.09240644
OS 16.70305016 7.09695304
OS 16.70305016 6.79694856
OE
SE
S P 0
OB 14.3157575 14.87981022 I
OS 14.32910012 14.67843394
OS 14.34164772 14.58949584
OS 14.35811454 14.50839364
OS 14.37849804 14.4351248
OS 14.40279822 14.36969186
OS 14.43101762 14.31209482
OS 14.4631537 14.2623286
OS 14.49920646 14.22039828
OS 14.31960306 14.04079488
OS 14.27767274 14.07684764
OS 14.22790652 14.10898372
OS 14.17030948 14.13720312
OS 14.10487654 14.1615033
OS 14.0316077 14.1818868
OS 13.9505055 14.19835362
OS 13.8615674 14.21090122
OS 13.66019112 14.22424384
OS 13.5477504 14.22503886
OS 14.31496248 14.99225094
OS 14.3157575 14.87981022
OE
OB 21.50711726 14.42350176 I
OS 21.54303794 14.39296842
OS 21.57895862 14.36602664
OS 21.61488184 14.34267896
OS 21.65080252 14.32292284
OS 21.6867232 14.30675828
OS 21.72264388 14.29418528
OS 21.75856456 14.28520384
OS 21.79448524 14.2798165
OS 21.83040592 14.27802072
OS 21.47119658 13.91881138
OS 21.4694008 13.95473206
OS 21.46401346 13.99065274
OS 21.45503202 14.02657342
OS 21.44245902 14.0624941
OS 21.42629446 14.09841478
OS 21.40653834 14.13433546
OS 21.38319066 14.17025868
OS 21.35624888 14.20617936
OS 21.32571554 14.24210004
OS 21.29159064 14.27802072
OS 21.47119658 14.45762666
OS 21.50711726 14.42350176
OE
SE
S P 0
OB 19.79863706 43.19517142 I
OS 19.80369166 43.18812292
OS 19.8121143 43.181905
OS 19.82390752 43.17651512
OS 19.83906624 43.17195328
OS 19.85759808 43.16822456
OS 19.87949796 43.16532134
OS 19.93340438 43.1620041
OS 19.96541092 43.16159008
OS 19.96541092 42.90759008
OS 19.79695304 42.90304602
OS 19.79695304 43.20304796
OS 19.79863706 43.19517142
OE
SE
S P 0
OB 19.79874882 34.47633694 I
OS 19.80413616 34.44041626
OS 19.8131176 34.40449558
OS 19.8256906 34.3685749
OS 19.84185516 34.33265422
OS 19.86161128 34.29673354
OS 19.88495896 34.26081032
OS 19.91190074 34.22488964
OS 19.94243408 34.18896896
OS 19.97655898 34.15304828
OS 19.79695304 33.97344234
OS 19.76103236 34.00756724
OS 19.72511168 34.03810058
OS 19.689191 34.06504236
OS 19.65326778 34.08839004
OS 19.6173471 34.10814616
OS 19.58142642 34.12431072
OS 19.54550574 34.13688372
OS 19.50958506 34.14586516
OS 19.47366438 34.1512525
OS 19.4377437 34.15304828
OS 19.79695304 34.51225762
OS 19.79874882 34.47633694
OE
OB 21.87826968 31.98375874 I
OS 21.88207968 31.94057874
OS 21.88842968 31.90247874
OS 21.89731968 31.86945874
OS 21.90874968 31.84151874
OS 21.92271968 31.81865874
OS 21.93922968 31.80087874
OS 21.95827968 31.78817874
OS 21.97986968 31.78055874
OS 22.00399968 31.77801874
OS 21.49599968 31.77801874
OS 21.52012968 31.78055874
OS 21.54171968 31.78817874
OS 21.56076968 31.80087874
OS 21.57727968 31.81865874
OS 21.59124968 31.84151874
OS 21.60267968 31.86945874
OS 21.61156968 31.90247874
OS 21.61791968 31.94057874
OS 21.62172968 31.98375874
OS 21.62299968 32.03201874
OS 21.87699968 32.03201874
OS 21.87826968 31.98375874
OE
OB 11.77430462 30.70747732 I
OS 11.78136328 30.68907248
OS 11.79312602 30.67283426
OS 11.80959284 30.65876266
OS 11.83076628 30.6468526
OS 11.85664634 30.63710916
OS 11.88722794 30.62953234
OS 11.92251616 30.6241196
OS 11.962511 30.62087094
OS 12.00720992 30.6197889
OS 12.00720992 30.3657889
OS 11.962511 30.36470686
OS 11.92251616 30.3614582
OS 11.88722794 30.35604546
OS 11.85664634 30.34846864
OS 11.83076628 30.3387252
OS 11.80959284 30.32681514
OS 11.79312602 30.31274354
OS 11.78136328 30.29650532
OS 11.77430462 30.27810048
OS 11.77195258 30.25753156
OS 11.77195258 30.72804624
OS 11.77430462 30.70747732
OE
SE
S P 0
OB 21.47119404 45.99600148 I
OS 21.46865404 46.02013148
OS 21.46103404 46.04172148
OS 21.44833404 46.06077148
OS 21.43055404 46.07728148
OS 21.40769404 46.09125148
OS 21.37975404 46.10268148
OS 21.34673404 46.11157148
OS 21.30863404 46.11792148
OS 21.26545404 46.12173148
OS 21.21719404 46.12300148
OS 21.21719404 46.37700148
OS 21.26545404 46.37827148
OS 21.30863404 46.38208148
OS 21.34673404 46.38843148
OS 21.37975404 46.39732148
OS 21.40769404 46.40875148
OS 21.43055404 46.42272148
OS 21.44833404 46.43923148
OS 21.46103404 46.45828148
OS 21.46865404 46.47987148
OS 21.47119404 46.50400148
OS 21.47119404 45.99600148
OE
OB 11.95155852 43.77195208 I
OS 11.91743362 43.7360314
OS 11.88690028 43.70011072
OS 11.8599585 43.66419004
OS 11.83661082 43.62826682
OS 11.8168547 43.59234614
OS 11.80069014 43.55642546
OS 11.78811714 43.52050478
OS 11.7791357 43.4845841
OS 11.77374836 43.44866342
OS 11.77195258 43.41274274
OS 11.41274324 43.77195208
OS 11.44866392 43.77374786
OS 11.4845846 43.7791352
OS 11.52050528 43.78811664
OS 11.55642596 43.80068964
OS 11.59234664 43.8168542
OS 11.62826732 43.83661032
OS 11.66419054 43.859958
OS 11.70011122 43.88689978
OS 11.7360319 43.91743312
OS 11.77195258 43.95155802
OS 11.95155852 43.77195208
OE
SE
S P 0
OB 21.47119658 18.49600314 I
OS 21.46865658 18.52013314
OS 21.46103658 18.54172314
OS 21.44833658 18.56077314
OS 21.43055658 18.57728314
OS 21.40769658 18.59125314
OS 21.37975658 18.60268314
OS 21.34673658 18.61157314
OS 21.30863658 18.61792314
OS 21.26545658 18.62173314
OS 21.21719658 18.62300314
OS 21.21719658 18.87700314
OS 21.26545658 18.87827314
OS 21.30863658 18.88208314
OS 21.34673658 18.88843314
OS 21.37975658 18.89732314
OS 21.40769658 18.90875314
OS 21.43055658 18.92272314
OS 21.44833658 18.93923314
OS 21.46103658 18.95828314
OS 21.46865658 18.97987314
OS 21.47119658 19.00400314
OS 21.47119658 18.49600314
OE
OB 14.31679128 18.88643416 I
OS 14.33173664 18.6843797
OS 14.3448913 18.595213
OS 14.3618331 18.51395332
OS 14.38256204 18.44059812
OS 14.40707812 18.37515248
OS 14.43538134 18.31761132
OS 14.46747424 18.26797972
OS 14.50335428 18.2262526
OS 14.3254095 18.0449855
OS 14.28328106 18.08121098
OS 14.23339038 18.1133877
OS 14.17573746 18.14152074
OS 14.1103223 18.16560502
OS 14.0371449 18.18564308
OS 13.95620526 18.20163746
OS 13.86750084 18.21358308
OS 13.66681036 18.22533566
OS 13.55482176 18.22514262
OS 14.31500058 18.99932192
OS 14.31679128 18.88643416
OE
OB 17.7765583 15.84695332 I
OS 17.7424334 15.81103264
OS 17.71190006 15.77511196
OS 17.68495828 15.73919128
OS 17.6616106 15.70326806
OS 17.64185448 15.66734738
OS 17.62568992 15.6314267
OS 17.61311692 15.59550602
OS 17.60413548 15.55958534
OS 17.59874814 15.52366466
OS 17.59695236 15.48774398
OS 17.23774302 15.84695332
OS 17.2736637 15.8487491
OS 17.30958438 15.85413644
OS 17.34550506 15.86311788
OS 17.38142574 15.87569088
OS 17.41734642 15.89185544
OS 17.4532671 15.91161156
OS 17.48919032 15.93495924
OS 17.525111 15.96190102
OS 17.56103168 15.99243436
OS 17.59695236 16.02655926
OS 17.7765583 15.84695332
OE
OB 16.73897084 15.99243436 I
OS 16.77489152 15.96190102
OS 16.8108122 15.93495924
OS 16.84673542 15.91161156
OS 16.8826561 15.89185544
OS 16.91857678 15.87569088
OS 16.95449746 15.86311788
OS 16.99041814 15.85413644
OS 17.02633882 15.8487491
OS 17.0622595 15.84695332
OS 16.70305016 15.48774398
OS 16.70125438 15.52366466
OS 16.69586704 15.55958534
OS 16.6868856 15.59550602
OS 16.6743126 15.6314267
OS 16.65814804 15.66734738
OS 16.63839192 15.70326806
OS 16.61504424 15.73919128
OS 16.58810246 15.77511196
OS 16.55756912 15.81103264
OS 16.52344422 15.84695332
OS 16.70305016 16.02655926
OS 16.73897084 15.99243436
OE
SE
S P 0
OB 21.47119658 28.49600092 I
OS 21.46865658 28.52013092
OS 21.46103658 28.54172092
OS 21.44833658 28.56077092
OS 21.43055658 28.57728092
OS 21.40769658 28.59125092
OS 21.37975658 28.60268092
OS 21.34673658 28.61157092
OS 21.30863658 28.61792092
OS 21.26545658 28.62173092
OS 21.21719658 28.62300092
OS 21.21719658 28.87700092
OS 21.26545658 28.87827092
OS 21.30863658 28.88208092
OS 21.34673658 28.88843092
OS 21.37975658 28.89732092
OS 21.40769658 28.90875092
OS 21.43055658 28.92272092
OS 21.44833658 28.93923092
OS 21.46103658 28.95828092
OS 21.46865658 28.97987092
OS 21.47119658 29.00400092
OS 21.47119658 28.49600092
OE
OB 14.1735302 27.46355442 I
OS 14.32536124 27.33059304
OS 14.39712132 27.27657994
OS 14.4661128 27.23087518
OS 14.53233314 27.19347876
OS 14.59578488 27.16439322
OS 14.65646802 27.14361856
OS 14.71438002 27.13115478
OS 14.76952342 27.12699934
OS 14.76952342 26.87299934
OS 14.71438002 26.8688439
OS 14.65646802 26.85638012
OS 14.59578488 26.83560546
OS 14.53233314 26.80651992
OS 14.4661128 26.7691235
OS 14.39712132 26.72341874
OS 14.32536124 26.66940564
OS 14.1735302 26.53644426
OS 14.09346178 26.45749852
OS 14.09346178 27.54250016
OS 14.1735302 27.46355442
OE
OB 16.73897084 25.99243468 I
OS 16.77489152 25.96190134
OS 16.8108122 25.93495956
OS 16.84673542 25.91161188
OS 16.8826561 25.89185576
OS 16.91857678 25.8756912
OS 16.95449746 25.8631182
OS 16.99041814 25.85413676
OS 17.02633882 25.84874942
OS 17.0622595 25.84695364
OS 16.70305016 25.4877443
OS 16.70125438 25.52366498
OS 16.69586704 25.55958566
OS 16.6868856 25.59550634
OS 16.6743126 25.63142702
OS 16.65814804 25.6673477
OS 16.63839192 25.70326838
OS 16.61504424 25.7391916
OS 16.58810246 25.77511228
OS 16.55756912 25.81103296
OS 16.52344422 25.84695364
OS 16.70305016 26.02655958
OS 16.73897084 25.99243468
OE
SE
S P 0
OB 21.47119658 35.99600116 I
OS 21.46865658 36.02013116
OS 21.46103658 36.04172116
OS 21.44833658 36.06077116
OS 21.43055658 36.07728116
OS 21.40769658 36.09125116
OS 21.37975658 36.10268116
OS 21.34673658 36.11157116
OS 21.30863658 36.11792116
OS 21.26545658 36.12173116
OS 21.21719658 36.12300116
OS 21.21719658 36.37700116
OS 21.26545658 36.37827116
OS 21.30863658 36.38208116
OS 21.34673658 36.38843116
OS 21.37975658 36.39732116
OS 21.40769658 36.40875116
OS 21.43055658 36.42272116
OS 21.44833658 36.43923116
OS 21.46103658 36.45828116
OS 21.46865658 36.47987116
OS 21.47119658 36.50400116
OS 21.47119658 35.99600116
OE
OB 11.77374836 34.55133806 I
OS 11.7791357 34.51541738
OS 11.78811714 34.4794967
OS 11.80069014 34.44357602
OS 11.8168547 34.40765534
OS 11.83661082 34.37173466
OS 11.8599585 34.33581144
OS 11.88690028 34.29989076
OS 11.91743362 34.26397008
OS 11.95155852 34.2280494
OS 11.77195258 34.04844346
OS 11.7360319 34.08256836
OS 11.70011122 34.1131017
OS 11.66419054 34.14004348
OS 11.62826732 34.16339116
OS 11.59234664 34.18314728
OS 11.55642596 34.19931184
OS 11.52050528 34.21188484
OS 11.4845846 34.22086628
OS 11.44866392 34.22625362
OS 11.41274324 34.2280494
OS 11.77195258 34.58725874
OS 11.77374836 34.55133806
OE
SE
S P 0
OB 21.47119658 38.2219835 I
OS 21.21719658 38.2189355
OS 21.21719658 38.4729355
OS 21.26545658 38.4742055
OS 21.30863658 38.4780155
OS 21.34673658 38.4843655
OS 21.37975658 38.4932555
OS 21.40769658 38.5046855
OS 21.43055658 38.5186555
OS 21.44833658 38.5351655
OS 21.46103658 38.5542155
OS 21.46865658 38.5758055
OS 21.47119658 38.5999355
OS 21.47119658 38.2219835
OE
OB 17.7765583 35.84695396 I
OS 17.7424334 35.81103328
OS 17.71190006 35.7751126
OS 17.68495828 35.73919192
OS 17.6616106 35.7032687
OS 17.64185448 35.66734802
OS 17.62568992 35.63142734
OS 17.61311692 35.59550666
OS 17.60413548 35.55958598
OS 17.59874814 35.5236653
OS 17.59695236 35.48774462
OS 17.23774302 35.84695396
OS 17.2736637 35.84874974
OS 17.30958438 35.85413708
OS 17.34550506 35.86311852
OS 17.38142574 35.87569152
OS 17.41734642 35.89185608
OS 17.4532671 35.9116122
OS 17.48919032 35.93495988
OS 17.525111 35.96190166
OS 17.56103168 35.992435
OS 17.59695236 36.0265599
OS 17.7765583 35.84695396
OE
OB 14.1735302 35.4635562 I
OS 14.32536124 35.33059482
OS 14.39712132 35.27658172
OS 14.4661128 35.23087696
OS 14.53233314 35.19348054
OS 14.59578488 35.164395
OS 14.65646802 35.14362034
OS 14.71438002 35.13115656
OS 14.76952342 35.12700112
OS 14.76952342 34.87300112
OS 14.71438002 34.86884568
OS 14.65646802 34.8563819
OS 14.59578488 34.83560724
OS 14.53233314 34.8065217
OS 14.4661128 34.76912528
OS 14.39712132 34.72342052
OS 14.32536124 34.66940742
OS 14.1735302 34.53644604
OS 14.09346178 34.4575003
OS 14.09346178 35.54250194
OS 14.1735302 35.4635562
OE
SE
S P 0
OB 21.47119658 43.49599886 I
OS 21.46865658 43.52012886
OS 21.46103658 43.54171886
OS 21.44833658 43.56076886
OS 21.43055658 43.57727886
OS 21.40769658 43.59124886
OS 21.37975658 43.60267886
OS 21.34673658 43.61156886
OS 21.30863658 43.61791886
OS 21.26545658 43.62172886
OS 21.21719658 43.62299886
OS 21.21719658 43.87699886
OS 21.26545658 43.87826886
OS 21.30863658 43.88207886
OS 21.34673658 43.88842886
OS 21.37975658 43.89731886
OS 21.40769658 43.90874886
OS 21.43055658 43.92271886
OS 21.44833658 43.93922886
OS 21.46103658 43.95827886
OS 21.46865658 43.97986886
OS 21.47119658 44.00399886
OS 21.47119658 43.49599886
OE
OB 14.69153018 39.49089384 I
OS 14.66125846 39.45697468
OS 14.62781428 39.41257802
OS 14.5911951 39.3577064
OS 14.50843682 39.21653828
OS 14.36048944 38.92622136
OS 14.24598878 38.6803011
OS 13.88708678 39.69293306
OS 13.9713081 39.65417012
OS 14.05146288 39.62428956
OS 14.12755366 39.60329138
OS 14.19958044 39.59117304
OS 14.26754322 39.58793454
OS 14.331442 39.59357842
OS 14.39127424 39.60810468
OS 14.44704502 39.63151078
OS 14.4987518 39.66379926
OS 14.54639458 39.70496758
OS 14.69153018 39.49089384
OE
SE
S P 0
OB 21.50711726 24.42349954 I
OS 21.54303794 24.3929662
OS 21.57895862 24.36602442
OS 21.61488184 24.34267674
OS 21.65080252 24.32292062
OS 21.6867232 24.30675606
OS 21.72264388 24.29418306
OS 21.75856456 24.28520162
OS 21.79448524 24.27981428
OS 21.83040592 24.2780185
OS 21.47119658 23.91880916
OS 21.4694008 23.95472984
OS 21.46401346 23.99065052
OS 21.45503202 24.0265712
OS 21.44245902 24.06249188
OS 21.42629446 24.09841256
OS 21.40653834 24.13433324
OS 21.38319066 24.17025646
OS 21.35624888 24.20617714
OS 21.32571554 24.24209782
OS 21.29159064 24.2780185
OS 21.47119658 24.45762444
OS 21.50711726 24.42349954
OE
OB 14.1735302 23.4635548 I
OS 14.32536124 23.33059342
OS 14.39712132 23.27658032
OS 14.4661128 23.23087556
OS 14.53233314 23.19347914
OS 14.59578488 23.1643936
OS 14.65646802 23.14361894
OS 14.71438002 23.13115516
OS 14.76952342 23.12699972
OS 14.76952342 22.87299972
OS 14.71438002 22.86884428
OS 14.65646802 22.8563805
OS 14.59578488 22.83560584
OS 14.53233314 22.8065203
OS 14.4661128 22.76912388
OS 14.39712132 22.72341912
OS 14.32536124 22.66940602
OS 14.1735302 22.53644464
OS 14.09346178 22.4574989
OS 14.09346178 23.54250054
OS 14.1735302 23.4635548
OE
SE
S P 0
OB 21.50711726 34.42349986 I
OS 21.54303794 34.39296652
OS 21.57895862 34.36602474
OS 21.61488184 34.34267706
OS 21.65080252 34.32292094
OS 21.6867232 34.30675638
OS 21.72264388 34.29418338
OS 21.75856456 34.28520194
OS 21.79448524 34.2798146
OS 21.83040592 34.27801882
OS 21.47119658 33.91880948
OS 21.4694008 33.95473016
OS 21.46401346 33.99065084
OS 21.45503202 34.02657152
OS 21.44245902 34.0624922
OS 21.42629446 34.09841288
OS 21.40653834 34.13433356
OS 21.38319066 34.17025678
OS 21.35624888 34.20617746
OS 21.32571554 34.24209814
OS 21.29159064 34.27801882
OS 21.47119658 34.45762476
OS 21.50711726 34.42349986
OE
SE
S P 0
OB 23.88864158 30.71944326 I
OS 23.86705158 30.71182326
OS 23.84800158 30.69912326
OS 23.83149158 30.68134326
OS 23.81752158 30.65848326
OS 23.80609158 30.63054326
OS 23.79720158 30.59752326
OS 23.79085158 30.55942326
OS 23.78704158 30.51624326
OS 23.78577158 30.46798326
OS 23.53177158 30.46798326
OS 23.53050158 30.51624326
OS 23.52669158 30.55942326
OS 23.52034158 30.59752326
OS 23.51145158 30.63054326
OS 23.50002158 30.65848326
OS 23.48605158 30.68134326
OS 23.46954158 30.69912326
OS 23.45049158 30.71182326
OS 23.42890158 30.71944326
OS 23.40477158 30.72198326
OS 23.91277158 30.72198326
OS 23.88864158 30.71944326
OE
OB 26.04248284 28.13829272 I
OS 26.06474594 28.1195526
OS 26.08712334 28.10304514
OS 26.10961758 28.0887678
OS 26.13222612 28.07672312
OS 26.15494896 28.0669111
OS 26.17778864 28.05933174
OS 26.20074262 28.05398504
OS 26.22381344 28.05086846
OS 26.24699856 28.04998454
OS 25.95001668 27.75299758
OS 25.94913276 27.77618524
OS 25.94601618 27.79925352
OS 25.94066948 27.82221004
OS 25.93308758 27.84504972
OS 25.92327556 27.86777256
OS 25.91123088 27.8903811
OS 25.89695608 27.91287534
OS 25.88044608 27.93525274
OS 25.86170596 27.9575133
OS 25.84073318 27.97965956
OS 26.02033658 28.15926804
OS 26.04248284 28.13829272
OE
OB 26.55086892 27.72381298 I
OS 26.5539855 27.70074216
OS 26.5593322 27.67778818
OS 26.56691156 27.6549485
OS 26.57672358 27.63222566
OS 26.58876826 27.60961712
OS 26.6030456 27.58712288
OS 26.61955306 27.56474548
OS 26.63829318 27.54248238
OS 26.6592685 27.52033612
OS 26.47966002 27.34073272
OS 26.45751376 27.3617055
OS 26.4352532 27.38044562
OS 26.4128758 27.39695562
OS 26.39038156 27.41123042
OS 26.36777302 27.4232751
OS 26.34505018 27.43308712
OS 26.3222105 27.44066902
OS 26.29925398 27.44601572
OS 26.2761857 27.4491323
OS 26.25299804 27.45001622
OS 26.549985 27.7469981
OS 26.55086892 27.72381298
OE
SE
S P 0
OB 23.88864158 33.21944334 I
OS 23.86705158 33.21182334
OS 23.84800158 33.19912334
OS 23.83149158 33.18134334
OS 23.81752158 33.15848334
OS 23.80609158 33.13054334
OS 23.79720158 33.09752334
OS 23.79085158 33.05942334
OS 23.78704158 33.01624334
OS 23.78577158 32.96798334
OS 23.53177158 32.96798334
OS 23.53050158 33.01624334
OS 23.52669158 33.05942334
OS 23.52034158 33.09752334
OS 23.51145158 33.13054334
OS 23.50002158 33.15848334
OS 23.48605158 33.18134334
OS 23.46954158 33.19912334
OS 23.45049158 33.21182334
OS 23.42890158 33.21944334
OS 23.40477158 33.22198334
OS 23.91277158 33.22198334
OS 23.88864158 33.21944334
OE
OB 26.04248284 30.6382928 I
OS 26.06474594 30.61955268
OS 26.08712334 30.60304522
OS 26.10961758 30.58876788
OS 26.13222612 30.5767232
OS 26.15494896 30.56691118
OS 26.17778864 30.55933182
OS 26.20074262 30.55398512
OS 26.22381344 30.55086854
OS 26.24699856 30.54998462
OS 25.95001668 30.25299766
OS 25.94913276 30.27618532
OS 25.94601618 30.2992536
OS 25.94066948 30.32221012
OS 25.93308758 30.3450498
OS 25.92327556 30.36777264
OS 25.91123088 30.39038118
OS 25.89695608 30.41287542
OS 25.88044608 30.43525282
OS 25.86170596 30.45751338
OS 25.84073318 30.47965964
OS 26.02033658 30.65926812
OS 26.04248284 30.6382928
OE
OB 26.55086892 30.22381306 I
OS 26.5539855 30.20074224
OS 26.5593322 30.17778826
OS 26.56691156 30.15494858
OS 26.57672358 30.13222574
OS 26.58876826 30.1096172
OS 26.6030456 30.08712296
OS 26.61955306 30.06474556
OS 26.63829318 30.04248246
OS 26.6592685 30.0203362
OS 26.47966002 29.8407328
OS 26.45751376 29.86170558
OS 26.4352532 29.8804457
OS 26.4128758 29.8969557
OS 26.39038156 29.9112305
OS 26.36777302 29.92327518
OS 26.34505018 29.9330872
OS 26.3222105 29.9406691
OS 26.29925398 29.9460158
OS 26.2761857 29.94913238
OS 26.25299804 29.9500163
OS 26.549985 30.24699818
OS 26.55086892 30.22381306
OE
SE
S P 0
OB 23.88864158 35.71944342 I
OS 23.86705158 35.71182342
OS 23.84800158 35.69912342
OS 23.83149158 35.68134342
OS 23.81752158 35.65848342
OS 23.80609158 35.63054342
OS 23.79720158 35.59752342
OS 23.79085158 35.55942342
OS 23.78704158 35.51624342
OS 23.78577158 35.46798342
OS 23.53177158 35.46798342
OS 23.53050158 35.51624342
OS 23.52669158 35.55942342
OS 23.52034158 35.59752342
OS 23.51145158 35.63054342
OS 23.50002158 35.65848342
OS 23.48605158 35.68134342
OS 23.46954158 35.69912342
OS 23.45049158 35.71182342
OS 23.42890158 35.71944342
OS 23.40477158 35.72198342
OS 23.91277158 35.72198342
OS 23.88864158 35.71944342
OE
OB 26.04248538 33.13829542 I
OS 26.06474848 33.11955276
OS 26.08712588 33.1030453
OS 26.10961758 33.08876796
OS 26.13222612 33.07672328
OS 26.1549515 33.06691126
OS 26.17779118 33.0593319
OS 26.20074516 33.0539852
OS 26.22381598 33.05086862
OS 26.2470011 33.0499847
OS 25.95001668 32.75300028
OS 25.94913276 32.7761854
OS 25.94601618 32.79925622
OS 25.94066948 32.8222102
OS 25.93309012 32.84504988
OS 25.9232781 32.86777526
OS 25.91123342 32.8903838
OS 25.89695608 32.9128755
OS 25.88044862 32.9352529
OS 25.86170596 32.957516
OS 25.84073318 32.97966226
OS 26.02033912 33.1592682
OS 26.04248538 33.13829542
OE
OB 26.55086892 32.72381568 I
OS 26.5539855 32.70074486
OS 26.5593322 32.67779088
OS 26.56691156 32.6549512
OS 26.57672358 32.63222582
OS 26.58876826 32.60961728
OS 26.6030456 32.58712558
OS 26.61955306 32.56474818
OS 26.63829572 32.54248508
OS 26.6592685 32.52033882
OS 26.47966256 32.34073288
OS 26.4575163 32.36170566
OS 26.4352532 32.38044832
OS 26.4128758 32.39695578
OS 26.3903841 32.41123312
OS 26.36777556 32.4232778
OS 26.34505018 32.43308982
OS 26.3222105 32.44066918
OS 26.29925652 32.44601588
OS 26.2761857 32.44913246
OS 26.25300058 32.45001638
OS 26.549985 32.7470008
OS 26.55086892 32.72381568
OE
SE
S P 0
OB 24.18936996 43.54527232 I
OS 24.1947573 43.50935164
OS 24.20373874 43.47343096
OS 24.21631174 43.43751028
OS 24.2324763 43.4015896
OS 24.25223242 43.36566892
OS 24.2755801 43.3297457
OS 24.30252188 43.29382502
OS 24.33305522 43.25790434
OS 24.36718012 43.22198366
OS 24.18757418 43.04237772
OS 24.1516535 43.07650262
OS 24.11573282 43.10703596
OS 24.07981214 43.13397774
OS 24.04388892 43.15732542
OS 24.00796824 43.17708154
OS 23.97204756 43.1932461
OS 23.93612688 43.2058191
OS 23.9002062 43.21480054
OS 23.86428552 43.22018788
OS 23.82836484 43.22198366
OS 24.18757418 43.581193
OS 24.18936996 43.54527232
OE
OB 26.03058802 41.55980004 I
OS 26.05290192 41.54116406
OS 26.07531996 41.52487504
OS 26.09784722 41.5109279
OS 26.1204837 41.49932518
OS 26.14322686 41.49006688
OS 26.1660767 41.483153
OS 26.18903576 41.47858354
OS 26.2121015 41.47635596
OS 26.23527392 41.4764728
OS 25.9520944 41.16629816
OS 25.95021226 41.1893766
OS 25.94620922 41.21234328
OS 25.94008528 41.23520328
OS 25.9318379 41.25795152
OS 25.92146962 41.28059308
OS 25.90898044 41.30312288
OS 25.89436782 41.32554346
OS 25.87763684 41.34785482
OS 25.85877988 41.37005696
OS 25.83780456 41.39214734
OS 26.00838588 41.5807779
OS 26.03058802 41.55980004
OE
OB 26.55277392 41.15075082 I
OS 26.5558905 41.12768
OS 26.5612372 41.10472602
OS 26.56881656 41.08188634
OS 26.57862858 41.05916096
OS 26.59067326 41.03655242
OS 26.6049506 41.01406072
OS 26.62145806 40.99168332
OS 26.64020072 40.96942022
OS 26.6611735 40.94727396
OS 26.48156756 40.76766802
OS 26.4594213 40.7886408
OS 26.4371582 40.80738346
OS 26.4147808 40.82389092
OS 26.3922891 40.83816826
OS 26.36968056 40.85021294
OS 26.34695518 40.86002496
OS 26.3241155 40.86760432
OS 26.30116152 40.87295102
OS 26.2780907 40.8760676
OS 26.25490558 40.87695152
OS 26.55189 41.17393594
OS 26.55277392 41.15075082
OE
SE
S P 0
OB 24.19011164 46.47986894 I
OS 24.19773164 46.45827894
OS 24.21043164 46.43922894
OS 24.22821164 46.42271894
OS 24.25107164 46.40874894
OS 24.27901164 46.39731894
OS 24.31203164 46.38842894
OS 24.35013164 46.38207894
OS 24.39331164 46.37826894
OS 24.44157164 46.37699894
OS 24.44157164 46.12299894
OS 24.39331164 46.12172894
OS 24.35013164 46.11791894
OS 24.31203164 46.11156894
OS 24.27901164 46.10267894
OS 24.25107164 46.09124894
OS 24.22821164 46.07727894
OS 24.21043164 46.06076894
OS 24.19773164 46.04171894
OS 24.19011164 46.02012894
OS 24.18757164 45.99599894
OS 24.18757164 46.50399894
OS 24.19011164 46.47986894
OE
OB 32.44653912 45.70749812 I
OS 32.3664707 45.78644386
OS 32.21463966 45.91940524
OS 32.14287958 45.97341834
OS 32.0738881 46.0191231
OS 32.00766776 46.05651952
OS 31.94421602 46.08560506
OS 31.88353288 46.10637972
OS 31.82562088 46.1188435
OS 31.77047748 46.12299894
OS 31.77047748 46.37699894
OS 31.82562088 46.38115438
OS 31.88353288 46.39361816
OS 31.94421602 46.41439282
OS 32.00766776 46.44347836
OS 32.0738881 46.48087478
OS 32.14287958 46.52657954
OS 32.21463966 46.58059264
OS 32.3664707 46.71355402
OS 32.44653912 46.79249976
OS 32.44653912 45.70749812
OE
OB 32.80617518 45.49962706 I
OS 32.79063292 45.50168954
OS 32.77345744 45.5002646
OS 32.75465128 45.49535732
OS 32.73421444 45.48696262
OS 32.71214184 45.47508304
OS 32.68843856 45.45971604
OS 32.6631046 45.4408667
OS 32.60753702 45.39271084
OS 32.5773034 45.36340686
OS 32.3977 45.54301026
OS 32.41731642 45.56376206
OS 32.43368672 45.58353088
OS 32.44680836 45.60231672
OS 32.45668134 45.62011958
OS 32.4633082 45.63693946
OS 32.46668386 45.6527789
OS 32.4668134 45.66763282
OS 32.46369428 45.6815063
OS 32.4573265 45.6943968
OS 32.4477126 45.70630686
OS 32.80617518 45.49962706
OE
OB 32.6157717 37.40269126 I
OS 32.6195817 37.35951126
OS 32.6259317 37.32141126
OS 32.6348217 37.28839126
OS 32.6462517 37.26045126
OS 32.6602217 37.23759126
OS 32.6767317 37.21981126
OS 32.6957817 37.20711126
OS 32.7173717 37.19949126
OS 32.7415017 37.19695126
OS 32.2335017 37.19695126
OS 32.2576317 37.19949126
OS 32.2792217 37.20711126
OS 32.2982717 37.21981126
OS 32.3147817 37.23759126
OS 32.3287517 37.26045126
OS 32.3401817 37.28839126
OS 32.3490717 37.32141126
OS 32.3554217 37.35951126
OS 32.3592317 37.40269126
OS 32.3605017 37.45095126
OS 32.6145017 37.45095126
OS 32.6157717 37.40269126
OE
OB 32.7173717 36.30050906 I
OS 32.6957817 36.29288906
OS 32.6767317 36.28018906
OS 32.6602217 36.26240906
OS 32.6462517 36.23954906
OS 32.6348217 36.21160906
OS 32.6259317 36.17858906
OS 32.6195817 36.14048906
OS 32.6157717 36.09730906
OS 32.6145017 36.04904906
OS 32.3605017 36.04904906
OS 32.3592317 36.09730906
OS 32.3554217 36.14048906
OS 32.3490717 36.17858906
OS 32.3401817 36.21160906
OS 32.3287517 36.23954906
OS 32.3147817 36.26240906
OS 32.2982717 36.28018906
OS 32.2792217 36.29288906
OS 32.2576317 36.30050906
OS 32.2335017 36.30304906
OS 32.7415017 36.30304906
OS 32.7173717 36.30050906
OE
OB 32.6157717 35.67769344 I
OS 32.6195817 35.63451344
OS 32.6259317 35.59641344
OS 32.6348217 35.56339344
OS 32.6462517 35.53545344
OS 32.6602217 35.51259344
OS 32.6767317 35.49481344
OS 32.6957817 35.48211344
OS 32.7173717 35.47449344
OS 32.7415017 35.47195344
OS 32.2335017 35.47195344
OS 32.2576317 35.47449344
OS 32.2792217 35.48211344
OS 32.2982717 35.49481344
OS 32.3147817 35.51259344
OS 32.3287517 35.53545344
OS 32.3401817 35.56339344
OS 32.3490717 35.59641344
OS 32.3554217 35.63451344
OS 32.3592317 35.67769344
OS 32.3605017 35.72595344
OS 32.6145017 35.72595344
OS 32.6157717 35.67769344
OE
OB 32.9240007 34.84219854 I
OS 32.93015258 34.82893466
OS 32.94040402 34.81723034
OS 32.95475502 34.80708812
OS 32.97320558 34.79850546
OS 32.99575824 34.7914849
OS 33.02241046 34.7860239
OS 33.05316478 34.78212246
OS 33.08801866 34.77978058
OS 33.1269721 34.7790008
OS 33.1269721 34.5250008
OS 32.92195092 34.5280488
OS 32.92195092 34.85702198
OS 32.9240007 34.84219854
OE
SE
S P 0
OB 24.19011418 26.47987084 I
OS 24.19773418 26.45828084
OS 24.21043418 26.43923084
OS 24.22821418 26.42272084
OS 24.25107418 26.40875084
OS 24.27901418 26.39732084
OS 24.31203418 26.38843084
OS 24.35013418 26.38208084
OS 24.39331418 26.37827084
OS 24.44157418 26.37700084
OS 24.44157418 26.12300084
OS 24.39331418 26.12173084
OS 24.35013418 26.11792084
OS 24.31203418 26.11157084
OS 24.27901418 26.10268084
OS 24.25107418 26.09125084
OS 24.22821418 26.07728084
OS 24.21043418 26.06077084
OS 24.19773418 26.04172084
OS 24.19011418 26.02013084
OS 24.18757418 25.99600084
OS 24.18757418 26.50400084
OS 24.19011418 26.47987084
OE
OB 25.10019872 26.15290172 I
OS 25.14418136 26.11630286
OS 25.16618284 26.10075806
OS 25.18819194 26.08705222
OS 25.2102112 26.0751828
OS 25.23223554 26.0651498
OS 25.25427004 26.05695322
OS 25.27631216 26.0505956
OS 25.29835936 26.0460744
OS 24.95495136 25.80427148
OS 24.95778092 25.82685208
OS 24.95795872 25.84941236
OS 24.9554873 25.87194724
OS 24.95036158 25.89445926
OS 24.94258664 25.91694588
OS 24.93215994 25.93940964
OS 24.91908148 25.96185054
OS 24.90335126 25.98426858
OS 24.88496928 26.00666376
OS 24.86393554 26.02903354
OS 25.0782201 26.17395832
OS 25.10019872 26.15290172
OE
OB 25.55086838 25.72381444 I
OS 25.55398496 25.70074362
OS 25.55933166 25.67778964
OS 25.56691102 25.65494996
OS 25.57672304 25.63222458
OS 25.58876772 25.60961604
OS 25.60304506 25.58712434
OS 25.61955252 25.56474694
OS 25.63829518 25.54248384
OS 25.65926796 25.52033758
OS 25.47966202 25.34073164
OS 25.45751576 25.36170442
OS 25.43525266 25.38044708
OS 25.41287526 25.39695454
OS 25.39038356 25.41123188
OS 25.36777502 25.42327656
OS 25.34504964 25.43308858
OS 25.32220996 25.44066794
OS 25.29925598 25.44601464
OS 25.27618516 25.44913122
OS 25.25300004 25.45001514
OS 25.54998446 25.74699956
OS 25.55086838 25.72381444
OE
SE
S P 0
OB 24.19026912 28.63481954 I
OS 24.1983514 28.59620392
OS 24.21182102 28.55579252
OS 24.23068052 28.51358534
OS 24.25492736 28.46958238
OS 24.28456154 28.42378364
OS 24.31958306 28.37618658
OS 24.4057932 28.27560766
OS 24.45698182 28.2226258
OS 24.2780185 28.04237724
OS 24.24209782 28.07650214
OS 24.20617714 28.10703548
OS 24.17025646 28.13397726
OS 24.13433324 28.15732494
OS 24.09841256 28.17708106
OS 24.06249188 28.19324562
OS 24.0265712 28.20581862
OS 23.99065052 28.21480006
OS 23.95472984 28.2201874
OS 23.91880916 28.22198318
OS 24.18757418 28.67163684
OS 24.19026912 28.63481954
OE
OB 26.04248538 26.63829572 I
OS 26.06474848 26.61955306
OS 26.08712588 26.6030456
OS 26.10961758 26.58876826
OS 26.13222612 26.57672358
OS 26.1549515 26.56691156
OS 26.17779118 26.5593322
OS 26.20074516 26.5539855
OS 26.22381598 26.55086892
OS 26.2470011 26.549985
OS 25.95001668 26.25300058
OS 25.94913276 26.2761857
OS 25.94601618 26.29925652
OS 25.94066948 26.3222105
OS 25.93309012 26.34505018
OS 25.9232781 26.36777556
OS 25.91123342 26.3903841
OS 25.89695608 26.4128758
OS 25.88044862 26.4352532
OS 25.86170596 26.4575163
OS 25.84073318 26.47966256
OS 26.02033912 26.6592685
OS 26.04248538 26.63829572
OE
OB 26.55086892 26.22381598 I
OS 26.5539855 26.20074516
OS 26.5593322 26.17779118
OS 26.56691156 26.1549515
OS 26.57672358 26.13222612
OS 26.58876826 26.10961758
OS 26.6030456 26.08712588
OS 26.61955306 26.06474848
OS 26.63829572 26.04248538
OS 26.6592685 26.02033912
OS 26.47966256 25.84073318
OS 26.4575163 25.86170596
OS 26.4352532 25.88044862
OS 26.4128758 25.89695608
OS 26.3903841 25.91123342
OS 26.36777556 25.9232781
OS 26.34505018 25.93309012
OS 26.3222105 25.94066948
OS 26.29925652 25.94601618
OS 26.2761857 25.94913276
OS 26.25300058 25.95001668
OS 26.549985 26.2470011
OS 26.55086892 26.22381598
OE
SE
S P 0
OB 24.19026912 38.63481986 I
OS 24.1983514 38.59620424
OS 24.21182102 38.55579284
OS 24.23068052 38.51358566
OS 24.25492736 38.4695827
OS 24.28456154 38.42378396
OS 24.31958306 38.3761869
OS 24.4057932 38.27560798
OS 24.45698182 38.22262612
OS 24.2780185 38.04237756
OS 24.24209782 38.07650246
OS 24.20617714 38.1070358
OS 24.17025646 38.13397758
OS 24.13433324 38.15732526
OS 24.09841256 38.17708138
OS 24.06249188 38.19324594
OS 24.0265712 38.20581894
OS 23.99065052 38.21480038
OS 23.95472984 38.22018772
OS 23.91880916 38.2219835
OS 24.18757418 38.67163716
OS 24.19026912 38.63481986
OE
OB 26.04248538 36.63829604 I
OS 26.06474848 36.61955338
OS 26.08712588 36.60304592
OS 26.10961758 36.58876858
OS 26.13222612 36.5767239
OS 26.1549515 36.56691188
OS 26.17779118 36.55933252
OS 26.20074516 36.55398582
OS 26.22381598 36.55086924
OS 26.2470011 36.54998532
OS 25.95001668 36.2530009
OS 25.94913276 36.27618602
OS 25.94601618 36.29925684
OS 25.94066948 36.32221082
OS 25.93309012 36.3450505
OS 25.9232781 36.36777588
OS 25.91123342 36.39038442
OS 25.89695608 36.41287612
OS 25.88044862 36.43525352
OS 25.86170596 36.45751662
OS 25.84073318 36.47966288
OS 26.02033912 36.65926882
OS 26.04248538 36.63829604
OE
OB 26.55086892 36.2238163 I
OS 26.5539855 36.20074548
OS 26.5593322 36.1777915
OS 26.56691156 36.15495182
OS 26.57672358 36.13222644
OS 26.58876826 36.1096179
OS 26.6030456 36.0871262
OS 26.61955306 36.0647488
OS 26.63829572 36.0424857
OS 26.6592685 36.02033944
OS 26.47966256 35.8407335
OS 26.4575163 35.86170628
OS 26.4352532 35.88044894
OS 26.4128758 35.8969564
OS 26.3903841 35.91123374
OS 26.36777556 35.92327842
OS 26.34505018 35.93309044
OS 26.3222105 35.9406698
OS 26.29925652 35.9460165
OS 26.2761857 35.94913308
OS 26.25300058 35.950017
OS 26.549985 36.24700142
OS 26.55086892 36.2238163
OE
SE
S P 0
OB 24.19026912 41.13481994 I
OS 24.1983514 41.09620432
OS 24.21182102 41.05579292
OS 24.23068052 41.01358574
OS 24.25492736 40.96958278
OS 24.28456154 40.92378404
OS 24.31958306 40.87618698
OS 24.4057932 40.77560806
OS 24.45698182 40.7226262
OS 24.2780185 40.54237764
OS 24.24209782 40.57650254
OS 24.20617714 40.60703588
OS 24.17025646 40.63397766
OS 24.13433324 40.65732534
OS 24.09841256 40.67708146
OS 24.06249188 40.69324602
OS 24.0265712 40.70581902
OS 23.99065052 40.71480046
OS 23.95472984 40.7201878
OS 23.91880916 40.72198358
OS 24.18757418 41.17163724
OS 24.19026912 41.13481994
OE
OB 26.04248538 39.13829612 I
OS 26.06474848 39.11955346
OS 26.08712588 39.103046
OS 26.10961758 39.08876866
OS 26.13222612 39.07672398
OS 26.1549515 39.06691196
OS 26.17779118 39.0593326
OS 26.20074516 39.0539859
OS 26.22381598 39.05086932
OS 26.2470011 39.0499854
OS 25.95001668 38.75300098
OS 25.94913276 38.7761861
OS 25.94601618 38.79925692
OS 25.94066948 38.8222109
OS 25.93309012 38.84505058
OS 25.9232781 38.86777596
OS 25.91123342 38.8903845
OS 25.89695608 38.9128762
OS 25.88044862 38.9352536
OS 25.86170596 38.9575167
OS 25.84073318 38.97966296
OS 26.02033912 39.1592689
OS 26.04248538 39.13829612
OE
OB 26.55086892 38.72381638 I
OS 26.5539855 38.70074556
OS 26.5593322 38.67779158
OS 26.56691156 38.6549519
OS 26.57672358 38.63222652
OS 26.58876826 38.60961798
OS 26.6030456 38.58712628
OS 26.61955306 38.56474888
OS 26.63829572 38.54248578
OS 26.6592685 38.52033952
OS 26.47966256 38.34073358
OS 26.4575163 38.36170636
OS 26.4352532 38.38044902
OS 26.4128758 38.39695648
OS 26.3903841 38.41123382
OS 26.36777556 38.4232785
OS 26.34505018 38.43309052
OS 26.3222105 38.44066988
OS 26.29925652 38.44601658
OS 26.2761857 38.44913316
OS 26.25300058 38.45001708
OS 26.549985 38.7470015
OS 26.55086892 38.72381638
OE
SE
S P 0
OB 25.65926796 24.47966148 I
OS 25.63829518 24.45751522
OS 25.61955252 24.43525212
OS 25.60304506 24.41287472
OS 25.58876772 24.39038302
OS 25.57672304 24.36777448
OS 25.56691102 24.3450491
OS 25.55933166 24.32220942
OS 25.55398496 24.29925544
OS 25.55086838 24.27618462
OS 25.54998446 24.2529995
OS 25.25300004 24.54998392
OS 25.27618516 24.55086784
OS 25.29925598 24.55398442
OS 25.32220996 24.55933112
OS 25.34504964 24.56691048
OS 25.36777502 24.5767225
OS 25.39038356 24.58876718
OS 25.41287526 24.60304452
OS 25.43525266 24.61955198
OS 25.45751576 24.63829464
OS 25.47966202 24.65926742
OS 25.65926796 24.47966148
OE
OB 25.24700056 23.9500156 I
OS 25.22381544 23.94913168
OS 25.20074462 23.9460151
OS 25.17779064 23.9406684
OS 25.15495096 23.93308904
OS 25.13222558 23.92327702
OS 25.10961704 23.91123234
OS 25.08712534 23.896955
OS 25.06474794 23.88044754
OS 25.04248484 23.86170488
OS 25.02033858 23.8407321
OS 24.84073264 24.02033804
OS 24.86170542 24.0424843
OS 24.88044808 24.0647474
OS 24.89695554 24.0871248
OS 24.91123288 24.1096165
OS 24.92327756 24.13222504
OS 24.93308958 24.15495042
OS 24.94066894 24.1777901
OS 24.94601564 24.20074408
OS 24.94913222 24.2238149
OS 24.95001614 24.24700002
OS 25.24700056 23.9500156
OE
OB 24.19011418 23.97987076 I
OS 24.19773418 23.95828076
OS 24.21043418 23.93923076
OS 24.22821418 23.92272076
OS 24.25107418 23.90875076
OS 24.27901418 23.89732076
OS 24.31203418 23.88843076
OS 24.35013418 23.88208076
OS 24.39331418 23.87827076
OS 24.44157418 23.87700076
OS 24.44157418 23.62300076
OS 24.39331418 23.62173076
OS 24.35013418 23.61792076
OS 24.31203418 23.61157076
OS 24.27901418 23.60268076
OS 24.25107418 23.59125076
OS 24.22821418 23.57728076
OS 24.21043418 23.56077076
OS 24.19773418 23.54172076
OS 24.19011418 23.52013076
OS 24.18757418 23.49600076
OS 24.18757418 24.00400076
OS 24.19011418 23.97987076
OE
SE
S P 0
OB 26.6592685 11.47966208 I
OS 26.63829572 11.45751582
OS 26.61955306 11.43525272
OS 26.6030456 11.41287532
OS 26.58876826 11.39038362
OS 26.57672358 11.36777508
OS 26.56691156 11.3450497
OS 26.5593322 11.32221002
OS 26.5539855 11.29925604
OS 26.55086892 11.27618522
OS 26.549985 11.2530001
OS 26.25300058 11.54998452
OS 26.2761857 11.55086844
OS 26.29925652 11.55398502
OS 26.3222105 11.55933172
OS 26.34505018 11.56691108
OS 26.36777556 11.5767231
OS 26.3903841 11.58876778
OS 26.4128758 11.60304512
OS 26.4352532 11.61955258
OS 26.4575163 11.63829524
OS 26.47966256 11.65926802
OS 26.6592685 11.47966208
OE
OB 26.2470011 10.9500162 I
OS 26.22381598 10.94913228
OS 26.20074516 10.9460157
OS 26.17779118 10.940669
OS 26.1549515 10.93308964
OS 26.13222612 10.92327762
OS 26.10961758 10.91123294
OS 26.08712588 10.8969556
OS 26.06474848 10.88044814
OS 26.04248538 10.86170548
OS 26.02033912 10.8407327
OS 25.84073318 11.02033864
OS 25.86170596 11.0424849
OS 25.88044862 11.064748
OS 25.89695608 11.0871254
OS 25.91123342 11.1096171
OS 25.9232781 11.13222564
OS 25.93309012 11.15495102
OS 25.94066948 11.1777907
OS 25.94601618 11.20074468
OS 25.94913276 11.2238155
OS 25.95001668 11.24700062
OS 26.2470011 10.9500162
OE
OB 24.45698182 9.2773754 I
OS 24.4057932 9.22439354
OS 24.31958306 9.12381462
OS 24.28456154 9.07621756
OS 24.25492736 9.03041882
OS 24.23068052 8.98641586
OS 24.21182102 8.94420868
OS 24.1983514 8.90379728
OS 24.19026912 8.86518166
OS 24.18757418 8.82836436
OS 23.9188117 9.27802056
OS 23.95473238 9.27981634
OS 23.99065306 9.28520368
OS 24.02657374 9.29418512
OS 24.06249442 9.30675812
OS 24.0984151 9.32292268
OS 24.13433578 9.3426788
OS 24.170259 9.36602648
OS 24.20617968 9.39296826
OS 24.24210036 9.4235016
OS 24.27802104 9.4576265
OS 24.45698182 9.2773754
OE
SE
S P 0
OB 26.6592685 13.97966216 I
OS 26.63829572 13.9575159
OS 26.61955306 13.9352528
OS 26.6030456 13.9128754
OS 26.58876826 13.8903837
OS 26.57672358 13.86777516
OS 26.56691156 13.84504978
OS 26.5593322 13.8222101
OS 26.5539855 13.79925612
OS 26.55086892 13.7761853
OS 26.549985 13.75300018
OS 26.25300058 14.0499846
OS 26.2761857 14.05086852
OS 26.29925652 14.0539851
OS 26.3222105 14.0593318
OS 26.34505018 14.06691116
OS 26.36777556 14.07672318
OS 26.3903841 14.08876786
OS 26.4128758 14.1030452
OS 26.4352532 14.11955266
OS 26.4575163 14.13829532
OS 26.47966256 14.1592681
OS 26.6592685 13.97966216
OE
OB 26.2470011 13.45001628 I
OS 26.22381598 13.44913236
OS 26.20074516 13.44601578
OS 26.17779118 13.44066908
OS 26.1549515 13.43308972
OS 26.13222612 13.4232777
OS 26.10961758 13.41123302
OS 26.08712588 13.39695568
OS 26.06474848 13.38044822
OS 26.04248538 13.36170556
OS 26.02033912 13.34073278
OS 25.84073318 13.52033872
OS 25.86170596 13.54248498
OS 25.88044862 13.56474808
OS 25.89695608 13.58712548
OS 25.91123342 13.60961718
OS 25.9232781 13.63222572
OS 25.93309012 13.6549511
OS 25.94066948 13.67779078
OS 25.94601618 13.70074476
OS 25.94913276 13.72381558
OS 25.95001668 13.7470007
OS 26.2470011 13.45001628
OE
OB 24.45698182 11.77737548 I
OS 24.4057932 11.72439362
OS 24.31958306 11.6238147
OS 24.28456154 11.57621764
OS 24.25492736 11.5304189
OS 24.23068052 11.48641594
OS 24.21182102 11.44420876
OS 24.1983514 11.40379736
OS 24.19026912 11.36518174
OS 24.18757418 11.32836444
OS 23.9188117 11.77802064
OS 23.95473238 11.77981642
OS 23.99065306 11.78520376
OS 24.02657374 11.7941852
OS 24.06249442 11.8067582
OS 24.0984151 11.82292276
OS 24.13433578 11.84267888
OS 24.170259 11.86602656
OS 24.20617968 11.89296834
OS 24.24210036 11.92350168
OS 24.27802104 11.95762658
OS 24.45698182 11.77737548
OE
SE
S P 0
OB 26.6592685 17.47966532 I
OS 26.63829318 17.45751906
OS 26.61955306 17.43525596
OS 26.6030456 17.41287856
OS 26.58876826 17.39038432
OS 26.57672358 17.36777578
OS 26.56691156 17.34505294
OS 26.5593322 17.32221326
OS 26.5539855 17.29925928
OS 26.55086892 17.27618846
OS 26.549985 17.25300334
OS 26.25299804 17.54998522
OS 26.2761857 17.55086914
OS 26.29925398 17.55398572
OS 26.3222105 17.55933242
OS 26.34505018 17.56691432
OS 26.36777302 17.57672634
OS 26.39038156 17.58877102
OS 26.4128758 17.60304582
OS 26.4352532 17.61955582
OS 26.45751376 17.63829594
OS 26.47966002 17.65926872
OS 26.6592685 17.47966532
OE
OB 26.24699856 16.9500169 I
OS 26.22381344 16.94913298
OS 26.20074262 16.9460164
OS 26.17778864 16.9406697
OS 26.15494896 16.93309034
OS 26.13222612 16.92327832
OS 26.10961758 16.91123364
OS 26.08712334 16.8969563
OS 26.06474594 16.88044884
OS 26.04248284 16.86170872
OS 26.02033658 16.8407334
OS 25.84073318 17.02034188
OS 25.86170596 17.04248814
OS 25.88044608 17.0647487
OS 25.89695608 17.0871261
OS 25.91123088 17.10962034
OS 25.92327556 17.13222888
OS 25.93308758 17.15495172
OS 25.94066948 17.1777914
OS 25.94601618 17.20074792
OS 25.94913276 17.2238162
OS 25.95001668 17.24700386
OS 26.24699856 16.9500169
OE
OB 23.78704158 14.48376072 I
OS 23.79085158 14.44058072
OS 23.79720158 14.40248072
OS 23.80609158 14.36946072
OS 23.81752158 14.34152072
OS 23.83149158 14.31866072
OS 23.84800158 14.30088072
OS 23.86705158 14.28818072
OS 23.88864158 14.28056072
OS 23.91277158 14.27802072
OS 23.40477158 14.27802072
OS 23.42890158 14.28056072
OS 23.45049158 14.28818072
OS 23.46954158 14.30088072
OS 23.48605158 14.31866072
OS 23.50002158 14.34152072
OS 23.51145158 14.36946072
OS 23.52034158 14.40248072
OS 23.52669158 14.44058072
OS 23.53050158 14.48376072
OS 23.53177158 14.53202072
OS 23.78577158 14.53202072
OS 23.78704158 14.48376072
OE
SE
S P 0
OB 26.6592685 19.9796654 I
OS 26.63829318 19.95751914
OS 26.61955306 19.93525604
OS 26.6030456 19.91287864
OS 26.58876826 19.8903844
OS 26.57672358 19.86777586
OS 26.56691156 19.84505302
OS 26.5593322 19.82221334
OS 26.5539855 19.79925936
OS 26.55086892 19.77618854
OS 26.549985 19.75300342
OS 26.25299804 20.0499853
OS 26.2761857 20.05086922
OS 26.29925398 20.0539858
OS 26.3222105 20.0593325
OS 26.34505018 20.0669144
OS 26.36777302 20.07672642
OS 26.39038156 20.0887711
OS 26.4128758 20.1030459
OS 26.4352532 20.1195559
OS 26.45751376 20.13829602
OS 26.47966002 20.1592688
OS 26.6592685 19.9796654
OE
OB 26.24699856 19.45001698 I
OS 26.22381344 19.44913306
OS 26.20074262 19.44601648
OS 26.17778864 19.44066978
OS 26.15494896 19.43309042
OS 26.13222612 19.4232784
OS 26.10961758 19.41123372
OS 26.08712334 19.39695638
OS 26.06474594 19.38044892
OS 26.04248284 19.3617088
OS 26.02033658 19.34073348
OS 25.84073318 19.52034196
OS 25.86170596 19.54248822
OS 25.88044608 19.56474878
OS 25.89695608 19.58712618
OS 25.91123088 19.60962042
OS 25.92327556 19.63222896
OS 25.93308758 19.6549518
OS 25.94066948 19.67779148
OS 25.94601618 19.700748
OS 25.94913276 19.72381628
OS 25.95001668 19.74700394
OS 26.24699856 19.45001698
OE
OB 23.78704158 16.9837608 I
OS 23.79085158 16.9405808
OS 23.79720158 16.9024808
OS 23.80609158 16.8694608
OS 23.81752158 16.8415208
OS 23.83149158 16.8186608
OS 23.84800158 16.8008808
OS 23.86705158 16.7881808
OS 23.88864158 16.7805608
OS 23.91277158 16.7780208
OS 23.40477158 16.7780208
OS 23.42890158 16.7805608
OS 23.45049158 16.7881808
OS 23.46954158 16.8008808
OS 23.48605158 16.8186608
OS 23.50002158 16.8415208
OS 23.51145158 16.8694608
OS 23.52034158 16.9024808
OS 23.52669158 16.9405808
OS 23.53050158 16.9837608
OS 23.53177158 17.0320208
OS 23.78577158 17.0320208
OS 23.78704158 16.9837608
OE
SE
S P 0
OB 26.6592685 22.47966548 I
OS 26.63829318 22.45751922
OS 26.61955306 22.43525612
OS 26.6030456 22.41287872
OS 26.58876826 22.39038448
OS 26.57672358 22.36777594
OS 26.56691156 22.3450531
OS 26.5593322 22.32221342
OS 26.5539855 22.29925944
OS 26.55086892 22.27618862
OS 26.549985 22.2530035
OS 26.25299804 22.54998538
OS 26.2761857 22.5508693
OS 26.29925398 22.55398588
OS 26.3222105 22.55933258
OS 26.34505018 22.56691448
OS 26.36777302 22.5767265
OS 26.39038156 22.58877118
OS 26.4128758 22.60304598
OS 26.4352532 22.61955598
OS 26.45751376 22.6382961
OS 26.47966002 22.65926888
OS 26.6592685 22.47966548
OE
OB 26.24699856 21.95001706 I
OS 26.22381344 21.94913314
OS 26.20074262 21.94601656
OS 26.17778864 21.94066986
OS 26.15494896 21.9330905
OS 26.13222612 21.92327848
OS 26.10961758 21.9112338
OS 26.08712334 21.89695646
OS 26.06474594 21.880449
OS 26.04248284 21.86170888
OS 26.02033658 21.84073356
OS 25.84073318 22.02034204
OS 25.86170596 22.0424883
OS 25.88044608 22.06474886
OS 25.89695608 22.08712626
OS 25.91123088 22.1096205
OS 25.92327556 22.13222904
OS 25.93308758 22.15495188
OS 25.94066948 22.17779156
OS 25.94601618 22.20074808
OS 25.94913276 22.22381636
OS 25.95001668 22.24700402
OS 26.24699856 21.95001706
OE
OB 23.78704158 19.48376088 I
OS 23.79085158 19.44058088
OS 23.79720158 19.40248088
OS 23.80609158 19.36946088
OS 23.81752158 19.34152088
OS 23.83149158 19.31866088
OS 23.84800158 19.30088088
OS 23.86705158 19.28818088
OS 23.88864158 19.28056088
OS 23.91277158 19.27802088
OS 23.40477158 19.27802088
OS 23.42890158 19.28056088
OS 23.45049158 19.28818088
OS 23.46954158 19.30088088
OS 23.48605158 19.31866088
OS 23.50002158 19.34152088
OS 23.51145158 19.36946088
OS 23.52034158 19.40248088
OS 23.52669158 19.44058088
OS 23.53050158 19.48376088
OS 23.53177158 19.53202088
OS 23.78577158 19.53202088
OS 23.78704158 19.48376088
OE
SE
S P 0
OB 26.6592685 23.97966248 I
OS 26.63829572 23.95751622
OS 26.61955306 23.93525312
OS 26.6030456 23.91287572
OS 26.58876826 23.89038402
OS 26.57672358 23.86777548
OS 26.56691156 23.8450501
OS 26.5593322 23.82221042
OS 26.5539855 23.79925644
OS 26.55086892 23.77618562
OS 26.549985 23.7530005
OS 26.25300058 24.04998492
OS 26.2761857 24.05086884
OS 26.29925652 24.05398542
OS 26.3222105 24.05933212
OS 26.34505018 24.06691148
OS 26.36777556 24.0767235
OS 26.3903841 24.08876818
OS 26.4128758 24.10304552
OS 26.4352532 24.11955298
OS 26.4575163 24.13829564
OS 26.47966256 24.15926842
OS 26.6592685 23.97966248
OE
OB 26.2470011 23.4500166 I
OS 26.22381598 23.44913268
OS 26.20074516 23.4460161
OS 26.17779118 23.4406694
OS 26.1549515 23.43309004
OS 26.13222612 23.42327802
OS 26.10961758 23.41123334
OS 26.08712588 23.396956
OS 26.06474848 23.38044854
OS 26.04248538 23.36170588
OS 26.02033912 23.3407331
OS 25.84073318 23.52033904
OS 25.86170596 23.5424853
OS 25.88044862 23.5647484
OS 25.89695608 23.5871258
OS 25.91123342 23.6096175
OS 25.9232781 23.63222604
OS 25.93309012 23.65495142
OS 25.94066948 23.6777911
OS 25.94601618 23.70074508
OS 25.94913276 23.7238159
OS 25.95001668 23.74700102
OS 26.2470011 23.4500166
OE
OB 24.45698182 21.7773758 I
OS 24.4057932 21.72439394
OS 24.31958306 21.62381502
OS 24.28456154 21.57621796
OS 24.25492736 21.53041922
OS 24.23068052 21.48641626
OS 24.21182102 21.44420908
OS 24.1983514 21.40379768
OS 24.19026912 21.36518206
OS 24.18757418 21.32836476
OS 23.9188117 21.77802096
OS 23.95473238 21.77981674
OS 23.99065306 21.78520408
OS 24.02657374 21.79418552
OS 24.06249442 21.80675852
OS 24.0984151 21.82292308
OS 24.13433578 21.8426792
OS 24.170259 21.86602688
OS 24.20617968 21.89296866
OS 24.24210036 21.923502
OS 24.27802104 21.9576269
OS 24.45698182 21.7773758
OE
SE
S P 0
OB 26.6592685 7.72966196 I
OS 26.63829572 7.7075157
OS 26.61955306 7.6852526
OS 26.6030456 7.6628752
OS 26.58876826 7.6403835
OS 26.57672358 7.61777496
OS 26.56691156 7.59504958
OS 26.5593322 7.5722099
OS 26.5539855 7.54925592
OS 26.55086892 7.5261851
OS 26.549985 7.50299998
OS 26.25300058 7.7999844
OS 26.2761857 7.80086832
OS 26.29925652 7.8039849
OS 26.3222105 7.8093316
OS 26.34505018 7.81691096
OS 26.36777556 7.82672298
OS 26.3903841 7.83876766
OS 26.4128758 7.853045
OS 26.4352532 7.86955246
OS 26.4575163 7.88829512
OS 26.47966256 7.9092679
OS 26.6592685 7.72966196
OE
OB 14.3157575 6.87981098 I
OS 14.32910012 6.6784347
OS 14.34164772 6.5894966
OS 14.35811454 6.5083944
OS 14.37849804 6.43512556
OS 14.40279822 6.36969262
OS 14.43101762 6.31209558
OS 14.4631537 6.26232936
OS 14.49920646 6.22039904
OS 14.31960306 6.04079564
OS 14.27767274 6.0768484
OS 14.22790652 6.10898448
OS 14.17030948 6.13720388
OS 14.10487654 6.16150406
OS 14.0316077 6.18188756
OS 13.9505055 6.19835438
OS 13.8615674 6.21090198
OS 13.66019112 6.2242446
OS 13.5477504 6.22503962
OS 14.31496248 6.9922517
OS 14.3157575 6.87981098
OE
OB 20.03575876 6.04000062 I
OS 20.01873822 6.05577148
OS 20.00022162 6.06988118
OS 19.98020896 6.08232972
OS 19.95870024 6.09311964
OS 19.93569292 6.10225094
OS 19.91118954 6.10972108
OS 19.8851901 6.11553006
OS 19.85769206 6.11968042
OS 19.82869796 6.12216962
OS 19.7982078 6.1230002
OS 19.7982078 6.3770002
OS 19.82869796 6.37783078
OS 19.85769206 6.38031998
OS 19.8851901 6.38447034
OS 19.91118954 6.39027932
OS 19.93569292 6.39774946
OS 19.95870024 6.40688076
OS 19.98020896 6.41767068
OS 20.00022162 6.43011922
OS 20.01873822 6.44422892
OS 20.03575876 6.45999978
OS 20.03575876 6.04000062
OE
SE
S P 0
OB 26.67848106 8.9988771 I
OS 26.6574524 8.9768807
OS 26.6210669 8.9327736
OS 26.60571006 8.91065782
OS 26.59224298 8.88850394
OS 26.58066566 8.86630942
OS 26.57098064 8.84407426
OS 26.56318792 8.821801
OS 26.55728242 8.7994871
OS 26.55326922 8.77713256
OS 26.30273886 9.11422866
OS 26.32550234 9.1119325
OS 26.34821756 9.11222968
OS 26.37088706 9.11511512
OS 26.3935083 9.12059136
OS 26.41608128 9.12865586
OS 26.43860854 9.1393137
OS 26.46108754 9.1525598
OS 26.48351828 9.16839924
OS 26.5059033 9.18682694
OS 26.52824006 9.2078429
OS 26.67848106 8.9988771
OE
OB 26.23227164 8.5188298 I
OS 26.20915002 8.51946988
OS 26.18612492 8.51770712
OS 26.16320142 8.51354406
OS 26.14037444 8.50697562
OS 26.11764652 8.49800434
OS 26.09501766 8.48663276
OS 26.07248532 8.4728558
OS 26.05005458 8.456676
OS 26.02772036 8.4380959
OS 26.0054852 8.41711042
OS 25.83966384 8.61050094
OS 25.86064678 8.63256592
OS 25.8795647 8.6547325
OS 25.89642014 8.67699814
OS 25.91120802 8.69936538
OS 25.92393088 8.72183422
OS 25.93459126 8.74440212
OS 25.94318408 8.76706908
OS 25.94971442 8.78983764
OS 25.95417974 8.8127078
OS 25.95658004 8.83567702
OS 26.23227164 8.5188298
OE
OB 24.36639526 6.77802048 I
OS 24.33227036 6.7420998
OS 24.30173702 6.70617912
OS 24.27479524 6.67025844
OS 24.25144756 6.63433522
OS 24.23169144 6.59841454
OS 24.21552688 6.56249386
OS 24.20295388 6.52657318
OS 24.19397244 6.4906525
OS 24.1885851 6.45473182
OS 24.18678932 6.41881114
OS 23.82757998 6.77802048
OS 23.86350066 6.77981626
OS 23.89942134 6.7852036
OS 23.93534202 6.79418504
OS 23.9712627 6.80675804
OS 24.00718338 6.8229226
OS 24.04310406 6.84267872
OS 24.07902728 6.8660264
OS 24.11494796 6.89296818
OS 24.15086864 6.92350152
OS 24.18678932 6.95762642
OS 24.36639526 6.77802048
OE
SE
S P 0
OB 34.05199946 36.04904906 I
OS 33.79799946 36.04904906
OS 33.79672946 36.09730906
OS 33.79291946 36.14048906
OS 33.78656946 36.17858906
OS 33.77767946 36.21160906
OS 33.76624946 36.23954906
OS 33.75227946 36.26240906
OS 33.73576946 36.28018906
OS 33.71671946 36.29288906
OS 33.69512946 36.30050906
OS 33.67099946 36.30304906
OS 33.97195136 36.30304906
OS 34.05199946 36.04904906
OE
OB 34.05326946 35.67769344 I
OS 34.05707946 35.63451344
OS 34.06342946 35.59641344
OS 34.07231946 35.56339344
OS 34.08374946 35.53545344
OS 34.09771946 35.51259344
OS 34.11422946 35.49481344
OS 34.13327946 35.48211344
OS 34.15486946 35.47449344
OS 34.17899946 35.47195344
OS 33.67099946 35.47195344
OS 33.69512946 35.47449344
OS 33.71671946 35.48211344
OS 33.73576946 35.49481344
OS 33.75227946 35.51259344
OS 33.76624946 35.53545344
OS 33.77767946 35.56339344
OS 33.78656946 35.59641344
OS 33.79291946 35.63451344
OS 33.79672946 35.67769344
OS 33.79799946 35.72595344
OS 34.05199946 35.72595344
OS 34.05326946 35.67769344
OE
SE
S P 0
OB 35.6021386 18.92100102 I
OS 35.5995986 18.94513102
OS 35.5919786 18.96672102
OS 35.5792786 18.98577102
OS 35.5614986 19.00228102
OS 35.5386386 19.01625102
OS 35.5106986 19.02768102
OS 35.4776786 19.03657102
OS 35.4395786 19.04292102
OS 35.3963986 19.04673102
OS 35.3481386 19.04800102
OS 35.3481386 19.30200102
OS 35.3963986 19.30327102
OS 35.4395786 19.30708102
OS 35.4776786 19.31343102
OS 35.5106986 19.32232102
OS 35.5386386 19.33375102
OS 35.5614986 19.34772102
OS 35.5792786 19.36423102
OS 35.5919786 19.38328102
OS 35.5995986 19.40487102
OS 35.6021386 19.42900102
OS 35.6021386 18.92100102
OE
OB 25.90926746 5.72966088 I
OS 25.88829468 5.70751462
OS 25.86955202 5.68525152
OS 25.85304456 5.66287412
OS 25.83876722 5.64038242
OS 25.82672254 5.61777388
OS 25.81691052 5.5950485
OS 25.80933116 5.57220882
OS 25.80398446 5.54925484
OS 25.80086788 5.52618402
OS 25.79998396 5.5029989
OS 25.50299954 5.79998332
OS 25.52618466 5.80086724
OS 25.54925548 5.80398382
OS 25.57220946 5.80933052
OS 25.59504914 5.81690988
OS 25.61777452 5.8267219
OS 25.64038306 5.83876658
OS 25.66287476 5.85304392
OS 25.68525216 5.86955138
OS 25.70751526 5.88829404
OS 25.72966152 5.90926682
OS 25.90926746 5.72966088
OE
OB 25.49700006 5.200015 I
OS 25.47381494 5.19913108
OS 25.45074412 5.1960145
OS 25.42779014 5.1906678
OS 25.40495046 5.18308844
OS 25.38222508 5.17327642
OS 25.35961654 5.16123174
OS 25.33712484 5.1469544
OS 25.31474744 5.13044694
OS 25.29248434 5.11170428
OS 25.27033808 5.0907315
OS 25.09073214 5.27033744
OS 25.11170492 5.2924837
OS 25.13044758 5.3147468
OS 25.14695504 5.3371242
OS 25.16123238 5.3596159
OS 25.17327706 5.38222444
OS 25.18308908 5.40494982
OS 25.19066844 5.4277895
OS 25.19601514 5.45074348
OS 25.19913172 5.4738143
OS 25.20001564 5.49699942
OS 25.49700006 5.200015
OE
OB 24.45698182 4.27737524 I
OS 24.4057932 4.22439338
OS 24.31958306 4.12381446
OS 24.28456154 4.0762174
OS 24.25492736 4.03041866
OS 24.23068052 3.9864157
OS 24.21182102 3.94420852
OS 24.1983514 3.90379712
OS 24.19026912 3.8651815
OS 24.18757418 3.8283642
OS 23.9188117 4.2780204
OS 23.95473238 4.27981618
OS 23.99065306 4.28520352
OS 24.02657374 4.29418496
OS 24.06249442 4.30675796
OS 24.0984151 4.32292252
OS 24.13433578 4.34267864
OS 24.170259 4.36602632
OS 24.20617968 4.3929681
OS 24.24210036 4.42350144
OS 24.27802104 4.45762634
OS 24.45698182 4.27737524
OE
SE
S P 0
OB 39.1298684 15.05050838 I
OS 39.1082784 15.04288838
OS 39.0892284 15.03018838
OS 39.0727184 15.01240838
OS 39.0587484 14.98954838
OS 39.0473184 14.96160838
OS 39.0384284 14.92858838
OS 39.0320784 14.89048838
OS 39.0282684 14.84730838
OS 39.0269984 14.79904838
OS 38.7729984 14.79904838
OS 38.7717284 14.84730838
OS 38.7679184 14.89048838
OS 38.7615684 14.92858838
OS 38.7526784 14.96160838
OS 38.7412484 14.98954838
OS 38.7272784 15.01240838
OS 38.7107684 15.03018838
OS 38.6917184 15.04288838
OS 38.6701284 15.05050838
OS 38.6459984 15.05304838
OS 39.1539984 15.05304838
OS 39.1298684 15.05050838
OE
SE
S P 0
OB 39.80304968 34.64599624 I
OS 39.80050968 34.67012624
OS 39.79288968 34.69171624
OS 39.78018968 34.71076624
OS 39.76240968 34.72727624
OS 39.73954968 34.74124624
OS 39.71160968 34.75267624
OS 39.67858968 34.76156624
OS 39.64048968 34.76791624
OS 39.59730968 34.77172624
OS 39.54904968 34.77299624
OS 39.54904968 35.02699624
OS 39.59730968 35.02826624
OS 39.64048968 35.03207624
OS 39.67858968 35.03842624
OS 39.71160968 35.04731624
OS 39.73954968 35.05874624
OS 39.76240968 35.07271624
OS 39.78018968 35.08922624
OS 39.79288968 35.10827624
OS 39.80050968 35.12986624
OS 39.80304968 35.15399624
OS 39.80304968 34.64599624
OE
OB 38.94949284 35.12986624 I
OS 38.95711284 35.10827624
OS 38.96981284 35.08922624
OS 38.98759284 35.07271624
OS 39.01045284 35.05874624
OS 39.03839284 35.04731624
OS 39.07141284 35.03842624
OS 39.10951284 35.03207624
OS 39.15269284 35.02826624
OS 39.20095284 35.02699624
OS 39.20095284 34.77299624
OS 39.15269284 34.77172624
OS 39.10951284 34.76791624
OS 39.07141284 34.76156624
OS 39.03839284 34.75267624
OS 39.01045284 34.74124624
OS 38.98759284 34.72727624
OS 38.96981284 34.71076624
OS 38.95711284 34.69171624
OS 38.94949284 34.67012624
OS 38.94695284 34.64599624
OS 38.94695284 35.15399624
OS 38.94949284 35.12986624
OE
SE
S P 0
OB 41.8389689 16.04243426 I
OS 41.87488958 16.01190092
OS 41.91081026 15.98495914
OS 41.94673348 15.96161146
OS 41.98265416 15.94185534
OS 42.01857484 15.92569078
OS 42.05449552 15.91311778
OS 42.0904162 15.90413634
OS 42.12633688 15.898749
OS 42.16225756 15.89695322
OS 41.80304822 15.53774388
OS 41.80125244 15.57366456
OS 41.7958651 15.60958524
OS 41.78688366 15.64550592
OS 41.77431066 15.6814266
OS 41.7581461 15.71734728
OS 41.73838998 15.75326796
OS 41.7150423 15.78919118
OS 41.68810052 15.82511186
OS 41.65756718 15.86103254
OS 41.62344228 15.89695322
OS 41.80304822 16.07655916
OS 41.8389689 16.04243426
OE
SE
S P 0
OB 43.48126178 27.44422756 I
OS 43.49977838 27.43011786
OS 43.51979104 27.41766932
OS 43.54129976 27.4068794
OS 43.56430708 27.3977481
OS 43.58881046 27.39027796
OS 43.6148099 27.38446898
OS 43.64230794 27.38031862
OS 43.67130204 27.37782942
OS 43.7017922 27.37699884
OS 43.7017922 27.12299884
OS 43.67130204 27.12216826
OS 43.64230794 27.11967906
OS 43.6148099 27.1155287
OS 43.58881046 27.10971972
OS 43.56430708 27.10224958
OS 43.54129976 27.09311828
OS 43.51979104 27.08232836
OS 43.49977838 27.06987982
OS 43.48126178 27.05577012
OS 43.46424124 27.03999926
OS 43.46424124 27.45999842
OS 43.48126178 27.44422756
OE
SE
S P 0
OB 43.55086794 28.47381402 I
OS 43.55398452 28.4507432
OS 43.55933122 28.42778922
OS 43.56691058 28.40494954
OS 43.5767226 28.38222416
OS 43.58876728 28.35961562
OS 43.60304462 28.33712392
OS 43.61955208 28.31474652
OS 43.63829474 28.29248342
OS 43.65926752 28.27033716
OS 43.47966158 28.09073122
OS 43.45751532 28.111704
OS 43.43525222 28.13044666
OS 43.41287482 28.14695412
OS 43.39038312 28.16123146
OS 43.36777458 28.17327614
OS 43.3450492 28.18308816
OS 43.32220952 28.19066752
OS 43.29925554 28.19601422
OS 43.27618472 28.1991308
OS 43.2529996 28.20001472
OS 43.54998402 28.49699914
OS 43.55086794 28.47381402
OE
SE
S P 0
OB 43.65926752 24.72966098 I
OS 43.63829474 24.70751472
OS 43.61955208 24.68525162
OS 43.60304462 24.66287422
OS 43.58876728 24.64038252
OS 43.5767226 24.61777398
OS 43.56691058 24.5950486
OS 43.55933122 24.57220892
OS 43.55398452 24.54925494
OS 43.55086794 24.52618412
OS 43.54998402 24.502999
OS 43.2529996 24.79998342
OS 43.27618472 24.80086734
OS 43.29925554 24.80398392
OS 43.32220952 24.80933062
OS 43.3450492 24.81690998
OS 43.36777458 24.826722
OS 43.39038312 24.83876668
OS 43.41287482 24.85304402
OS 43.43525222 24.86955148
OS 43.45751532 24.88829414
OS 43.47966158 24.90926692
OS 43.65926752 24.72966098
OE
SE
S P 0
OB 43.65926752 26.22966052 I
OS 43.63829474 26.20751426
OS 43.61955208 26.18525116
OS 43.60304462 26.16287376
OS 43.58876728 26.14038206
OS 43.5767226 26.11777352
OS 43.56691058 26.09504814
OS 43.55933122 26.07220846
OS 43.55398452 26.04925448
OS 43.55086794 26.02618366
OS 43.54998402 26.00299854
OS 43.2529996 26.29998296
OS 43.27618472 26.30086688
OS 43.29925554 26.30398346
OS 43.32220952 26.30933016
OS 43.3450492 26.31690952
OS 43.36777458 26.32672154
OS 43.39038312 26.33876622
OS 43.41287482 26.35304356
OS 43.43525222 26.36955102
OS 43.45751532 26.38829368
OS 43.47966158 26.40926646
OS 43.65926752 26.22966052
OE
SE
S P 0
OB 43.83689226 15.86914276 I
OS 43.87281294 15.83860942
OS 43.90873362 15.81166764
OS 43.94465684 15.78831996
OS 43.98057752 15.76856384
OS 44.0164982 15.75239928
OS 44.05241888 15.73982628
OS 44.08833956 15.73084484
OS 44.12426024 15.7254575
OS 44.16018092 15.72366172
OS 43.80097158 15.36445238
OS 43.7991758 15.40037306
OS 43.79378846 15.43629374
OS 43.78480702 15.47221442
OS 43.77223402 15.5081351
OS 43.75606946 15.54405578
OS 43.73631334 15.57997646
OS 43.71296566 15.61589968
OS 43.68602388 15.65182036
OS 43.65549054 15.68774104
OS 43.62136564 15.72366172
OS 43.80097158 15.90326766
OS 43.83689226 15.86914276
OE
SE
S P 0
OB 44.85304974 34.45304768 I
OS 44.59904974 34.44999714
OS 44.59904974 34.70399714
OS 44.64730974 34.70526714
OS 44.69048974 34.70907714
OS 44.72858974 34.71542714
OS 44.76160974 34.72431714
OS 44.78954974 34.73574714
OS 44.81240974 34.74971714
OS 44.83018974 34.76622714
OS 44.84288974 34.78527714
OS 44.85050974 34.80686714
OS 44.85304974 34.83099714
OS 44.85304974 34.45304768
OE
SE
S P 0
OB 45.64874792 36.52633792 I
OS 45.65413526 36.49041724
OS 45.6631167 36.45449656
OS 45.6756897 36.41857588
OS 45.69185426 36.3826552
OS 45.71161038 36.34673452
OS 45.73495806 36.3108113
OS 45.76189984 36.27489062
OS 45.79243318 36.23896994
OS 45.82655808 36.20304926
OS 45.69695204 35.97344342
OS 45.66103136 36.00756832
OS 45.62511068 36.03810166
OS 45.58919 36.06504344
OS 45.55326678 36.08839112
OS 45.5173461 36.10814724
OS 45.48142542 36.1243118
OS 45.44550474 36.1368848
OS 45.40958406 36.14586624
OS 45.37366338 36.15125358
OS 45.3377427 36.15304936
OS 45.64695214 36.5622586
OS 45.64874792 36.52633792
OE
OB 83.45000074 35.54999748 I
OS 79.34999878 35.54999748
OS 79.34999878 37.74999562
OS 83.45000074 37.74999562
OS 83.45000074 35.54999748
OE
OB 54.22987122 35.25757744 I
OS 54.20828122 35.24463868
OS 54.18923122 35.22744542
OS 54.17272122 35.20599766
OS 54.15875122 35.1802954
OS 54.14732122 35.15033864
OS 54.13843122 35.11612738
OS 54.13208122 35.07766162
OS 54.12827122 35.0349439
OS 54.12700122 34.98796914
OS 53.87300122 34.98796914
OS 53.87173122 35.0349439
OS 53.86792122 35.07766162
OS 53.86157122 35.11612738
OS 53.85268122 35.15033864
OS 53.84125122 35.1802954
OS 53.82728122 35.20599766
OS 53.81077122 35.22744542
OS 53.79172122 35.24463868
OS 53.77013122 35.25757744
OS 53.74600122 35.26626424
OS 54.25400122 35.26626424
OS 54.22987122 35.25757744
OE
OB 54.1278318 32.92130322 I
OS 54.130321 32.89230912
OS 54.13447136 32.86481108
OS 54.14028034 32.83881164
OS 54.14775048 32.81430826
OS 54.15688178 32.79130094
OS 54.1676717 32.76979222
OS 54.18012024 32.74977956
OS 54.19422994 32.73126296
OS 54.2100008 32.71424242
OS 53.79000164 32.71424242
OS 53.8057725 32.73126296
OS 53.8198822 32.74977956
OS 53.83233074 32.76979222
OS 53.84312066 32.79130094
OS 53.85225196 32.81430826
OS 53.8597221 32.83881164
OS 53.86553108 32.86481108
OS 53.86968144 32.89230912
OS 53.87217064 32.92130322
OS 53.87300122 32.95179338
OS 54.12700122 32.95179338
OS 54.1278318 32.92130322
OE
OB 46.37782952 32.92130322 I
OS 46.38031872 32.89230912
OS 46.38446908 32.86481108
OS 46.39027806 32.83881164
OS 46.3977482 32.81430826
OS 46.4068795 32.79130094
OS 46.41766942 32.76979222
OS 46.43011796 32.74977956
OS 46.44422766 32.73126296
OS 46.45999852 32.71424242
OS 46.03999936 32.71424242
OS 46.05577022 32.73126296
OS 46.06987992 32.74977956
OS 46.08232846 32.76979222
OS 46.09311838 32.79130094
OS 46.10224968 32.81430826
OS 46.10971982 32.83881164
OS 46.1155288 32.86481108
OS 46.11967916 32.89230912
OS 46.12216836 32.92130322
OS 46.12299894 32.95179338
OS 46.37699894 32.95179338
OS 46.37782952 32.92130322
OE
OB 50.53575872 30.03999834 I
OS 50.51874072 30.0557692
OS 50.50022412 30.0698789
OS 50.48021146 30.08232744
OS 50.4587002 30.09311736
OS 50.43569288 30.10224866
OS 50.4111895 30.1097188
OS 50.38519006 30.11552778
OS 50.35769456 30.11967814
OS 50.32870046 30.12216734
OS 50.2982103 30.12299792
OS 50.29820776 30.37699792
OS 50.32869792 30.3778285
OS 50.35769202 30.3803177
OS 50.38518752 30.38446806
OS 50.41118696 30.39027704
OS 50.43569034 30.39774718
OS 50.45869766 30.40687848
OS 50.48020638 30.4176684
OS 50.50021904 30.43011694
OS 50.51873564 30.44422918
OS 50.53575618 30.4599975
OS 50.53575872 30.03999834
OE
OB 49.69949166 30.47986792 I
OS 49.70711166 30.45827792
OS 49.71981166 30.43922792
OS 49.73759166 30.42271792
OS 49.76045166 30.40874792
OS 49.78839166 30.39731792
OS 49.82141166 30.38842792
OS 49.85951166 30.38207792
OS 49.90269166 30.37826792
OS 49.95095166 30.37699792
OS 49.95095166 30.12299792
OS 49.90269166 30.12172792
OS 49.85951166 30.11791792
OS 49.82141166 30.11156792
OS 49.78839166 30.10267792
OS 49.76045166 30.09124792
OS 49.73759166 30.07727792
OS 49.71981166 30.06076792
OS 49.70711166 30.04171792
OS 49.69949166 30.02012792
OS 49.69695166 29.99599792
OS 49.69695166 30.50399792
OS 49.69949166 30.47986792
OE
OB 48.80304946 29.89599812 I
OS 48.80050946 29.92012812
OS 48.79288946 29.94171812
OS 48.78018946 29.96076812
OS 48.76240946 29.97727812
OS 48.73954946 29.99124812
OS 48.71160946 30.00267812
OS 48.67858946 30.01156812
OS 48.64048946 30.01791812
OS 48.59730946 30.02172812
OS 48.54904946 30.02299812
OS 48.54904946 30.27699812
OS 48.59730946 30.27826812
OS 48.64048946 30.28207812
OS 48.67858946 30.28842812
OS 48.71160946 30.29731812
OS 48.73954946 30.30874812
OS 48.76240946 30.32271812
OS 48.78018946 30.33922812
OS 48.79288946 30.35827812
OS 48.80050946 30.37986812
OS 48.80304946 30.40399812
OS 48.80304946 29.89599812
OE
OB 47.94949008 30.37986812 I
OS 47.95711008 30.35827812
OS 47.96981008 30.33922812
OS 47.98759008 30.32271812
OS 48.01045008 30.30874812
OS 48.03839008 30.29731812
OS 48.07141008 30.28842812
OS 48.10951008 30.28207812
OS 48.15269008 30.27826812
OS 48.20095008 30.27699812
OS 48.20095008 30.02299812
OS 48.15269008 30.02172812
OS 48.10951008 30.01791812
OS 48.07141008 30.01156812
OS 48.03839008 30.00267812
OS 48.01045008 29.99124812
OS 47.98759008 29.97727812
OS 47.96981008 29.96076812
OS 47.95711008 29.94171812
OS 47.94949008 29.92012812
OS 47.94695008 29.89599812
OS 47.94695008 30.40399812
OS 47.94949008 30.37986812
OE
OB 45.02028842 29.55704528 I
OS 45.0045201 29.57394644
OS 44.9871084 29.5890696
OS 44.96805332 29.60241222
OS 44.94735232 29.61397684
OS 44.9250054 29.62376092
OS 44.9010151 29.631767
OS 44.87537888 29.63799508
OS 44.84809928 29.64244262
OS 44.81917376 29.64511216
OS 44.78860486 29.64600116
OS 44.81019486 29.90000116
OS 44.84063168 29.90075808
OS 44.86968928 29.90303392
OS 44.89736512 29.9068236
OS 44.92366428 29.91212966
OS 44.94858422 29.9189521
OS 44.9721224 29.92729092
OS 44.9942839 29.93714612
OS 45.01506618 29.9485177
OS 45.0344667 29.96140312
OS 45.05249054 29.97580746
OS 45.02028842 29.55704528
OE
OB 47.33725356 29.7280457 I
OS 47.30133288 29.72624992
OS 47.2654122 29.72086258
OS 47.22949152 29.71188114
OS 47.19357084 29.69930814
OS 47.15765016 29.68314358
OS 47.12172948 29.66338746
OS 47.08580626 29.64003978
OS 47.04988558 29.613098
OS 47.0139649 29.58256466
OS 46.97804422 29.54843976
OS 46.78364024 29.71324766
OS 46.83482886 29.76622952
OS 46.921039 29.86680844
OS 46.95606052 29.9144055
OS 46.9856947 29.96020424
OS 47.00994154 30.0042072
OS 47.02880104 30.04641438
OS 47.04227066 30.08682578
OS 47.05035294 30.1254414
OS 47.05304788 30.1622587
OS 47.33725356 29.7280457
OE
OB 54.84024592 28.90259396 I
OS 54.82173948 28.9159696
OS 54.8019097 28.92794062
OS 54.78075404 28.93850194
OS 54.75827504 28.94765356
OS 54.7344727 28.95539802
OS 54.70934448 28.96173532
OS 54.68289546 28.96666292
OS 54.65512056 28.97018336
OS 54.62602232 28.97229664
OS 54.59560074 28.97300022
OS 54.55955814 29.22700022
OS 54.590188 29.22792224
OS 54.61906526 29.2306883
OS 54.64618738 29.2352984
OS 54.67155436 29.24175
OS 54.6951662 29.25004818
OS 54.7170229 29.26018786
OS 54.737127 29.27217412
OS 54.75547342 29.28600188
OS 54.7720647 29.30167368
OS 54.78690338 29.31919206
OS 54.84024592 28.90259396
OE
OB 54.14949038 29.32987022 I
OS 54.15711038 29.30828022
OS 54.16981038 29.28923022
OS 54.18759038 29.27272022
OS 54.21045038 29.25875022
OS 54.23839038 29.24732022
OS 54.27141038 29.23843022
OS 54.30951038 29.23208022
OS 54.35269038 29.22827022
OS 54.40095038 29.22700022
OS 54.40095038 28.97300022
OS 54.35269038 28.97173022
OS 54.30951038 28.96792022
OS 54.27141038 28.96157022
OS 54.23839038 28.95268022
OS 54.21045038 28.94125022
OS 54.18759038 28.92728022
OS 54.16981038 28.91077022
OS 54.15711038 28.89172022
OS 54.14949038 28.87013022
OS 54.14695038 28.84600022
OS 54.14695038 29.35400022
OS 54.14949038 29.32987022
OE
OB 49.99673262 25.3487809 I
OS 49.97971208 25.36455176
OS 49.96119548 25.37866146
OS 49.94118282 25.39111
OS 49.9196741 25.40189992
OS 49.89666678 25.41103122
OS 49.8721634 25.41850136
OS 49.84616396 25.42431034
OS 49.81866592 25.4284607
OS 49.78967182 25.4309499
OS 49.75918166 25.43178048
OS 49.75918166 25.68578048
OS 49.78967182 25.68661106
OS 49.81866592 25.68910026
OS 49.84616396 25.69325062
OS 49.8721634 25.6990596
OS 49.89666678 25.70652974
OS 49.9196741 25.71566104
OS 49.94118282 25.72645096
OS 49.96119548 25.7388995
OS 49.97971208 25.7530092
OS 49.99673262 25.76878006
OS 49.99673262 25.3487809
OE
OB 49.14949022 25.78865048 I
OS 49.15711022 25.76706048
OS 49.16981022 25.74801048
OS 49.18759022 25.73150048
OS 49.21045022 25.71753048
OS 49.23839022 25.70610048
OS 49.27141022 25.69721048
OS 49.30951022 25.69086048
OS 49.35269022 25.68705048
OS 49.40095022 25.68578048
OS 49.40095022 25.43178048
OS 49.35269022 25.43051048
OS 49.30951022 25.42670048
OS 49.27141022 25.42035048
OS 49.23839022 25.41146048
OS 49.21045022 25.40003048
OS 49.18759022 25.38606048
OS 49.16981022 25.36955048
OS 49.15711022 25.35050048
OS 49.14949022 25.32891048
OS 49.14695022 25.30478048
OS 49.14695022 25.81278048
OS 49.14949022 25.78865048
OE
OB 51.07349958 20.70252146 I
OS 51.05647904 20.71829232
OS 51.03796244 20.73240202
OS 51.01794978 20.74485056
OS 50.99644106 20.75564048
OS 50.97343374 20.76477178
OS 50.94893036 20.77224192
OS 50.92293092 20.7780509
OS 50.89543288 20.78220126
OS 50.86643878 20.78469046
OS 50.83594862 20.78552104
OS 50.83594862 21.03952104
OS 50.86643878 21.04035162
OS 50.89543288 21.04284082
OS 50.92293092 21.04699118
OS 50.94893036 21.05280016
OS 50.97343374 21.0602703
OS 50.99644106 21.0694016
OS 51.01794978 21.08019152
OS 51.03796244 21.09264006
OS 51.05647904 21.10674976
OS 51.07349958 21.12252062
OS 51.07349958 20.70252146
OE
OB 50.39949026 21.14239104 I
OS 50.40711026 21.12080104
OS 50.41981026 21.10175104
OS 50.43759026 21.08524104
OS 50.46045026 21.07127104
OS 50.48839026 21.05984104
OS 50.52141026 21.05095104
OS 50.55951026 21.04460104
OS 50.60269026 21.04079104
OS 50.65095026 21.03952104
OS 50.65095026 20.78552104
OS 50.60269026 20.78425104
OS 50.55951026 20.78044104
OS 50.52141026 20.77409104
OS 50.48839026 20.76520104
OS 50.46045026 20.75377104
OS 50.43759026 20.73980104
OS 50.41981026 20.72329104
OS 50.40711026 20.70424104
OS 50.39949026 20.68265104
OS 50.39695026 20.65852104
OS 50.39695026 21.16652104
OS 50.39949026 21.14239104
OE
SE
S P 0
OB 46.83896906 16.04243172 I
OS 46.87488974 16.01189838
OS 46.91081042 15.9849566
OS 46.94673364 15.96160892
OS 46.98265432 15.9418528
OS 47.018575 15.92568824
OS 47.05449568 15.91311524
OS 47.09041636 15.9041338
OS 47.12633704 15.89874646
OS 47.16225772 15.89695068
OS 46.80304838 15.53774134
OS 46.8012526 15.57366202
OS 46.79586526 15.6095827
OS 46.78688382 15.64550338
OS 46.77431082 15.68142406
OS 46.75814626 15.71734474
OS 46.73839014 15.75326542
OS 46.71504246 15.78918864
OS 46.68810068 15.82510932
OS 46.65756734 15.86103
OS 46.62344244 15.89695068
OS 46.80304838 16.07655662
OS 46.83896906 16.04243172
OE
SE
S P 0
OB 49.14949022 24.12986792 I
OS 49.15711022 24.10827792
OS 49.16981022 24.08922792
OS 49.18759022 24.07271792
OS 49.21045022 24.05874792
OS 49.23839022 24.04731792
OS 49.27141022 24.03842792
OS 49.30951022 24.03207792
OS 49.35269022 24.02826792
OS 49.40095022 24.02699792
OS 49.40095022 23.77299792
OS 49.35269022 23.77172792
OS 49.30951022 23.76791792
OS 49.27141022 23.76156792
OS 49.23839022 23.75267792
OS 49.21045022 23.74124792
OS 49.18759022 23.72727792
OS 49.16981022 23.71076792
OS 49.15711022 23.69171792
OS 49.14949022 23.67012792
OS 49.14695022 23.64599792
OS 49.14695022 24.15399792
OS 49.14949022 24.12986792
OE
OB 48.71225716 23.45304682 I
OS 48.67633648 23.45125104
OS 48.6404158 23.4458637
OS 48.60449512 23.43688226
OS 48.56857444 23.42430926
OS 48.53265376 23.4081447
OS 48.49673308 23.38838858
OS 48.46080986 23.3650409
OS 48.42488918 23.33809912
OS 48.3889685 23.30756578
OS 48.35304782 23.27344088
OS 48.17344188 23.45304682
OS 48.20756678 23.4889675
OS 48.23810012 23.52488818
OS 48.2650419 23.56080886
OS 48.28838958 23.59673208
OS 48.3081457 23.63265276
OS 48.32431026 23.66857344
OS 48.33688326 23.70449412
OS 48.3458647 23.7404148
OS 48.35125204 23.77633548
OS 48.35304782 23.81225616
OS 48.71225716 23.45304682
OE
SE
S P 0
OB 50.39949026 22.82987052 I
OS 50.40711026 22.80828052
OS 50.41981026 22.78923052
OS 50.43759026 22.77272052
OS 50.46045026 22.75875052
OS 50.48839026 22.74732052
OS 50.52141026 22.73843052
OS 50.55951026 22.73208052
OS 50.60269026 22.72827052
OS 50.65095026 22.72700052
OS 50.65095026 22.47300052
OS 50.60269026 22.47173052
OS 50.55951026 22.46792052
OS 50.52141026 22.46157052
OS 50.48839026 22.45268052
OS 50.46045026 22.44125052
OS 50.43759026 22.42728052
OS 50.41981026 22.41077052
OS 50.40711026 22.39172052
OS 50.39949026 22.37013052
OS 50.39695026 22.34600052
OS 50.39695026 22.85400052
OS 50.39949026 22.82987052
OE
SE
S P 0
OB 52.23126206 39.69422846 I
OS 52.24977866 39.68011876
OS 52.26979132 39.66767022
OS 52.29130004 39.6568803
OS 52.31430736 39.647749
OS 52.33881074 39.64027886
OS 52.36481018 39.63446988
OS 52.39230822 39.63031952
OS 52.42130232 39.62783032
OS 52.45179248 39.62699974
OS 52.45179248 39.37299974
OS 52.42130232 39.37216916
OS 52.39230822 39.36967996
OS 52.36481018 39.3655296
OS 52.33881074 39.35972062
OS 52.31430736 39.35225048
OS 52.29130004 39.34311918
OS 52.26979132 39.33232926
OS 52.24977866 39.31988072
OS 52.23126206 39.30577102
OS 52.21424152 39.29000016
OS 52.21424152 39.70999932
OS 52.23126206 39.69422846
OE
OB 53.0162643 39.24599974 I
OS 53.0075775 39.27012974
OS 52.99463874 39.29171974
OS 52.97744548 39.31076974
OS 52.95599772 39.32727974
OS 52.93029546 39.34124974
OS 52.9003387 39.35267974
OS 52.86612744 39.36156974
OS 52.82766168 39.36791974
OS 52.78494396 39.37172974
OS 52.7379692 39.37299974
OS 52.7379692 39.62699974
OS 52.78494396 39.62826974
OS 52.82766168 39.63207974
OS 52.86612744 39.63842974
OS 52.9003387 39.64731974
OS 52.93029546 39.65874974
OS 52.95599772 39.67271974
OS 52.97744548 39.68922974
OS 52.99463874 39.70827974
OS 53.0075775 39.72986974
OS 53.0162643 39.75399974
OS 53.0162643 39.24599974
OE
OB 41.94422904 38.01873778 I
OS 41.93011934 38.00022118
OS 41.9176708 37.98020852
OS 41.90688088 37.9586998
OS 41.89774958 37.93569248
OS 41.89027944 37.9111891
OS 41.88447046 37.88518966
OS 41.8803201 37.85769162
OS 41.8778309 37.82869752
OS 41.87700032 37.79820736
OS 41.62300032 37.79820736
OS 41.62216974 37.82869752
OS 41.61968054 37.85769162
OS 41.61553018 37.88518966
OS 41.6097212 37.9111891
OS 41.60225106 37.93569248
OS 41.59311976 37.9586998
OS 41.58232984 37.98020852
OS 41.5698813 38.00022118
OS 41.5557716 38.01873778
OS 41.54000074 38.03575832
OS 41.9599999 38.03575832
OS 41.94422904 38.01873778
OE
OB 35.44422934 38.01873778 I
OS 35.43011964 38.00022118
OS 35.4176711 37.98020852
OS 35.40688118 37.9586998
OS 35.39774988 37.93569248
OS 35.39027974 37.9111891
OS 35.38447076 37.88518966
OS 35.3803204 37.85769162
OS 35.3778312 37.82869752
OS 35.37700062 37.79820736
OS 35.12300062 37.79820736
OS 35.12217004 37.82869752
OS 35.11968084 37.85769162
OS 35.11553048 37.88518966
OS 35.1097215 37.9111891
OS 35.10225136 37.93569248
OS 35.09312006 37.9586998
OS 35.08233014 37.98020852
OS 35.0698816 38.00022118
OS 35.0557719 38.01873778
OS 35.04000104 38.03575832
OS 35.4600002 38.03575832
OS 35.44422934 38.01873778
OE
OB 35.37827062 37.40269126 I
OS 35.38208062 37.35951126
OS 35.38843062 37.32141126
OS 35.39732062 37.28839126
OS 35.40875062 37.26045126
OS 35.42272062 37.23759126
OS 35.43923062 37.21981126
OS 35.45828062 37.20711126
OS 35.47987062 37.19949126
OS 35.50400062 37.19695126
OS 34.99600062 37.19695126
OS 35.02013062 37.19949126
OS 35.04172062 37.20711126
OS 35.06077062 37.21981126
OS 35.07728062 37.23759126
OS 35.09125062 37.26045126
OS 35.10268062 37.28839126
OS 35.11157062 37.32141126
OS 35.11792062 37.35951126
OS 35.12173062 37.40269126
OS 35.12300062 37.45095126
OS 35.37700062 37.45095126
OS 35.37827062 37.40269126
OE
OB 66.13066784 36.8760629 I
OS 66.09654294 36.84014222
OS 66.0660096 36.80422154
OS 66.03906782 36.76830086
OS 66.01572014 36.73237764
OS 65.99596402 36.69645696
OS 65.97979946 36.66053628
OS 65.96722646 36.6246156
OS 65.95824502 36.58869492
OS 65.95285768 36.55277424
OS 65.9510619 36.51685356
OS 65.59185256 36.8760629
OS 65.62777324 36.87785868
OS 65.66369392 36.88324602
OS 65.6996146 36.89222746
OS 65.73553528 36.90480046
OS 65.77145596 36.92096502
OS 65.80737664 36.94072114
OS 65.84329986 36.96406882
OS 65.87922054 36.9910106
OS 65.91514122 37.02154394
OS 65.9510619 37.05566884
OS 66.13066784 36.8760629
OE
OB 35.62415786 36.30050906 I
OS 35.60376674 36.29288906
OS 35.58577592 36.28018906
OS 35.57018286 36.26240906
OS 35.55698756 36.23954906
OS 35.54619256 36.21160906
OS 35.53779532 36.17858906
OS 35.53179838 36.14048906
OS 35.5281992 36.09730906
OS 35.52700032 36.04904906
OS 35.27300032 36.04904906
OS 35.27173032 36.09730906
OS 35.26792032 36.14048906
OS 35.26157032 36.17858906
OS 35.25268032 36.21160906
OS 35.24125032 36.23954906
OS 35.22728032 36.26240906
OS 35.21077032 36.28018906
OS 35.19172032 36.29288906
OS 35.17013032 36.30050906
OS 35.14600032 36.30304906
OS 35.64694928 36.30304906
OS 35.62415786 36.30050906
OE
OB 41.87827032 35.90268918 I
OS 41.88208032 35.85950918
OS 41.88843032 35.82140918
OS 41.89732032 35.78838918
OS 41.90875032 35.76044918
OS 41.92272032 35.73758918
OS 41.93923032 35.71980918
OS 41.95828032 35.70710918
OS 41.97987032 35.69948918
OS 42.00400032 35.69694918
OS 41.49600032 35.69694918
OS 41.52013032 35.69948918
OS 41.54172032 35.70710918
OS 41.56077032 35.71980918
OS 41.57728032 35.73758918
OS 41.59125032 35.76044918
OS 41.60268032 35.78838918
OS 41.61157032 35.82140918
OS 41.61792032 35.85950918
OS 41.62173032 35.90268918
OS 41.62300032 35.95094918
OS 41.87700032 35.95094918
OS 41.87827032 35.90268918
OE
OB 35.52827032 35.65268968 I
OS 35.53208032 35.60950968
OS 35.53843032 35.57140968
OS 35.54732032 35.53838968
OS 35.55875032 35.51044968
OS 35.57272032 35.48758968
OS 35.58923032 35.46980968
OS 35.60828032 35.45710968
OS 35.62987032 35.44948968
OS 35.65400032 35.44694968
OS 35.14600032 35.44694968
OS 35.17013032 35.44948968
OS 35.19172032 35.45710968
OS 35.21077032 35.46980968
OS 35.22728032 35.48758968
OS 35.24125032 35.51044968
OS 35.25268032 35.53838968
OS 35.26157032 35.57140968
OS 35.26792032 35.60950968
OS 35.27173032 35.65268968
OS 35.27300032 35.70094968
OS 35.52700032 35.70094968
OS 35.52827032 35.65268968
OE
OB 41.71225846 34.80304698 I
OS 41.67633778 34.8012512
OS 41.6404171 34.79586386
OS 41.60449642 34.78688242
OS 41.56857574 34.77430942
OS 41.53265506 34.75814486
OS 41.49673438 34.73838874
OS 41.46081116 34.71504106
OS 41.42489048 34.68809928
OS 41.3889698 34.65756594
OS 41.35304912 34.62344104
OS 41.17344318 34.80304698
OS 41.20756808 34.83896766
OS 41.23810142 34.87488834
OS 41.2650432 34.91080902
OS 41.28839088 34.94673224
OS 41.308147 34.98265292
OS 41.32431156 35.0185736
OS 41.33688456 35.05449428
OS 41.345866 35.09041496
OS 41.35125334 35.12633564
OS 41.35304912 35.16225632
OS 41.71225846 34.80304698
OE
OB 39.76302182 33.60314082 I
OS 39.76346124 33.59636664
OS 39.7659225 33.58831484
OS 39.77040814 33.57898542
OS 39.77691562 33.56837838
OS 39.78544748 33.55649372
OS 39.79600118 33.54333144
OS 39.82317918 33.51317402
OS 39.83980094 33.49617634
OS 39.65294584 33.3238221
OS 39.5136878 33.4503141
OS 39.76460424 33.60863738
OS 39.76302182 33.60314082
OE
OB 35.02595484 17.4460027 I
OS 34.97769484 17.4447327
OS 34.93451484 17.4409227
OS 34.89641484 17.4345727
OS 34.86339484 17.4256827
OS 34.83545484 17.4142527
OS 34.81259484 17.4002827
OS 34.79481484 17.3837727
OS 34.78211484 17.3647227
OS 34.77449484 17.3431327
OS 34.77195484 17.3190027
OS 34.77195484 17.69695216
OS 35.02595484 17.7000027
OS 35.02595484 17.4460027
OE
OB 38.04248424 17.1382944 I
OS 38.06474734 17.11955174
OS 38.08712474 17.10304428
OS 38.10961644 17.08876694
OS 38.13222498 17.07672226
OS 38.15495036 17.06691024
OS 38.17779004 17.05933088
OS 38.20074402 17.05398418
OS 38.22381484 17.0508676
OS 38.24699996 17.04998368
OS 37.95001554 16.75299926
OS 37.94913162 16.77618438
OS 37.94601504 16.7992552
OS 37.94066834 16.82220918
OS 37.93308898 16.84504886
OS 37.92327696 16.86777424
OS 37.91123228 16.89038278
OS 37.89695494 16.91287448
OS 37.88044748 16.93525188
OS 37.86170482 16.95751498
OS 37.84073204 16.97966124
OS 38.02033798 17.15926718
OS 38.04248424 17.1382944
OE
OB 34.57987242 16.80050996 I
OS 34.55828242 16.79288996
OS 34.53923242 16.78018996
OS 34.52272242 16.76240996
OS 34.50875242 16.73954996
OS 34.49732242 16.71160996
OS 34.48843242 16.67858996
OS 34.48208242 16.64048996
OS 34.47827242 16.59730996
OS 34.47700242 16.54904996
OS 34.22300242 16.54904996
OS 34.22173242 16.59730996
OS 34.21792242 16.64048996
OS 34.21157242 16.67858996
OS 34.20268242 16.71160996
OS 34.19125242 16.73954996
OS 34.17728242 16.76240996
OS 34.16077242 16.78018996
OS 34.14172242 16.79288996
OS 34.12013242 16.80050996
OS 34.09600242 16.80304996
OS 34.60400242 16.80304996
OS 34.57987242 16.80050996
OE
OB 34.47827242 16.15269058 I
OS 34.48208242 16.10951058
OS 34.48843242 16.07141058
OS 34.49732242 16.03839058
OS 34.50875242 16.01045058
OS 34.52272242 15.98759058
OS 34.53923242 15.96981058
OS 34.55828242 15.95711058
OS 34.57987242 15.94949058
OS 34.60400242 15.94695058
OS 34.10304838 15.94695058
OS 34.1258398 15.94949058
OS 34.14623092 15.95711058
OS 34.16422428 15.96981058
OS 34.17981988 15.98759058
OS 34.19301264 16.01045058
OS 34.20381018 16.03839058
OS 34.21220742 16.07141058
OS 34.21820436 16.10951058
OS 34.22180354 16.15269058
OS 34.22300242 16.20095058
OS 34.47700242 16.20095058
OS 34.47827242 16.15269058
OE
OB 34.72986958 15.05050838 I
OS 34.70827958 15.04288838
OS 34.68922958 15.03018838
OS 34.67271958 15.01240838
OS 34.65874958 14.98954838
OS 34.64731958 14.96160838
OS 34.63842958 14.92858838
OS 34.63207958 14.89048838
OS 34.63153094 14.88427554
OS 34.63446972 14.86480898
OS 34.6402787 14.83880954
OS 34.64774884 14.81430616
OS 34.65688014 14.79129884
OS 34.66767006 14.76979012
OS 34.6801186 14.74977746
OS 34.6942283 14.73126086
OS 34.70999916 14.71424032
OS 34.29 14.71424032
OS 34.30577086 14.73126086
OS 34.31988056 14.74977746
OS 34.3323291 14.76979012
OS 34.34311902 14.79129884
OS 34.35225032 14.81430616
OS 34.35972046 14.83880954
OS 34.36552944 14.86480898
OS 34.36846822 14.88427554
OS 34.36791958 14.89048838
OS 34.36156958 14.92858838
OS 34.35267958 14.96160838
OS 34.34124958 14.98954838
OS 34.32727958 15.01240838
OS 34.31076958 15.03018838
OS 34.29171958 15.04288838
OS 34.27012958 15.05050838
OS 34.24599958 15.05304838
OS 34.75399958 15.05304838
OS 34.72986958 15.05050838
OE
SE
S P 0
OB 52.23126206 43.69422808 I
OS 52.24977866 43.68011838
OS 52.26979132 43.66766984
OS 52.29130004 43.65687992
OS 52.31430736 43.64774862
OS 52.33881074 43.64027848
OS 52.36481018 43.6344695
OS 52.39230822 43.63031914
OS 52.42130232 43.62782994
OS 52.45179248 43.62699936
OS 52.45179248 43.37299936
OS 52.42130232 43.37216878
OS 52.39230822 43.36967958
OS 52.36481018 43.36552922
OS 52.33881074 43.35972024
OS 52.31430736 43.3522501
OS 52.29130004 43.3431188
OS 52.26979132 43.33232888
OS 52.24977866 43.31988034
OS 52.23126206 43.30577064
OS 52.21424152 43.28999978
OS 52.21424152 43.70999894
OS 52.23126206 43.69422808
OE
OB 43.44422858 43.26873744 I
OS 43.43011888 43.25022084
OS 43.41767034 43.23020818
OS 43.40688042 43.20869946
OS 43.39774912 43.18569214
OS 43.39027898 43.16118876
OS 43.38447 43.13518932
OS 43.38031964 43.10769128
OS 43.37783044 43.07869718
OS 43.37699986 43.04820702
OS 43.12299986 43.04820702
OS 43.12216928 43.07869718
OS 43.11968008 43.10769128
OS 43.11552972 43.13518932
OS 43.10972074 43.16118876
OS 43.1022506 43.18569214
OS 43.0931193 43.20869946
OS 43.08232938 43.23020818
OS 43.06988084 43.25022084
OS 43.05577114 43.26873744
OS 43.04000028 43.28575798
OS 43.45999944 43.28575798
OS 43.44422858 43.26873744
OE
OB 38.69422792 43.26873744 I
OS 38.68011822 43.25022084
OS 38.66766968 43.23020818
OS 38.65687976 43.20869946
OS 38.64774846 43.18569214
OS 38.64027832 43.16118876
OS 38.63446934 43.13518932
OS 38.63031898 43.10769128
OS 38.62782978 43.07869718
OS 38.6269992 43.04820702
OS 38.3729992 43.04820702
OS 38.37216862 43.07869718
OS 38.36967942 43.10769128
OS 38.36552906 43.13518932
OS 38.35972008 43.16118876
OS 38.35224994 43.18569214
OS 38.34311864 43.20869946
OS 38.33232872 43.23020818
OS 38.31988018 43.25022084
OS 38.30577048 43.26873744
OS 38.28999962 43.28575798
OS 38.70999878 43.28575798
OS 38.69422792 43.26873744
OE
OB 36.94422888 43.26873744 I
OS 36.93011918 43.25022084
OS 36.91767064 43.23020818
OS 36.90688072 43.20869946
OS 36.89774942 43.18569214
OS 36.89027928 43.16118876
OS 36.8844703 43.13518932
OS 36.88031994 43.10769128
OS 36.87783074 43.07869718
OS 36.87700016 43.04820702
OS 36.62300016 43.04820702
OS 36.62216958 43.07869718
OS 36.61968038 43.10769128
OS 36.61553002 43.13518932
OS 36.60972104 43.16118876
OS 36.6022509 43.18569214
OS 36.5931196 43.20869946
OS 36.58232968 43.23020818
OS 36.56988114 43.25022084
OS 36.55577144 43.26873744
OS 36.54000058 43.28575798
OS 36.95999974 43.28575798
OS 36.94422888 43.26873744
OE
OB 53.23152676 43.449875 I
OS 53.26442738 43.42236172
OS 53.29611642 43.39965412
OS 53.32659388 43.38174966
OS 53.35585722 43.36864834
OS 53.38390898 43.3603527
OS 53.41074916 43.3568602
OS 53.43637776 43.35817338
OS 53.46079478 43.3642897
OS 53.48399768 43.3752117
OS 53.12478834 43.01600236
OS 53.13571034 43.03920526
OS 53.14182666 43.06362228
OS 53.14313984 43.08925088
OS 53.13964734 43.11609106
OS 53.1313517 43.14414282
OS 53.11825038 43.17340616
OS 53.10034592 43.20388362
OS 53.07763832 43.23557266
OS 53.05012504 43.26847328
OS 53.01780862 43.30258802
OS 53.19741202 43.48219142
OS 53.23152676 43.449875
OE
OB 71.31776186 42.8376334 I
OS 71.27824708 42.77058756
OS 71.24338304 42.6898689
OS 71.21316466 42.59548504
OS 71.20215122 42.54893954
OS 71.25648944 42.54893954
OS 71.23235944 42.54639954
OS 71.21076944 42.53877954
OS 71.19768336 42.53005464
OS 71.18759702 42.4874309
OS 71.16667758 42.36570902
OS 71.13878584 42.08125696
OS 71.13181354 41.91852932
OS 71.12948944 41.7421314
OS 70.87548944 41.7421314
OS 70.87316534 41.91852932
OS 70.8383013 42.36570902
OS 70.81738186 42.4874309
OS 70.80729552 42.53005464
OS 70.79420944 42.53877954
OS 70.77261944 42.54639954
OS 70.74848944 42.54893954
OS 70.80282766 42.54893954
OS 70.79181422 42.59548504
OS 70.76159584 42.6898689
OS 70.7267318 42.77058756
OS 70.68721702 42.8376334
OS 70.64305658 42.89101404
OS 71.3619223 42.89101404
OS 71.31776186 42.8376334
OE
OB 69.62747822 40.12687174 I
OS 69.5943109 40.09333612
OS 69.46457278 39.9458688
OS 69.45449406 39.9302478
OS 69.44771226 39.91718712
OS 69.44422738 39.90668422
OS 69.08466244 40.12287124
OS 69.12058312 40.12466702
OS 69.1565038 40.13005436
OS 69.19242448 40.1390358
OS 69.22834516 40.1516088
OS 69.26426584 40.16777336
OS 69.30018652 40.18752948
OS 69.33610974 40.21087716
OS 69.37203042 40.23781894
OS 69.4079511 40.26835228
OS 69.44387178 40.30247718
OS 69.62747822 40.12687174
OE
OB 36.87827016 37.40269126 I
OS 36.88208016 37.35951126
OS 36.88843016 37.32141126
OS 36.89732016 37.28839126
OS 36.90875016 37.26045126
OS 36.92272016 37.23759126
OS 36.93923016 37.21981126
OS 36.95828016 37.20711126
OS 36.97987016 37.19949126
OS 37.00400016 37.19695126
OS 36.49600016 37.19695126
OS 36.52013016 37.19949126
OS 36.54172016 37.20711126
OS 36.56077016 37.21981126
OS 36.57728016 37.23759126
OS 36.59125016 37.26045126
OS 36.60268016 37.28839126
OS 36.61157016 37.32141126
OS 36.61792016 37.35951126
OS 36.62173016 37.40269126
OS 36.62300016 37.45095126
OS 36.87700016 37.45095126
OS 36.87827016 37.40269126
OE
OB 38.6282692 37.10269186 I
OS 38.6320792 37.05951186
OS 38.6384292 37.02141186
OS 38.6473192 36.98839186
OS 38.6587492 36.96045186
OS 38.6727192 36.93759186
OS 38.6892292 36.91981186
OS 38.7082792 36.90711186
OS 38.7298692 36.89949186
OS 38.7539992 36.89695186
OS 38.2459992 36.89695186
OS 38.2701292 36.89949186
OS 38.2917192 36.90711186
OS 38.3107692 36.91981186
OS 38.3272792 36.93759186
OS 38.3412492 36.96045186
OS 38.3526792 36.98839186
OS 38.3615692 37.02141186
OS 38.3679192 37.05951186
OS 38.3717292 37.10269186
OS 38.3729992 37.15095186
OS 38.6269992 37.15095186
OS 38.6282692 37.10269186
OE
OB 36.82987046 36.30050906 I
OS 36.80828046 36.29288906
OS 36.78923046 36.28018906
OS 36.77272046 36.26240906
OS 36.75875046 36.23954906
OS 36.74732046 36.21160906
OS 36.73843046 36.17858906
OS 36.73208046 36.14048906
OS 36.72827046 36.09730906
OS 36.72700046 36.04904906
OS 36.47300046 36.04904906
OS 36.47180158 36.09730906
OS 36.4682024 36.14048906
OS 36.46220546 36.17858906
OS 36.45380822 36.21160906
OS 36.44301322 36.23954906
OS 36.42981792 36.26240906
OS 36.41422486 36.28018906
OS 36.3962315 36.29288906
OS 36.37584038 36.30050906
OS 36.35304896 36.30304906
OS 36.85400046 36.30304906
OS 36.82987046 36.30050906
OE
OB 39.80304968 35.84599638 I
OS 39.80050968 35.87012638
OS 39.79288968 35.89171638
OS 39.78018968 35.91076638
OS 39.76240968 35.92727638
OS 39.73954968 35.94124638
OS 39.71160968 35.95267638
OS 39.67858968 35.96156638
OS 39.64048968 35.96791638
OS 39.59730968 35.97172638
OS 39.54904968 35.97299638
OS 39.54904968 36.22699638
OS 39.59730968 36.22826638
OS 39.64048968 36.23207638
OS 39.67858968 36.23842638
OS 39.71160968 36.24731638
OS 39.73954968 36.25874638
OS 39.76240968 36.27271638
OS 39.78018968 36.28922638
OS 39.79288968 36.30827638
OS 39.80050968 36.32986638
OS 39.80304968 36.35399638
OS 39.80304968 35.84599638
OE
OB 43.37826986 35.90268918 I
OS 43.38207986 35.85950918
OS 43.38842986 35.82140918
OS 43.39731986 35.78838918
OS 43.40874986 35.76044918
OS 43.42271986 35.73758918
OS 43.43922986 35.71980918
OS 43.45827986 35.70710918
OS 43.47986986 35.69948918
OS 43.50399986 35.69694918
OS 42.99599986 35.69694918
OS 43.02012986 35.69948918
OS 43.04171986 35.70710918
OS 43.06076986 35.71980918
OS 43.07727986 35.73758918
OS 43.09124986 35.76044918
OS 43.10267986 35.78838918
OS 43.11156986 35.82140918
OS 43.11791986 35.85950918
OS 43.12172986 35.90268918
OS 43.12299986 35.95094918
OS 43.37699986 35.95094918
OS 43.37826986 35.90268918
OE
OB 36.72827046 35.65268968 I
OS 36.73208046 35.60950968
OS 36.73843046 35.57140968
OS 36.74732046 35.53838968
OS 36.75875046 35.51044968
OS 36.77272046 35.48758968
OS 36.78923046 35.46980968
OS 36.80828046 35.45710968
OS 36.82987046 35.44948968
OS 36.85400046 35.44694968
OS 36.34600046 35.44694968
OS 36.37013046 35.44948968
OS 36.39172046 35.45710968
OS 36.41077046 35.46980968
OS 36.42728046 35.48758968
OS 36.44125046 35.51044968
OS 36.45268046 35.53838968
OS 36.46157046 35.57140968
OS 36.46792046 35.60950968
OS 36.47173046 35.65268968
OS 36.47300046 35.70094968
OS 36.72700046 35.70094968
OS 36.72827046 35.65268968
OE
OB 37.27696634 21.58844552 I
OS 37.29548294 21.57433582
OS 37.3154956 21.56188728
OS 37.33700432 21.55109736
OS 37.36001164 21.54196606
OS 37.38451502 21.53449592
OS 37.41051446 21.52868694
OS 37.4380125 21.52453658
OS 37.4670066 21.52204738
OS 37.49749676 21.5212168
OS 37.49749676 21.2672168
OS 37.4670066 21.26638622
OS 37.4380125 21.26389702
OS 37.41051446 21.25974666
OS 37.38451502 21.25393768
OS 37.36001164 21.24646754
OS 37.33700432 21.23733624
OS 37.3154956 21.22654632
OS 37.29548294 21.21409778
OS 37.27696634 21.19998808
OS 37.2599458 21.18421722
OS 37.2599458 21.60421638
OS 37.27696634 21.58844552
OE
OB 37.37826916 16.15269058 I
OS 37.38207916 16.10951058
OS 37.38842916 16.07141058
OS 37.39731916 16.03839058
OS 37.40874916 16.01045058
OS 37.42271916 15.98759058
OS 37.43922916 15.96981058
OS 37.45827916 15.95711058
OS 37.47986916 15.94949058
OS 37.50399916 15.94695058
OS 36.99599916 15.94695058
OS 37.02012916 15.94949058
OS 37.04171916 15.95711058
OS 37.06076916 15.96981058
OS 37.07727916 15.98759058
OS 37.09124916 16.01045058
OS 37.10267916 16.03839058
OS 37.11156916 16.07141058
OS 37.11791916 16.10951058
OS 37.12172916 16.15269058
OS 37.12299916 16.20095058
OS 37.37699916 16.20095058
OS 37.37826916 16.15269058
OE
OB 40.32986854 15.05050838 I
OS 40.30827854 15.04288838
OS 40.28922854 15.03018838
OS 40.27271854 15.01240838
OS 40.25874854 14.98954838
OS 40.24731854 14.96160838
OS 40.23842854 14.92858838
OS 40.23207854 14.89048838
OS 40.22826854 14.84730838
OS 40.22699854 14.79904838
OS 39.97299854 14.79904838
OS 39.97172854 14.84730838
OS 39.96791854 14.89048838
OS 39.96156854 14.92858838
OS 39.95267854 14.96160838
OS 39.94124854 14.98954838
OS 39.92727854 15.01240838
OS 39.91076854 15.03018838
OS 39.89171854 15.04288838
OS 39.87012854 15.05050838
OS 39.84599854 15.05304838
OS 40.35399854 15.05304838
OS 40.32986854 15.05050838
OE
OB 37.329872 15.05050838 I
OS 37.308282 15.04288838
OS 37.289232 15.03018838
OS 37.272722 15.01240838
OS 37.258752 14.98954838
OS 37.247322 14.96160838
OS 37.238432 14.92858838
OS 37.232082 14.89048838
OS 37.228272 14.84730838
OS 37.227002 14.79904838
OS 36.973002 14.79904838
OS 36.971732 14.84730838
OS 36.967922 14.89048838
OS 36.961572 14.92858838
OS 36.952682 14.96160838
OS 36.941252 14.98954838
OS 36.927282 15.01240838
OS 36.910772 15.03018838
OS 36.891722 15.04288838
OS 36.870132 15.05050838
OS 36.846002 15.05304838
OS 37.354002 15.05304838
OS 37.329872 15.05050838
OE
OB 37.228272 14.40269154 I
OS 37.232082 14.35951154
OS 37.238432 14.32141154
OS 37.247322 14.28839154
OS 37.258752 14.26045154
OS 37.272722 14.23759154
OS 37.289232 14.21981154
OS 37.308282 14.20711154
OS 37.329872 14.19949154
OS 37.354002 14.19695154
OS 36.8530505 14.19695154
OS 36.87584192 14.19949154
OS 36.89623304 14.20711154
OS 36.9142264 14.21981154
OS 36.92981946 14.23759154
OS 36.94301476 14.26045154
OS 36.95380976 14.28839154
OS 36.962207 14.32141154
OS 36.96820394 14.35951154
OS 36.97180312 14.40269154
OS 36.973002 14.45095154
OS 37.227002 14.45095154
OS 37.228272 14.40269154
OE
OB 42.47986932 13.60050874 I
OS 42.45827932 13.59288874
OS 42.43922932 13.58018874
OS 42.42271932 13.56240874
OS 42.40874932 13.53954874
OS 42.39731932 13.51160874
OS 42.38842932 13.47858874
OS 42.38207932 13.44048874
OS 42.37826932 13.39730874
OS 42.37699932 13.34904874
OS 42.12299932 13.34904874
OS 42.12172932 13.39730874
OS 42.11791932 13.44048874
OS 42.11156932 13.47858874
OS 42.10267932 13.51160874
OS 42.09124932 13.53954874
OS 42.07727932 13.56240874
OS 42.06076932 13.58018874
OS 42.04171932 13.59288874
OS 42.02012932 13.60050874
OS 41.99599932 13.60304874
OS 42.50399932 13.60304874
OS 42.47986932 13.60050874
OE
OB 47.47986948 13.6005062 I
OS 47.45827948 13.5928862
OS 47.43922948 13.5801862
OS 47.42271948 13.5624062
OS 47.40874948 13.5395462
OS 47.39731948 13.5116062
OS 47.38842948 13.4785862
OS 47.38207948 13.4404862
OS 47.37826948 13.3973062
OS 47.37699948 13.3490462
OS 47.12299948 13.3490462
OS 47.12172948 13.3973062
OS 47.11791948 13.4404862
OS 47.11156948 13.4785862
OS 47.10267948 13.5116062
OS 47.09124948 13.5395462
OS 47.07727948 13.5624062
OS 47.06076948 13.5801862
OS 47.04171948 13.5928862
OS 47.02012948 13.6005062
OS 46.99599948 13.6030462
OS 47.50399948 13.6030462
OS 47.47986948 13.6005062
OE
OB 37.4798717 13.30050934 I
OS 37.4582817 13.29288934
OS 37.4392317 13.28018934
OS 37.4227217 13.26240934
OS 37.4087517 13.23954934
OS 37.3973217 13.21160934
OS 37.3884317 13.17858934
OS 37.3820817 13.14048934
OS 37.3782717 13.09730934
OS 37.3770017 13.04904934
OS 37.1230017 13.04904934
OS 37.1217317 13.09730934
OS 37.1179217 13.14048934
OS 37.1115717 13.17858934
OS 37.1026817 13.21160934
OS 37.0912517 13.23954934
OS 37.0772817 13.26240934
OS 37.0607717 13.28018934
OS 37.0417217 13.29288934
OS 37.0201317 13.30050934
OS 36.9960017 13.30304934
OS 37.5040017 13.30304934
OS 37.4798717 13.30050934
OE
OB 40.72987028 13.10050974 I
OS 40.70828028 13.09288974
OS 40.68923028 13.08018974
OS 40.67272028 13.06240974
OS 40.65875028 13.03954974
OS 40.64732028 13.01160974
OS 40.63843028 12.97858974
OS 40.63208028 12.94048974
OS 40.62827028 12.89730974
OS 40.62700028 12.84904974
OS 40.37300028 12.84904974
OS 40.37173028 12.89730974
OS 40.36792028 12.94048974
OS 40.36157028 12.97858974
OS 40.35268028 13.01160974
OS 40.34125028 13.03954974
OS 40.32728028 13.06240974
OS 40.31077028 13.08018974
OS 40.29172028 13.09288974
OS 40.27013028 13.10050974
OS 40.24600028 13.10304974
OS 40.75400028 13.10304974
OS 40.72987028 13.10050974
OE
OB 44.9798694 11.52307068 I
OS 44.9582794 11.51545068
OS 44.9392294 11.50275068
OS 44.9227194 11.48497068
OS 44.9087494 11.46211068
OS 44.8973194 11.43417068
OS 44.8884294 11.40115068
OS 44.8820794 11.36305068
OS 44.8782694 11.31987068
OS 44.8769994 11.27161068
OS 44.6229994 11.27161068
OS 44.6217294 11.31987068
OS 44.6179194 11.36305068
OS 44.6115694 11.40115068
OS 44.6026794 11.43417068
OS 44.5912494 11.46211068
OS 44.5772794 11.48497068
OS 44.5607694 11.50275068
OS 44.5417194 11.51545068
OS 44.5201294 11.52307068
OS 44.4959994 11.52561068
OS 45.0039994 11.52561068
OS 44.9798694 11.52307068
OE
OB 48.6278301 10.9213015 I
OS 48.6303193 10.8923074
OS 48.63446966 10.86480936
OS 48.64027864 10.83880992
OS 48.64774878 10.81430654
OS 48.65688008 10.79129922
OS 48.66767 10.7697905
OS 48.68011854 10.74977784
OS 48.69422824 10.73126124
OS 48.7099991 10.7142407
OS 48.28999994 10.7142407
OS 48.3057708 10.73126124
OS 48.3198805 10.74977784
OS 48.33232904 10.7697905
OS 48.34311896 10.79129922
OS 48.35225026 10.81430654
OS 48.3597204 10.83880992
OS 48.36552938 10.86480936
OS 48.36967974 10.8923074
OS 48.37216894 10.9213015
OS 48.37299952 10.95179166
OS 48.62699952 10.95179166
OS 48.6278301 10.9213015
OE
OB 47.37783006 10.9213015 I
OS 47.38031926 10.8923074
OS 47.38446962 10.86480936
OS 47.3902786 10.83880992
OS 47.39774874 10.81430654
OS 47.40688004 10.79129922
OS 47.41766996 10.7697905
OS 47.4301185 10.74977784
OS 47.4442282 10.73126124
OS 47.45999906 10.7142407
OS 47.0399999 10.7142407
OS 47.05577076 10.73126124
OS 47.06988046 10.74977784
OS 47.082329 10.7697905
OS 47.09311892 10.79129922
OS 47.10225022 10.81430654
OS 47.10972036 10.83880992
OS 47.11552934 10.86480936
OS 47.1196797 10.8923074
OS 47.1221689 10.9213015
OS 47.12299948 10.95179166
OS 47.37699948 10.95179166
OS 47.37783006 10.9213015
OE
OB 44.87782998 10.9213015 I
OS 44.88031918 10.8923074
OS 44.88446954 10.86480936
OS 44.89027852 10.83880992
OS 44.89774866 10.81430654
OS 44.90687996 10.79129922
OS 44.91766988 10.7697905
OS 44.93011842 10.74977784
OS 44.94422812 10.73126124
OS 44.95999898 10.7142407
OS 44.53999982 10.7142407
OS 44.55577068 10.73126124
OS 44.56988038 10.74977784
OS 44.58232892 10.7697905
OS 44.59311884 10.79129922
OS 44.60225014 10.81430654
OS 44.60972028 10.83880992
OS 44.61552926 10.86480936
OS 44.61967962 10.8923074
OS 44.62216882 10.9213015
OS 44.6229994 10.95179166
OS 44.8769994 10.95179166
OS 44.87782998 10.9213015
OE
OB 42.3778299 10.9213015 I
OS 42.3803191 10.8923074
OS 42.38446946 10.86480936
OS 42.39027844 10.83880992
OS 42.39774858 10.81430654
OS 42.40687988 10.79129922
OS 42.4176698 10.7697905
OS 42.43011834 10.74977784
OS 42.44422804 10.73126124
OS 42.4599989 10.7142407
OS 42.03999974 10.7142407
OS 42.0557706 10.73126124
OS 42.0698803 10.74977784
OS 42.08232884 10.7697905
OS 42.09311876 10.79129922
OS 42.10225006 10.81430654
OS 42.1097202 10.83880992
OS 42.11552918 10.86480936
OS 42.11967954 10.8923074
OS 42.12216874 10.9213015
OS 42.12299932 10.95179166
OS 42.37699932 10.95179166
OS 42.3778299 10.9213015
OE
OB 40.62783086 10.9213015 I
OS 40.63032006 10.8923074
OS 40.63447042 10.86480936
OS 40.6402794 10.83880992
OS 40.64774954 10.81430654
OS 40.65688084 10.79129922
OS 40.66767076 10.7697905
OS 40.6801193 10.74977784
OS 40.694229 10.73126124
OS 40.70999986 10.7142407
OS 40.2900007 10.7142407
OS 40.30577156 10.73126124
OS 40.31988126 10.74977784
OS 40.3323298 10.7697905
OS 40.34311972 10.79129922
OS 40.35225102 10.81430654
OS 40.35972116 10.83880992
OS 40.36553014 10.86480936
OS 40.3696805 10.8923074
OS 40.3721697 10.9213015
OS 40.37300028 10.95179166
OS 40.62700028 10.95179166
OS 40.62783086 10.9213015
OE
OB 37.3770017 10.95178912 I
OS 37.37783228 10.92129896
OS 37.38032148 10.89230486
OS 37.38447184 10.86480936
OS 37.39028082 10.83880992
OS 37.39775096 10.81430654
OS 37.40688226 10.79129922
OS 37.41767218 10.76978796
OS 37.43012072 10.7497753
OS 37.44423042 10.7312587
OS 37.46000128 10.7142407
OS 37.04000212 10.71424324
OS 37.05577044 10.73126378
OS 37.06988268 10.74978038
OS 37.08233122 10.76979304
OS 37.09312114 10.79130176
OS 37.10225244 10.81430908
OS 37.10972258 10.83881246
OS 37.11553156 10.8648119
OS 37.11968192 10.8923074
OS 37.12217112 10.9213015
OS 37.1230017 10.95179166
OS 37.3770017 10.95178912
OE
SE
S P 0
OB 54.14949038 27.62986854 I
OS 54.15711038 27.60827854
OS 54.16981038 27.58922854
OS 54.18759038 27.57271854
OS 54.21045038 27.55874854
OS 54.23839038 27.54731854
OS 54.27141038 27.53842854
OS 54.30951038 27.53207854
OS 54.35269038 27.52826854
OS 54.40095038 27.52699854
OS 54.40095038 27.27299854
OS 54.35269038 27.27172854
OS 54.30951038 27.26791854
OS 54.27141038 27.26156854
OS 54.23839038 27.25267854
OS 54.21045038 27.24124854
OS 54.18759038 27.22727854
OS 54.16981038 27.21076854
OS 54.15711038 27.19171854
OS 54.14949038 27.17012854
OS 54.14695038 27.14599854
OS 54.14695038 27.65399854
OS 54.14949038 27.62986854
OE
OB 50.48126302 27.44422756 I
OS 50.49977962 27.43011786
OS 50.51979228 27.41766932
OS 50.541301 27.4068794
OS 50.56430832 27.3977481
OS 50.5888117 27.39027796
OS 50.61481114 27.38446898
OS 50.64230918 27.38031862
OS 50.67130328 27.37782942
OS 50.70179344 27.37699884
OS 50.70179344 27.12299884
OS 50.67130328 27.12216826
OS 50.64230918 27.11967906
OS 50.61481114 27.1155287
OS 50.5888117 27.10971972
OS 50.56430832 27.10224958
OS 50.541301 27.09311828
OS 50.51979228 27.08232836
OS 50.49977962 27.06987982
OS 50.48126302 27.05577012
OS 50.46424248 27.03999926
OS 50.46424248 27.45999842
OS 50.48126302 27.44422756
OE
OB 53.35304798 26.99599884 I
OS 53.35050798 27.02012884
OS 53.34288798 27.04171884
OS 53.33018798 27.06076884
OS 53.31240798 27.07727884
OS 53.28954798 27.09124884
OS 53.26160798 27.10267884
OS 53.22858798 27.11156884
OS 53.19048798 27.11791884
OS 53.14730798 27.12172884
OS 53.09904798 27.12299884
OS 53.09904798 27.37699884
OS 53.14730798 27.37826884
OS 53.19048798 27.38207884
OS 53.22858798 27.38842884
OS 53.26160798 27.39731884
OS 53.28954798 27.40874884
OS 53.31240798 27.42271884
OS 53.33018798 27.43922884
OS 53.34288798 27.45827884
OS 53.35050798 27.47986884
OS 53.35304798 27.50399884
OS 53.35304798 26.99599884
OE
SE
S P 0
OB 55.7924843 17.63829594 I
OS 55.8147474 17.61955328
OS 55.8371248 17.60304582
OS 55.8596165 17.58876848
OS 55.88222504 17.5767238
OS 55.90495042 17.56691178
OS 55.9277901 17.55933242
OS 55.95074408 17.55398572
OS 55.9738149 17.55086914
OS 55.99700002 17.54998522
OS 55.7000156 17.2530008
OS 55.69913168 17.27618592
OS 55.6960151 17.29925674
OS 55.6906684 17.32221072
OS 55.68308904 17.3450504
OS 55.67327702 17.36777578
OS 55.66123234 17.39038432
OS 55.646955 17.41287602
OS 55.63044754 17.43525342
OS 55.61170488 17.45751652
OS 55.5907321 17.47966278
OS 55.77033804 17.65926872
OS 55.7924843 17.63829594
OE
OB 75.48126128 13.69422966 I
OS 75.49977788 13.68011996
OS 75.51979054 13.66767142
OS 75.54129926 13.6568815
OS 75.56430658 13.6477502
OS 75.58880996 13.64028006
OS 75.6148094 13.63447108
OS 75.64230744 13.63032072
OS 75.67130154 13.62783152
OS 75.7017917 13.62700094
OS 75.7017917 13.37300094
OS 75.67130154 13.37217036
OS 75.64230744 13.36968116
OS 75.6148094 13.3655308
OS 75.58880996 13.35972182
OS 75.56430658 13.35225168
OS 75.54129926 13.34312038
OS 75.51979054 13.33233046
OS 75.49977788 13.31988192
OS 75.48126128 13.30577222
OS 75.46424074 13.29000136
OS 75.46424074 13.71000052
OS 75.48126128 13.69422966
OE
OB 76.00305094 13.24600094 I
OS 76.00051094 13.27013094
OS 75.99289094 13.29172094
OS 75.98019094 13.31077094
OS 75.96241094 13.32728094
OS 75.93955094 13.34125094
OS 75.91161094 13.35268094
OS 75.87859094 13.36157094
OS 75.84049094 13.36792094
OS 75.79731094 13.37173094
OS 75.74905094 13.37300094
OS 75.74905094 13.62700094
OS 75.79731094 13.62827094
OS 75.84049094 13.63208094
OS 75.87859094 13.63843094
OS 75.91161094 13.64732094
OS 75.93955094 13.65875094
OS 75.96241094 13.67272094
OS 75.98019094 13.68923094
OS 75.99289094 13.70828094
OS 76.00051094 13.72987094
OS 76.00305094 13.75400094
OS 76.00305094 13.24600094
OE
SE
S P 0
OB 58.50305038 17.08600088 I
OS 58.50051038 17.11013088
OS 58.49289038 17.13172088
OS 58.48019038 17.15077088
OS 58.46241038 17.16728088
OS 58.43955038 17.18125088
OS 58.41161038 17.19268088
OS 58.37859038 17.20157088
OS 58.34049038 17.20792088
OS 58.29731038 17.21173088
OS 58.24905038 17.21300088
OS 58.24905038 17.46700088
OS 58.29731038 17.46827088
OS 58.34049038 17.47208088
OS 58.37859038 17.47843088
OS 58.41161038 17.48732088
OS 58.43955038 17.49875088
OS 58.46241038 17.51272088
OS 58.48019038 17.52923088
OS 58.49289038 17.54828088
OS 58.50051038 17.56987088
OS 58.50305038 17.59400088
OS 58.50305038 17.08600088
OE
OB 54.02655692 15.64695118 I
OS 53.99243202 15.6110305
OS 53.96189868 15.57510982
OS 53.9349569 15.53918914
OS 53.91160922 15.50326592
OS 53.8918531 15.46734524
OS 53.87568854 15.43142456
OS 53.86311554 15.39550388
OS 53.8541341 15.3595832
OS 53.84874676 15.32366252
OS 53.84695098 15.28774184
OS 53.48774164 15.64695118
OS 53.52366232 15.64874696
OS 53.559583 15.6541343
OS 53.59550368 15.66311574
OS 53.63142436 15.67568874
OS 53.66734504 15.6918533
OS 53.70326572 15.71160942
OS 53.73918894 15.7349571
OS 53.77510962 15.76189888
OS 53.8110303 15.79243222
OS 53.84695098 15.82655712
OS 54.02655692 15.64695118
OE
OB 53.45987022 14.85050878 I
OS 53.43828022 14.84288878
OS 53.41923022 14.83018878
OS 53.40272022 14.81240878
OS 53.38875022 14.78954878
OS 53.37732022 14.76160878
OS 53.36843022 14.72858878
OS 53.36208022 14.69048878
OS 53.35827022 14.64730878
OS 53.35700022 14.59904878
OS 53.10300022 14.59904878
OS 53.10173022 14.64730878
OS 53.09792022 14.69048878
OS 53.09157022 14.72858878
OS 53.08268022 14.76160878
OS 53.07125022 14.78954878
OS 53.05728022 14.81240878
OS 53.04077022 14.83018878
OS 53.02172022 14.84288878
OS 53.00013022 14.85050878
OS 52.97600022 14.85304878
OS 53.48400022 14.85304878
OS 53.45987022 14.85050878
OE
OB 53.35827022 13.74768904 I
OS 53.36208022 13.70450904
OS 53.36843022 13.66640904
OS 53.37732022 13.63338904
OS 53.38875022 13.60544904
OS 53.40272022 13.58258904
OS 53.41923022 13.56480904
OS 53.43828022 13.55210904
OS 53.45987022 13.54448904
OS 53.48400022 13.54194904
OS 52.97600022 13.54194904
OS 53.00013022 13.54448904
OS 53.02172022 13.55210904
OS 53.04077022 13.56480904
OS 53.05728022 13.58258904
OS 53.07125022 13.60544904
OS 53.08268022 13.63338904
OS 53.09157022 13.66640904
OS 53.09792022 13.70450904
OS 53.10173022 13.74768904
OS 53.10300022 13.79594904
OS 53.35700022 13.79594904
OS 53.35827022 13.74768904
OE
SE
S P 0
OB 58.50305038 4.38600088 I
OS 58.50051038 4.41013088
OS 58.49289038 4.43172088
OS 58.48019038 4.45077088
OS 58.46241038 4.46728088
OS 58.43955038 4.48125088
OS 58.41161038 4.49268088
OS 58.37859038 4.50157088
OS 58.34049038 4.50792088
OS 58.29731038 4.51173088
OS 58.24905038 4.51300088
OS 58.24905038 4.76700088
OS 58.29731038 4.76827088
OS 58.34049038 4.77208088
OS 58.37859038 4.77843088
OS 58.41161038 4.78732088
OS 58.43955038 4.79875088
OS 58.46241038 4.81272088
OS 58.48019038 4.82923088
OS 58.49289038 4.84828088
OS 58.50051038 4.86987088
OS 58.50305038 4.89400088
OS 58.50305038 4.38600088
OE
OB 54.95155888 4.52195184 I
OS 54.91743398 4.48726306
OS 54.81685506 4.37312562
OS 54.8006905 4.35074568
OS 54.7881175 4.33082954
OS 54.77913606 4.31337466
OS 54.77374872 4.29838358
OS 54.77195294 4.28585376
OS 54.53585486 4.52195184
OS 54.54838468 4.52374762
OS 54.56337576 4.52913496
OS 54.58083064 4.5381164
OS 54.60074678 4.5506894
OS 54.62312672 4.56685396
OS 54.67527038 4.60995776
OS 54.73726416 4.66743288
OS 54.77195294 4.70155778
OS 54.95155888 4.52195184
OE
SE
S P 0
OB 58.50305038 5.65600088 I
OS 58.50051038 5.68013088
OS 58.49289038 5.70172088
OS 58.48019038 5.72077088
OS 58.46241038 5.73728088
OS 58.43955038 5.75125088
OS 58.41161038 5.76268088
OS 58.37859038 5.77157088
OS 58.34049038 5.77792088
OS 58.29731038 5.78173088
OS 58.24905038 5.78300088
OS 58.24905038 6.03700088
OS 58.29731038 6.03827088
OS 58.34049038 6.04208088
OS 58.37859038 6.04843088
OS 58.41161038 6.05732088
OS 58.43955038 6.06875088
OS 58.46241038 6.08272088
OS 58.48019038 6.09923088
OS 58.49289038 6.11828088
OS 58.50051038 6.13987088
OS 58.50305038 6.16400088
OS 58.50305038 5.65600088
OE
OB 52.41920682 4.52960232 I
OS 52.38315406 4.487672
OS 52.35101798 4.43790578
OS 52.32279858 4.38030874
OS 52.2984984 4.3148758
OS 52.2781149 4.24160696
OS 52.26164808 4.16050476
OS 52.24910048 4.07156666
OS 52.23575786 3.87019038
OS 52.23496284 3.75774966
OS 51.46775076 4.52496174
OS 51.58019148 4.52575676
OS 51.78156776 4.53909938
OS 51.87050586 4.55164698
OS 51.95160806 4.5681138
OS 52.0248769 4.5884973
OS 52.09030984 4.61279748
OS 52.14790688 4.64101688
OS 52.1976731 4.67315296
OS 52.23960342 4.70920572
OS 52.41920682 4.52960232
OE
SE
S P 0
OB 59.785758 21.5400001 I
OS 59.76873746 21.55577096
OS 59.75022086 21.56988066
OS 59.7302082 21.5823292
OS 59.70869948 21.59311912
OS 59.68569216 21.60225042
OS 59.66118878 21.60972056
OS 59.63518934 21.61552954
OS 59.6076913 21.6196799
OS 59.5786972 21.6221691
OS 59.54820704 21.62299968
OS 59.54820704 21.87699968
OS 59.5786972 21.87783026
OS 59.6076913 21.88031946
OS 59.63518934 21.88446982
OS 59.66118878 21.8902788
OS 59.68569216 21.89774894
OS 59.70869948 21.90688024
OS 59.7302082 21.91767016
OS 59.75022086 21.9301187
OS 59.76873746 21.9442284
OS 59.785758 21.95999926
OS 59.785758 21.5400001
OE
OB 67.50280886 21.58439422 I
OS 67.49773902 21.56583444
OS 67.49597626 21.5467438
OS 67.49752566 21.52712484
OS 67.50238468 21.50697502
OS 67.51055332 21.48629434
OS 67.52203412 21.46508534
OS 67.536822 21.44334294
OS 67.55492458 21.42107222
OS 67.57633424 21.39827318
OS 67.37070346 21.24469462
OS 67.11776264 21.4807165
OS 67.51119086 21.60242568
OS 67.50280886 21.58439422
OE
SE
S P 0
OB 60.29248546 26.13829418 I
OS 60.31474856 26.11955152
OS 60.33712596 26.10304406
OS 60.35961766 26.08876672
OS 60.3822262 26.07672204
OS 60.40495158 26.06691002
OS 60.42779126 26.05933066
OS 60.45074524 26.05398396
OS 60.47381606 26.05086738
OS 60.49700118 26.04998346
OS 60.20001676 25.75299904
OS 60.19913284 25.77618416
OS 60.19601626 25.79925498
OS 60.19066956 25.82220896
OS 60.1830902 25.84504864
OS 60.17327818 25.86777402
OS 60.1612335 25.89038256
OS 60.14695616 25.91287426
OS 60.1304487 25.93525166
OS 60.11170604 25.95751476
OS 60.09073326 25.97966102
OS 60.2703392 26.15926696
OS 60.29248546 26.13829418
OE
OB 62.80114186 23.72736682 I
OS 62.80448704 23.70431378
OS 62.81003694 23.68137504
OS 62.81779156 23.6585506
OS 62.82774836 23.63584046
OS 62.83990734 23.61324716
OS 62.85427104 23.5907707
OS 62.87083692 23.56840854
OS 62.88960498 23.54616068
OS 62.91057776 23.52402712
OS 62.73331116 23.34208438
OS 62.71114966 23.3630597
OS 62.68887386 23.38177188
OS 62.66648122 23.39822346
OS 62.64397682 23.41241444
OS 62.62135558 23.42434228
OS 62.59862258 23.43400952
OS 62.57577274 23.4414187
OS 62.5528086 23.44656474
OS 62.52973016 23.44944764
OS 62.50653488 23.45007248
OS 62.79999886 23.7505367
OS 62.80114186 23.72736682
OE
SE
S P 0
OB 64.89874752 39.70133538 I
OS 64.90413486 39.6654147
OS 64.9131163 39.62949402
OS 64.9256893 39.59357334
OS 64.94185386 39.55765266
OS 64.96160998 39.52173198
OS 64.98495766 39.48580876
OS 65.01189944 39.44988808
OS 65.04243278 39.4139674
OS 65.07655768 39.37804672
OS 64.89695174 39.19844078
OS 64.86103106 39.23256568
OS 64.82511038 39.26309902
OS 64.7891897 39.2900408
OS 64.75326648 39.31338848
OS 64.7173458 39.3331446
OS 64.68142512 39.34930916
OS 64.64550444 39.36188216
OS 64.60958376 39.3708636
OS 64.57366308 39.37625094
OS 64.5377424 39.37804672
OS 64.89695174 39.73725606
OS 64.89874752 39.70133538
OE
SE
S P 0
OB 64.89949174 38.73187072 I
OS 64.90711174 38.71028072
OS 64.91981174 38.69123072
OS 64.93759174 38.67472072
OS 64.96045174 38.66075072
OS 64.98839174 38.64932072
OS 65.02141174 38.64043072
OS 65.05951174 38.63408072
OS 65.10269174 38.63027072
OS 65.15095174 38.62900072
OS 65.15095174 38.37500072
OS 65.10269174 38.37373072
OS 65.05951174 38.36992072
OS 65.02141174 38.36357072
OS 64.98839174 38.35468072
OS 64.96045174 38.34325072
OS 64.93759174 38.32928072
OS 64.91981174 38.31277072
OS 64.90711174 38.29372072
OS 64.89949174 38.27213072
OS 64.89695174 38.24800072
OS 64.89695174 38.75600072
OS 64.89949174 38.73187072
OE
SE
S P 0
OB 65.42986914 44.95050954 I
OS 65.40827914 44.94288954
OS 65.38922914 44.93018954
OS 65.37271914 44.91240954
OS 65.35874914 44.88954954
OS 65.34731914 44.86160954
OS 65.33842914 44.82858954
OS 65.33207914 44.79048954
OS 65.32826914 44.74730954
OS 65.32699914 44.69904954
OS 65.07299914 44.69904954
OS 65.07172914 44.74730954
OS 65.06791914 44.79048954
OS 65.06156914 44.82858954
OS 65.05267914 44.86160954
OS 65.04124914 44.88954954
OS 65.02727914 44.91240954
OS 65.01076914 44.93018954
OS 64.99171914 44.94288954
OS 64.97012914 44.95050954
OS 64.94599914 44.95304954
OS 65.45399914 44.95304954
OS 65.42986914 44.95050954
OE
OB 65.32826914 43.95875638 I
OS 65.33207914 43.91557638
OS 65.33842914 43.87747638
OS 65.34731914 43.84445638
OS 65.35874914 43.81651638
OS 65.37271914 43.79365638
OS 65.38922914 43.77587638
OS 65.40827914 43.76317638
OS 65.42986914 43.75555638
OS 65.45399914 43.75301638
OS 64.94599914 43.75301638
OS 64.97012914 43.75555638
OS 64.99171914 43.76317638
OS 65.01076914 43.77587638
OS 65.02727914 43.79365638
OS 65.04124914 43.81651638
OS 65.05267914 43.84445638
OS 65.06156914 43.87747638
OS 65.06791914 43.91557638
OS 65.07172914 43.95875638
OS 65.07299914 44.00701638
OS 65.32699914 44.00701638
OS 65.32826914 43.95875638
OE
OB 65.42645792 42.74444334 I
OS 65.40486792 42.73682334
OS 65.38581792 42.72412334
OS 65.36930792 42.70634334
OS 65.35533792 42.68348334
OS 65.34390792 42.65554334
OS 65.33501792 42.62252334
OS 65.32866792 42.58442334
OS 65.32485792 42.54124334
OS 65.32358792 42.49298334
OS 65.06958792 42.49298334
OS 65.06831792 42.54124334
OS 65.06450792 42.58442334
OS 65.05815792 42.62252334
OS 65.04926792 42.65554334
OS 65.03783792 42.68348334
OS 65.02386792 42.70634334
OS 65.00735792 42.72412334
OS 64.98830792 42.73682334
OS 64.96671792 42.74444334
OS 64.94258792 42.74698334
OS 65.45058792 42.74698334
OS 65.42645792 42.74444334
OE
SE
S P 0
OB 66.55084988 39.73271708 I
OS 66.55456844 39.7268319
OS 66.56083716 39.71864802
OS 66.58103016 39.69539178
OS 66.67617856 39.59705314
OS 66.50382178 39.41020058
OS 66.48682664 39.42682234
OS 66.44350694 39.46455404
OS 66.43162228 39.47308336
OS 66.42101524 39.47959338
OS 66.41168836 39.48407648
OS 66.40363656 39.48654028
OS 66.39686238 39.4869797
OS 66.39136836 39.48539728
OS 66.54968656 39.7363061
OS 66.55084988 39.73271708
OE
OB 85.84999848 38.9499983 I
OS 84.24999914 38.9499983
OS 84.24999914 41.04999918
OS 85.84999848 41.04999918
OS 85.84999848 38.9499983
OE
OB 72.47987028 37.04843492 I
OS 72.45828028 37.04081492
OS 72.43923028 37.02811492
OS 72.42272028 37.01033492
OS 72.40875028 36.98747492
OS 72.39732028 36.95953492
OS 72.38843028 36.92651492
OS 72.38208028 36.88841492
OS 72.38164848 36.88351272
OS 72.38447042 36.8648107
OS 72.3902794 36.83881126
OS 72.39774954 36.81430788
OS 72.40688084 36.79130056
OS 72.41767076 36.76979184
OS 72.4301193 36.74977918
OS 72.444229 36.73126258
OS 72.45999986 36.71424204
OS 72.0400007 36.71424204
OS 72.05577156 36.73126258
OS 72.06988126 36.74977918
OS 72.0823298 36.76979184
OS 72.09311972 36.79130056
OS 72.10225102 36.81430788
OS 72.10972116 36.83881126
OS 72.11553014 36.8648107
OS 72.11835208 36.88351272
OS 72.11792028 36.88841492
OS 72.11157028 36.92651492
OS 72.10268028 36.95953492
OS 72.09125028 36.98747492
OS 72.07728028 37.01033492
OS 72.06077028 37.02811492
OS 72.04172028 37.04081492
OS 72.02013028 37.04843492
OS 71.99600028 37.05097492
OS 72.50400028 37.05097492
OS 72.47987028 37.04843492
OE
OB 88.9999998 35.54999748 I
OS 84.65000088 35.54999748
OS 84.65000088 37.74999562
OS 88.9999998 37.74999562
OS 88.9999998 35.54999748
OE
OB 75.69422758 30.26873804 I
OS 75.68011788 30.25022144
OS 75.66766934 30.23020878
OS 75.65687942 30.20870006
OS 75.64774812 30.18569274
OS 75.64027798 30.16118936
OS 75.634469 30.13518992
OS 75.63031864 30.10769188
OS 75.62782944 30.07869778
OS 75.62699886 30.04820762
OS 75.37299886 30.04820762
OS 75.37216828 30.07869778
OS 75.36967908 30.10769188
OS 75.36552872 30.13518992
OS 75.35971974 30.16118936
OS 75.3522496 30.18569274
OS 75.3431183 30.20870006
OS 75.33232838 30.23020878
OS 75.31987984 30.25022144
OS 75.30577014 30.26873804
OS 75.28999928 30.28575858
OS 75.70999844 30.28575858
OS 75.69422758 30.26873804
OE
OB 85.64999888 29.64999912 I
OS 84.04999954 29.64999912
OS 84.04999954 31.75
OS 85.64999888 31.75
OS 85.64999888 29.64999912
OE
OB 75.62826886 27.4650581 I
OS 75.63207886 27.42234038
OS 75.63842886 27.38387462
OS 75.64731886 27.34966336
OS 75.65874886 27.3197066
OS 75.67271886 27.29400434
OS 75.68922886 27.27255658
OS 75.70827886 27.25536332
OS 75.72986886 27.24242456
OS 75.75399886 27.23373776
OS 75.24599886 27.23373776
OS 75.27012886 27.24242456
OS 75.29171886 27.25536332
OS 75.31076886 27.27255658
OS 75.32727886 27.29400434
OS 75.34124886 27.3197066
OS 75.35267886 27.34966336
OS 75.36156886 27.38387462
OS 75.36791886 27.42234038
OS 75.37172886 27.4650581
OS 75.37299886 27.51203286
OS 75.62699886 27.51203286
OS 75.62826886 27.4650581
OE
OB 88.8000002 26.25000084 I
OS 84.45000128 26.25000084
OS 84.45000128 28.44999898
OS 88.8000002 28.44999898
OS 88.8000002 26.25000084
OE
SE
S P 0
OB 70.22820092 35.75269202 I
OS 70.2318001 35.70951202
OS 70.23779704 35.67141202
OS 70.24619428 35.63839202
OS 70.25698928 35.61045202
OS 70.27018458 35.58759202
OS 70.28577764 35.56981202
OS 70.303771 35.55711202
OS 70.32416212 35.54949202
OS 70.34695354 35.54695202
OS 69.84600204 35.54695202
OS 69.87013204 35.54949202
OS 69.89172204 35.55711202
OS 69.91077204 35.56981202
OS 69.92728204 35.58759202
OS 69.94125204 35.61045202
OS 69.95268204 35.63839202
OS 69.96157204 35.67141202
OS 69.96792204 35.70951202
OS 69.97173204 35.75269202
OS 69.97300204 35.80095202
OS 70.22700204 35.80095202
OS 70.22820092 35.75269202
OE
OB 70.32416212 34.75050962 I
OS 70.303771 34.74288962
OS 70.28577764 34.73018962
OS 70.27018458 34.71240962
OS 70.25698928 34.68954962
OS 70.24619428 34.66160962
OS 70.23779704 34.62858962
OS 70.2318001 34.59048962
OS 70.22820092 34.54730962
OS 70.22700204 34.49904962
OS 69.97300204 34.49904962
OS 69.97173204 34.54730962
OS 69.96792204 34.59048962
OS 69.96157204 34.62858962
OS 69.95268204 34.66160962
OS 69.94125204 34.68954962
OS 69.92728204 34.71240962
OS 69.91077204 34.73018962
OS 69.89172204 34.74288962
OS 69.87013204 34.75050962
OS 69.84600204 34.75304962
OS 70.34695354 34.75304962
OS 70.32416212 34.75050962
OE
OB 70.22827204 33.63375798 I
OS 70.23208204 33.59057798
OS 70.23843204 33.55247798
OS 70.24732204 33.51945798
OS 70.25875204 33.49151798
OS 70.27272204 33.46865798
OS 70.28923204 33.45087798
OS 70.30828204 33.43817798
OS 70.32987204 33.43055798
OS 70.35400204 33.42801798
OS 69.84600204 33.42801798
OS 69.87013204 33.43055798
OS 69.89172204 33.43817798
OS 69.91077204 33.45087798
OS 69.92728204 33.46865798
OS 69.94125204 33.49151798
OS 69.95268204 33.51945798
OS 69.96157204 33.55247798
OS 69.96792204 33.59057798
OS 69.97173204 33.63375798
OS 69.97300204 33.68201798
OS 70.22700204 33.68201798
OS 70.22827204 33.63375798
OE
SE
S P 0
OB 74.47494884 41.32136516 I
OS 74.47240884 41.34549516
OS 74.46478884 41.36708516
OS 74.45208884 41.38613516
OS 74.43430884 41.40264516
OS 74.41144884 41.41661516
OS 74.38350884 41.42804516
OS 74.35048884 41.43693516
OS 74.31238884 41.44328516
OS 74.26920884 41.44709516
OS 74.22094884 41.44836516
OS 74.22094884 41.70236516
OS 74.26920884 41.70363516
OS 74.31238884 41.70744516
OS 74.35048884 41.71379516
OS 74.38350884 41.72268516
OS 74.41144884 41.73411516
OS 74.43430884 41.74808516
OS 74.45208884 41.76459516
OS 74.46478884 41.78364516
OS 74.47240884 41.80523516
OS 74.47494884 41.82936516
OS 74.47494884 41.32136516
OE
SE
S P 0
OB 83.25000114 26.25000084 I
OS 79.14999918 26.25000084
OS 79.14999918 28.44999898
OS 83.25000114 28.44999898
OS 83.25000114 26.25000084
OE
OB 75.72986886 22.50757754 I
OS 75.70827886 22.49463878
OS 75.68922886 22.47744552
OS 75.67271886 22.45599776
OS 75.65874886 22.4302955
OS 75.64731886 22.40033874
OS 75.63842886 22.36612748
OS 75.63207886 22.32766172
OS 75.62826886 22.284944
OS 75.62699886 22.23796924
OS 75.37299886 22.23796924
OS 75.37172886 22.284944
OS 75.36791886 22.32766172
OS 75.36156886 22.36612748
OS 75.35267886 22.40033874
OS 75.34124886 22.4302955
OS 75.32727886 22.45599776
OS 75.31076886 22.47744552
OS 75.29171886 22.49463878
OS 75.27012886 22.50757754
OS 75.24599886 22.51626434
OS 75.75399886 22.51626434
OS 75.72986886 22.50757754
OE
OB 75.62782944 21.67130286 I
OS 75.63031864 21.64230876
OS 75.634469 21.61481072
OS 75.64027798 21.58881128
OS 75.64774812 21.5643079
OS 75.65687942 21.54130058
OS 75.66766934 21.51979186
OS 75.68011788 21.4997792
OS 75.69422758 21.4812626
OS 75.70999844 21.46424206
OS 75.28999928 21.46424206
OS 75.30577014 21.4812626
OS 75.31987984 21.4997792
OS 75.33232838 21.51979186
OS 75.3431183 21.54130058
OS 75.3522496 21.5643079
OS 75.35971974 21.58881128
OS 75.36552872 21.61481072
OS 75.36967908 21.64230876
OS 75.37216828 21.67130286
OS 75.37299886 21.70179302
OS 75.62699886 21.70179302
OS 75.62782944 21.67130286
OE
OB 55.55203266 15.61979096 I
OS 55.56727266 15.59548824
OS 55.59267266 15.57404556
OS 55.62823266 15.55546292
OS 55.67395266 15.53973778
OS 55.72983266 15.52687268
OS 55.79587266 15.51686508
OS 55.87207266 15.50971752
OS 56.05495266 15.50399998
OS 56.05495266 14.99599998
OS 55.95843266 14.99456996
OS 55.79587266 14.98313488
OS 55.72983266 14.97312728
OS 55.67395266 14.96026218
OS 55.62823266 14.94453704
OS 55.59267266 14.9259544
OS 55.56727266 14.90451172
OS 55.55203266 14.880209
OS 55.54695266 14.85304878
OS 55.54695266 15.64695118
OS 55.55203266 15.61979096
OE
OB 86.14949242 6.9798692 I
OS 86.15711242 6.9582792
OS 86.16981242 6.9392292
OS 86.18759242 6.9227192
OS 86.21045242 6.9087492
OS 86.23839242 6.8973192
OS 86.27141242 6.8884292
OS 86.30951242 6.8820792
OS 86.35269242 6.8782692
OS 86.39955796 6.87703476
OS 86.42869938 6.87782978
OS 86.45769348 6.88031898
OS 86.48519152 6.88446934
OS 86.51119096 6.89027832
OS 86.53569434 6.89774846
OS 86.55870166 6.90687976
OS 86.58021038 6.91766968
OS 86.60022304 6.93011822
OS 86.61873964 6.94422792
OS 86.63576018 6.95999878
OS 86.63576018 6.53999962
OS 86.61873964 6.55577048
OS 86.60022304 6.56988018
OS 86.58021038 6.58232872
OS 86.55870166 6.59311864
OS 86.53569434 6.60224994
OS 86.51119096 6.60972008
OS 86.48519152 6.61552906
OS 86.45769348 6.61967942
OS 86.42869938 6.62216862
OS 86.39955796 6.62296364
OS 86.35269242 6.6217292
OS 86.30951242 6.6179192
OS 86.27141242 6.6115692
OS 86.23839242 6.6026792
OS 86.21045242 6.5912492
OS 86.18759242 6.5772792
OS 86.16981242 6.5607692
OS 86.15711242 6.5417192
OS 86.14949242 6.5201292
OS 86.14695242 6.4959992
OS 86.14695242 7.0039992
OS 86.14949242 6.9798692
OE
OB 82.40202976 3.5792918 I
OS 82.41726976 3.56349046
OS 82.44266976 3.5495484
OS 82.47822976 3.53746308
OS 82.52394976 3.52723958
OS 82.57982976 3.51887282
OS 82.72206976 3.50771968
OS 82.90494976 3.50400112
OS 82.90494976 2.99600112
OS 82.80842976 2.99507148
OS 82.52394976 2.97276266
OS 82.47822976 2.96253916
OS 82.44266976 2.95045384
OS 82.41726976 2.93651178
OS 82.40202976 2.92071044
OS 82.39694976 2.90304982
OS 82.39694976 3.59695242
OS 82.40202976 3.5792918
OE
OB 81.50914356 2.90304982 I
OS 81.49664422 2.89945826
OS 81.47789648 2.88868104
OS 81.45290288 2.8707207
OS 81.42166342 2.84557724
OS 81.2904648 2.72703798
OS 81.10304836 2.54384048
OS 80.74383902 2.90304982
OS 80.81208882 2.97176952
OS 81.0994568 3.29664568
OS 81.10304836 3.30914502
OS 81.50914356 2.90304982
OE
OB 79.85203232 3.0292929 I
OS 79.86727232 3.01349156
OS 79.89267232 2.9995495
OS 79.92823232 2.98746418
OS 79.97395232 2.97724068
OS 80.02983232 2.96887392
OS 80.17207232 2.95772078
OS 80.35495232 2.95400222
OS 80.35495232 2.44600222
OS 80.25843232 2.44507258
OS 79.97395232 2.42276376
OS 79.92823232 2.41254026
OS 79.89267232 2.40045494
OS 79.86727232 2.38651288
OS 79.85203232 2.37071154
OS 79.84695232 2.35305092
OS 79.84695232 3.04695352
OS 79.85203232 3.0292929
OE
OB 79.6591498 2.35305092 I
OS 79.62764872 2.34945936
OS 79.59190076 2.33868214
OS 79.55190592 2.3207218
OS 79.50766674 2.29557834
OS 79.45918068 2.26324922
OS 79.40644774 2.22373444
OS 79.28824122 2.12315552
OS 79.15304972 1.99384158
OS 78.79384038 2.35305092
OS 78.86209018 2.42276884
OS 79.02373324 2.60644894
OS 79.06324802 2.65918188
OS 79.09557714 2.70766794
OS 79.1207206 2.75190712
OS 79.13868094 2.79190196
OS 79.14945816 2.82764992
OS 79.15304972 2.859151
OS 79.6591498 2.35305092
OE
OB 77.50203194 2.51029216 I
OS 77.51727194 2.4774906
OS 77.54267194 2.4485473
OS 77.57823194 2.42346226
OS 77.62395194 2.40223802
OS 77.67983194 2.38487204
OS 77.74587194 2.37136686
OS 77.82207194 2.36171994
OS 77.90843194 2.35593128
OS 78.00495194 2.35400088
OS 78.00495194 1.84600088
OS 77.90843194 1.84407048
OS 77.74587194 1.8286349
OS 77.67983194 1.81512972
OS 77.62395194 1.79776374
OS 77.57823194 1.7765395
OS 77.54267194 1.75145446
OS 77.51727194 1.72251116
OS 77.50203194 1.6897096
OS 77.49695194 1.65304978
OS 77.49695194 2.54695198
OS 77.50203194 2.51029216
OE
SE
S P 0
OB 83.40499956 7.7040486 I
OS 83.15099956 7.7040486
OS 83.14972956 7.7523086
OS 83.14591956 7.7954886
OS 83.13956956 7.8335886
OS 83.13067956 7.8666086
OS 83.11924956 7.8945486
OS 83.10527956 7.9174086
OS 83.08876956 7.9351886
OS 83.06971956 7.9478886
OS 83.04812956 7.9555086
OS 83.02399956 7.9580486
OS 83.40195156 7.9580486
OS 83.40499956 7.7040486
OE
OB 83.58896922 7.29243144 I
OS 83.6248899 7.2618981
OS 83.66081058 7.23495632
OS 83.6967338 7.21160864
OS 83.73265448 7.19185252
OS 83.76857516 7.17568796
OS 83.80449584 7.16311496
OS 83.84041652 7.15413352
OS 83.8763372 7.14874618
OS 83.91225788 7.1469504
OS 83.55304854 6.78774106
OS 83.55125276 6.82366174
OS 83.54586542 6.85958242
OS 83.53688398 6.8955031
OS 83.52431098 6.93142378
OS 83.50814642 6.96734446
OS 83.4883903 7.00326514
OS 83.46504262 7.03918836
OS 83.43810084 7.07510904
OS 83.4075675 7.11102972
OS 83.3734426 7.1469504
OS 83.55304854 7.32655634
OS 83.58896922 7.29243144
OE
OB 84.22986964 6.350508 I
OS 84.20827964 6.342888
OS 84.18922964 6.330188
OS 84.17271964 6.312408
OS 84.15874964 6.289548
OS 84.14731964 6.261608
OS 84.13842964 6.228588
OS 84.13207964 6.190488
OS 84.12826964 6.147308
OS 84.12699964 6.099048
OS 83.87299964 6.099048
OS 83.87172964 6.147308
OS 83.86791964 6.190488
OS 83.86156964 6.228588
OS 83.85267964 6.261608
OS 83.84124964 6.289548
OS 83.82727964 6.312408
OS 83.81076964 6.330188
OS 83.79171964 6.342888
OS 83.77012964 6.350508
OS 83.74599964 6.353048
OS 84.25399964 6.353048
OS 84.22986964 6.350508
OE
OB 84.12826964 5.40269176 I
OS 84.13207964 5.35951176
OS 84.13842964 5.32141176
OS 84.14731964 5.28839176
OS 84.15874964 5.26045176
OS 84.17271964 5.23759176
OS 84.18922964 5.21981176
OS 84.20827964 5.20711176
OS 84.22986964 5.19949176
OS 84.25399964 5.19695176
OS 83.74599964 5.19695176
OS 83.77012964 5.19949176
OS 83.79171964 5.20711176
OS 83.81076964 5.21981176
OS 83.82727964 5.23759176
OS 83.84124964 5.26045176
OS 83.85267964 5.28839176
OS 83.86156964 5.32141176
OS 83.86791964 5.35951176
OS 83.87172964 5.40269176
OS 83.87299964 5.45095176
OS 84.12699964 5.45095176
OS 84.12826964 5.40269176
OE
OB 83.60304844 4.49600066 I
OS 83.60050844 4.52013066
OS 83.59288844 4.54172066
OS 83.58018844 4.56077066
OS 83.56240844 4.57728066
OS 83.53954844 4.59125066
OS 83.51160844 4.60268066
OS 83.47858844 4.61157066
OS 83.44048844 4.61792066
OS 83.39730844 4.62173066
OS 83.34904844 4.62300066
OS 83.34904844 4.87700066
OS 83.39730844 4.87827066
OS 83.44048844 4.88208066
OS 83.47858844 4.88843066
OS 83.51160844 4.89732066
OS 83.53954844 4.90875066
OS 83.56240844 4.92272066
OS 83.58018844 4.93923066
OS 83.59288844 4.95828066
OS 83.60050844 4.97987066
OS 83.60304844 5.00400066
OS 83.60304844 4.49600066
OE
OB 77.49949194 3.59987088 I
OS 77.50711194 3.57828088
OS 77.51981194 3.55923088
OS 77.53759194 3.54272088
OS 77.56045194 3.52875088
OS 77.58839194 3.51732088
OS 77.62141194 3.50843088
OS 77.65951194 3.50208088
OS 77.70269194 3.49827088
OS 77.75095194 3.49700088
OS 77.75095194 3.24300088
OS 77.70269194 3.24173088
OS 77.65951194 3.23792088
OS 77.62141194 3.23157088
OS 77.58839194 3.22268088
OS 77.56045194 3.21125088
OS 77.53759194 3.19728088
OS 77.51981194 3.18077088
OS 77.50711194 3.16172088
OS 77.49949194 3.14013088
OS 77.49695194 3.11600088
OS 77.49695194 3.62400088
OS 77.49949194 3.59987088
OE
SE
S P 0
OB 90.04853466 12.32321132 I
OS 90.05328192 12.30975948
OS 90.06119402 12.2978926
OS 90.07227096 12.2876056
OS 90.08651274 12.27890356
OS 90.10391936 12.2717814
OS 90.12449082 12.2662442
OS 90.14822712 12.26228688
OS 90.17512826 12.25991452
OS 90.20519424 12.25912204
OS 90.20519424 12.10088004
OS 90.17512826 12.1000901
OS 90.14822712 12.0977152
OS 90.12449082 12.09375788
OS 90.10391936 12.08822068
OS 90.08651274 12.08109852
OS 90.07227096 12.07239648
OS 90.06119402 12.06210948
OS 90.05328192 12.0502426
OS 90.04853466 12.03679076
OS 90.04695224 12.02175904
OS 90.04695224 12.33824304
OS 90.04853466 12.32321132
OE
SE
S P 0
OB 90.04949224 15.40987012 I
OS 90.05711224 15.38828012
OS 90.06981224 15.36923012
OS 90.08759224 15.35272012
OS 90.11045224 15.33875012
OS 90.13839224 15.32732012
OS 90.17141224 15.31843012
OS 90.20951224 15.31208012
OS 90.25269224 15.30827012
OS 90.30095224 15.30700012
OS 90.30095224 15.05300012
OS 90.04695224 15.10304828
OS 90.04695224 15.43400012
OS 90.04949224 15.40987012
OE
SE
S P 0
OB 91.02874098 22.45973918 I
OS 91.04398098 22.41655918
OS 91.06938098 22.37845918
OS 91.10494098 22.34543918
OS 91.15066098 22.31749918
OS 91.20654098 22.29463918
OS 91.27258098 22.27685918
OS 91.34878098 22.26415918
OS 91.43514098 22.25653918
OS 91.53166098 22.25399918
OS 91.53166098 21.74599918
OS 91.43514098 21.74345918
OS 91.34878098 21.73583918
OS 91.27258098 21.72313918
OS 91.20654098 21.70535918
OS 91.15066098 21.68249918
OS 91.10494098 21.65455918
OS 91.06938098 21.62153918
OS 91.04398098 21.58343918
OS 91.02874098 21.54025918
OS 91.02366098 21.49199918
OS 91.02366098 22.50799918
OS 91.02874098 22.45973918
OE
OB 94.25020012 21.0199986 I
OS 94.10993878 21.15793838
OS 93.84179098 21.39025948
OS 93.71390706 21.48463826
OS 93.5901481 21.5644984
OS 93.4705141 21.6298399
OS 93.35500506 21.68066022
OS 93.24362352 21.71695936
OS 93.13636694 21.73873986
OS 93.03323532 21.74599918
OS 93.03323532 22.25399918
OS 93.13636694 22.2612585
OS 93.24362352 22.283039
OS 93.35500506 22.31933814
OS 93.4705141 22.37015846
OS 93.5901481 22.43549996
OS 93.71390706 22.5153601
OS 93.84179098 22.60973888
OS 93.9738024 22.71863884
OS 94.25020012 22.97999976
OS 94.25020012 21.0199986
OE
OB 90.70973984 21.21986612 I
OS 90.66655984 21.20462612
OS 90.62845984 21.17922612
OS 90.59543984 21.14366612
OS 90.56749984 21.09794612
OS 90.54463984 21.04206612
OS 90.52685984 20.97602612
OS 90.51415984 20.89982612
OS 90.50653984 20.81346612
OS 90.50399984 20.71694612
OS 89.99599984 20.71694612
OS 89.99345984 20.81346612
OS 89.98583984 20.89982612
OS 89.97313984 20.97602612
OS 89.95535984 21.04206612
OS 89.93249984 21.09794612
OS 89.90455984 21.14366612
OS 89.87153984 21.17922612
OS 89.83343984 21.20462612
OS 89.79025984 21.21986612
OS 89.74199984 21.22494612
OS 90.75799984 21.22494612
OS 90.70973984 21.21986612
OE
OB 96.0920608 20.85993796 I
OS 95.8597397 20.59179016
OS 95.76536092 20.46390624
OS 95.68550078 20.34014728
OS 95.62015928 20.22051328
OS 95.56933896 20.10500424
OS 95.53303982 19.9936227
OS 95.51125932 19.88636612
OS 95.504 19.7832345
OS 94.996 19.7832345
OS 94.98874068 19.88636612
OS 94.96696018 19.9936227
OS 94.93066104 20.10500424
OS 94.87984072 20.22051328
OS 94.81449922 20.34014728
OS 94.73463908 20.46390624
OS 94.6402603 20.59179016
OS 94.53136034 20.72380158
OS 94.26999942 21.0001993
OS 96.23000058 21.0001993
OS 96.0920608 20.85993796
OE
OB 95.504 16.99999902 I
OS 94.996 15.87878968
OS 94.99240844 15.97171558
OS 94.98163122 16.0473009
OS 94.96367088 16.10554056
OS 94.93852742 16.14643456
OS 94.9061983 16.16998544
OS 94.86668352 16.1761932
OS 94.81998816 16.1650553
OS 94.7661046 16.13657428
OS 94.70504046 16.0907476
OS 94.63679066 16.0275778
OS 94.63679066 16.74599902
OS 94.70504046 16.81932882
OS 94.7661046 16.8956355
OS 94.81998816 16.97491652
OS 94.86668352 17.05717442
OS 94.9061983 17.14240666
OS 94.93852742 17.23061578
OS 94.96367088 17.32179924
OS 94.98163122 17.41596212
OS 94.99240844 17.5130968
OS 94.996 17.61320836
OS 95.504 16.99999902
OE
SE
S P 0
OB 93.64970602 39.3058904 I
OS 93.65779084 39.29386604
OS 93.67090232 39.27728238
OS 93.7121951 39.23043208
OS 93.90334788 39.03349064
OS 93.4466889 38.41251906
OS 93.39827396 38.46014152
OS 93.24077872 38.59862994
OS 93.2104435 38.62025296
OS 93.18372524 38.63667406
OS 93.16062394 38.64789578
OS 93.14113706 38.65391812
OS 93.12526968 38.65474108
OS 93.64664278 39.31335292
OS 93.64970602 39.3058904
OE
OB 95.63481 33.41417244 I
OS 95.64624 33.28463244
OS 95.66529 33.17033244
OS 95.69196 33.07127244
OS 95.72625 32.98745244
OS 95.76816 32.91887244
OS 95.81769 32.86553244
OS 95.87484 32.82743244
OS 95.93961 32.80457244
OS 96.012 32.79695244
OS 94.488 32.79695244
OS 94.56039 32.80457244
OS 94.62516 32.82743244
OS 94.68231 32.86553244
OS 94.73184 32.91887244
OS 94.77375 32.98745244
OS 94.80804 33.07127244
OS 94.83471 33.17033244
OS 94.85376 33.28463244
OS 94.86519 33.41417244
OS 94.869 33.55895244
OS 95.631 33.55895244
OS 95.63481 33.41417244
OE
SE
S P 0
OB 95.29377436 49.4820575 I
OS 95.87628272 49.40536982
OS 96.4438127 49.25330002
OS 96.98661324 49.02846176
OS 97.49544382 48.7346879
OS 97.9615643 48.3770178
OS 98.37700924 47.96157794
OS 98.73468442 47.4954473
OS 99.02845574 46.98661926
OS 99.25329654 46.44381364
OS 99.40536888 45.87626588
OS 99.48205656 45.2937753
OS 99.48205402 45.00000398
OS 99.48206164 5.00000524
OS 99.4820591 4.70622122
OS 99.40537142 4.1237281
OS 99.25329908 3.55618288
OS 99.02845828 3.01336964
OS 98.7346895 2.50454922
OS 98.37702956 2.03843382
OS 97.96156684 1.6229711
OS 97.4954489 1.26530608
OS 96.98660816 0.97152714
OS 96.4438127 0.74669142
OS 95.87628272 0.59461908
OS 95.29375912 0.5179314
OS 94.99999796 0.5179314
OS 77.75399994 0.51793394
OS 77.75399994 0.70300088
OS 76.75000144 0.70300088
OS 75.74600294 0.70300088
OS 75.74600294 0.51793394
OS 60.25399938 0.51793394
OS 60.25399938 0.70300088
OS 59.25000088 0.70300088
OS 58.24600238 0.70300088
OS 58.24600238 0.51793394
OS 5.00000524 0.51793902
OS 4.70622376 0.51794156
OS 4.1237154 0.59462924
OS 3.55618542 0.74669904
OS 3.01338996 0.97153476
OS 2.50454668 1.2653137
OS 2.0384389 1.6229711
OS 1.62297872 2.03843128
OS 1.2653137 2.50454922
OS 0.97153476 3.01338996
OS 0.7466965 3.5561905
OS 0.59463178 4.1237154
OS 0.51794156 4.706239
OS 0.51794156 5.00000016
OS 0.51793902 44.9999989
OS 0.51793902 45.2937753
OS 0.59462924 45.87629382
OS 0.74669142 46.44379078
OS 0.97153222 46.98660402
OS 1.26530862 47.49543714
OS 1.6229711 47.96155254
OS 2.03843128 48.37701272
OS 2.50454922 48.73467774
OS 3.01338234 49.0284516
OS 3.55618288 49.25328986
OS 4.12373064 49.4053622
OS 4.70622122 49.48204988
OS 4.99999254 49.48204734
OS 94.99999542 49.48206004
OS 95.29377436 49.4820575
OE
OB 33.13547094 47.27899866 H
OS 32.86452914 47.27899866
OS 32.60282024 47.20887434
OS 32.36818012 47.07340344
OS 32.28510942 46.99033274
OS 32.26471322 46.97691138
OS 32.19011596 46.90335806
OS 32.0512186 46.78172508
OS 31.9933574 46.73817678
OS 31.93853912 46.70185732
OS 31.88982446 46.67434658
OS 31.84809226 46.65521784
OS 31.81410706 46.6435821
OS 31.7903225 46.638464
OS 24.44461964 46.638464
OS 24.44461964 47.03506722
OS 22.88584958 47.03506722
OS 22.87291844 47.03506976
OS 22.78584724 47.03506976
OS 22.7729161 47.03506722
OS 21.21414604 47.03506722
OS 21.21414604 46.63846654
OS 20.22897656 46.63846654
OS 20.08031798 46.60889586
OS 19.9542908 46.52468724
OS 18.21806872 44.78846516
OS 17.85400036 44.78846516
OS 17.85400036 44.8539997
OS 16.44600216 44.8539997
OS 16.44600216 44.78846516
OS 12.4000006 44.78846516
OS 12.25134202 44.75889448
OS 12.12531484 44.67468586
OS 11.54883644 44.09820746
OS 11.53838942 44.08932762
OS 11.5157631 44.07235788
OS 11.49512052 44.05893906
OS 11.47662932 44.0487689
OS 11.46033268 44.04143592
OS 11.4461671 44.03647784
OS 11.43384556 44.03339682
OS 11.4229388 44.03176106
OS 11.3998121 44.03060536
OS 11.39342654 44.02900008
OS 9.97100114 44.02900008
OS 9.97100114 41.97100064
OS 12.02900058 41.97100064
OS 12.02900058 43.39342604
OS 12.03060586 43.3998116
OS 12.03176156 43.42294084
OS 12.03339732 43.43384252
OS 12.03647834 43.4461666
OS 12.04143642 43.46033218
OS 12.04876432 43.47661866
OS 12.05893702 43.49511494
OS 12.07234568 43.51574736
OS 12.08932558 43.53838638
OS 12.09821558 43.54884356
OS 12.56090706 44.01153504
OS 13.03402778 44.01153504
OS 13.06082478 43.91153524
OS 12.90818094 43.82340486
OS 12.71659636 43.63182028
OS 12.58112546 43.39718016
OS 12.51100114 43.13547126
OS 12.51100114 43.12700036
OS 14.08994642 43.12700036
OS 14.07718038 43.55862764
OS 14.16056858 43.48097222
OS 14.31762948 43.35018254
OS 14.39130472 43.29705082
OS 14.46174146 43.25209282
OS 14.5289397 43.21530854
OS 14.55015124 43.20582164
OS 14.49887626 43.39718016
OS 14.36340536 43.63182028
OS 14.17182078 43.82340486
OS 14.01917694 43.91153524
OS 14.04597394 44.01153504
OS 16.44600216 44.01153504
OS 16.44600216 43.29599926
OS 16.44600216 43.22699762
OS 17.15000126 43.22699762
OS 17.15000126 42.97299762
OS 16.44600216 42.97299762
OS 16.44600216 42.64599802
OS 16.9869993 42.64599802
OS 17.02526694 42.55360806
OS 14.3443833 39.87272442
OS 14.32758628 39.86223422
OS 14.31010092 39.85489616
OS 14.2892653 39.84983902
OS 14.26227272 39.84745396
OS 14.2273401 39.84911766
OS 14.18362162 39.8564735
OS 14.13130524 39.87091086
OS 14.07079482 39.8934686
OS 13.9953619 39.92818786
OS 13.98677162 39.93024526
OS 13.93718066 39.95887614
OS 13.67547176 40.02900046
OS 13.40452996 40.02900046
OS 13.14282106 39.95887614
OS 12.90818094 39.82340524
OS 12.71659636 39.63182066
OS 12.58112546 39.39718054
OS 12.51100114 39.13547164
OS 12.51100114 38.86452984
OS 12.58112546 38.60282094
OS 12.71659636 38.36818082
OS 12.75992114 38.32485604
OS 12.7216535 38.23246608
OS 12.56690654 38.23246608
OS 12.17268584 38.62668678
OS 12.04665866 38.7108954
OS 12.02900058 38.71440822
OS 12.02900058 40.02900046
OS 9.97100114 40.02900046
OS 9.97100114 37.97100102
OS 11.61047208 37.97100102
OS 11.64800058 37.96353596
OS 11.73709362 37.96353596
OS 12.13131432 37.56931526
OS 12.2573415 37.48510664
OS 12.40600008 37.45553596
OS 14.0188315 37.45553596
OS 14.16749008 37.48510664
OS 14.29351726 37.56931526
OS 19.30168606 42.57748406
OS 19.34746448 42.64599802
OS 19.7872604 42.64599802
OS 19.79695304 42.64407016
OS 19.80043538 42.64476358
OS 19.8039355 42.64416414
OS 19.8063993 42.64423018
OS 21.07124564 41.3793813
OS 21.19727282 41.29517268
OS 21.21414858 41.29181734
OS 21.21414858 40.46493558
OS 22.77291864 40.46493558
OS 22.78584978 40.46493304
OS 22.87292098 40.46493304
OS 22.88585212 40.46493558
OS 23.89949246 40.46493558
OS 23.90587802 40.4633303
OS 23.92900726 40.4621746
OS 23.93990894 40.46053884
OS 23.95223302 40.45745782
OS 23.9663986 40.45249974
OS 23.98268508 40.44517184
OS 24.00118136 40.43499914
OS 24.02181378 40.42159048
OS 24.0444528 40.40461058
OS 24.05490998 40.39572058
OS 25.68027122 38.77035934
OS 25.68318206 38.76641218
OS 25.68730194 38.75992502
OS 25.68972764 38.7553708
OS 25.69085032 38.75276984
OS 25.69086302 38.7527292
OS 25.69122878 38.74313562
OS 25.70183836 38.69871102
OS 25.71075376 38.65389526
OS 25.71354014 38.64972712
OS 25.71470346 38.64485286
OS 25.741503 38.60787554
OS 25.76689284 38.56987714
OS 25.77106098 38.56709076
OS 25.7740023 38.56303438
OS 25.79042848 38.55294042
OS 25.82612056 38.46677346
OS 25.96677306 38.32612096
OS 26.05293748 38.29043142
OS 26.06303144 38.2740027
OS 26.0670929 38.27105884
OS 26.06987674 38.26689324
OS 26.10784212 38.24152372
OS 26.14484992 38.21470386
OS 26.14972672 38.213538
OS 26.15389486 38.21075416
OS 26.19869538 38.20184384
OS 26.24313268 38.19122918
OS 26.2527288 38.19086342
OS 26.25275674 38.19085326
OS 26.2553831 38.18972042
OS 26.25992462 38.1872998
OS 26.26640924 38.183185
OS 26.27035894 38.18027162
OS 28.86153232 35.58909824
OS 28.86153232 34.3184988
OS 28.76914236 34.28023116
OS 26.81973046 36.22964306
OS 26.81681962 36.23359022
OS 26.81269974 36.24007738
OS 26.81027404 36.2446316
OS 26.80915136 36.24723256
OS 26.80913866 36.2472732
OS 26.8087729 36.25686678
OS 26.79816332 36.30129138
OS 26.78924792 36.34610714
OS 26.78646154 36.35027528
OS 26.78529822 36.35514954
OS 26.75849868 36.39212686
OS 26.73310884 36.43012526
OS 26.7289407 36.43291164
OS 26.72599938 36.43696802
OS 26.7095732 36.44706198
OS 26.67388112 36.53322894
OS 26.53322862 36.67388144
OS 26.4470642 36.70957098
OS 26.43697024 36.7259997
OS 26.43290878 36.72894356
OS 26.43012494 36.73310916
OS 26.39215956 36.75847868
OS 26.35515176 36.78529854
OS 26.35027496 36.7864644
OS 26.34610682 36.78924824
OS 26.3013063 36.79815856
OS 26.256869 36.80877322
OS 26.24727288 36.80913898
OS 26.24724494 36.80914914
OS 26.24461858 36.81028198
OS 26.24007706 36.8127026
OS 26.23359244 36.8168174
OS 26.22964274 36.81973078
OS 24.58559726 38.46377626
OS 24.52247826 38.53741594
OS 24.49776406 38.57100236
OS 24.4773196 38.60259996
OS 24.46271714 38.62909978
OS 24.45347408 38.64979062
OS 24.44877 38.66390032
OS 24.44729172 38.67095898
OS 24.44585916 38.69054238
OS 24.44462218 38.69502294
OS 24.44462218 39.53506698
OS 22.88585212 39.53506698
OS 22.87292098 39.53506952
OS 22.78584978 39.53506952
OS 22.77291864 39.53506698
OS 21.21414858 39.53506698
OS 21.21414858 38.73440056
OS 20.0959339 38.73440056
OS 19.94727532 38.70482988
OS 19.82124814 38.62062126
OS 17.37383622 36.17320934
OS 17.3633892 36.1643295
OS 17.34076288 36.14735976
OS 17.3201203 36.13394094
OS 17.3016291 36.12377078
OS 17.28533246 36.1164378
OS 17.27116688 36.11147972
OS 17.25884534 36.1083987
OS 17.24793858 36.10676294
OS 17.22481188 36.10560724
OS 17.21842632 36.10400196
OS 16.44600216 36.10400196
OS 16.44600216 36.03846742
OS 15.72034956 36.03846742
OS 15.57169098 36.00889674
OS 15.4456638 35.92468812
OS 14.90944186 35.38846618
OS 14.7496784 35.38846618
OS 14.72588876 35.39358682
OS 14.6919188 35.40521494
OS 14.65017644 35.42434876
OS 14.60147448 35.45185188
OS 14.5466689 35.48815864
OS 14.48874928 35.5317552
OS 14.34988748 35.65336024
OS 14.27528768 35.72691356
OS 14.25489148 35.74033492
OS 14.17182078 35.82340562
OS 13.93718066 35.95887652
OS 13.67547176 36.02900084
OS 13.40452996 36.02900084
OS 13.14282106 35.95887652
OS 12.90818094 35.82340562
OS 12.71659636 35.63182104
OS 12.58112546 35.39718092
OS 12.51100114 35.13547202
OS 12.51100114 34.86453022
OS 12.58112546 34.60282132
OS 12.71659636 34.3681812
OS 12.75992114 34.32485642
OS 12.7216535 34.23246646
OS 12.31690704 34.23246646
OS 12.09820796 34.45116554
OS 12.08932812 34.46161256
OS 12.07235838 34.48423888
OS 12.05893956 34.50488146
OS 12.0487694 34.52337266
OS 12.04143642 34.5396693
OS 12.03647834 34.55383488
OS 12.03339732 34.56615642
OS 12.03176156 34.57706318
OS 12.03060586 34.60018988
OS 12.02900058 34.60657544
OS 12.02900058 36.02900084
OS 9.97100114 36.02900084
OS 9.97100114 33.9710014
OS 11.39342654 33.9710014
OS 11.3998121 33.96939612
OS 11.42294134 33.96824042
OS 11.43384302 33.96660466
OS 11.4461671 33.96352364
OS 11.46033268 33.95856556
OS 11.47661916 33.95123766
OS 11.49511544 33.94106496
OS 11.51574786 33.9276563
OS 11.53838688 33.9106764
OS 11.54884406 33.9017864
OS 11.88131482 33.56931564
OS 12.007342 33.48510702
OS 12.15600058 33.45553634
OS 14.41497752 33.45553634
OS 14.5636361 33.48510702
OS 14.68966328 33.56931564
OS 15.7318837 34.61153606
OS 16.44600216 34.61153606
OS 16.44600216 34.47699988
OS 16.7012874 34.47699988
OS 16.70305016 34.51225762
OS 16.7383079 34.47699988
OS 17.15000126 34.47699988
OS 17.15000126 34.22299988
OS 16.9923079 34.22299988
OS 17.0622595 34.15304828
OS 17.02633882 34.1512525
OS 16.99041814 34.14586516
OS 16.95449746 34.13688372
OS 16.91857678 34.12431072
OS 16.8826561 34.10814616
OS 16.84673542 34.08839004
OS 16.8108122 34.06504236
OS 16.77489152 34.03810058
OS 16.73897084 34.00756724
OS 16.70305016 33.97344234
OS 16.52344422 34.15304828
OS 16.55756912 34.18896896
OS 16.58649718 34.22299988
OS 16.44600216 34.22299988
OS 16.44600216 34.08781854
OS 16.44736106 34.0886288
OS 16.46979942 34.10459016
OS 16.4921692 34.1230712
OS 16.51446786 34.14407446
OS 16.6704645 33.94085922
OS 16.64945616 33.9188425
OS 16.63078716 33.89600028
OS 16.9869993 33.89600028
OS 17.02526694 33.80361032
OS 14.61012064 31.38846402
OS 14.50121052 31.38846402
OS 14.49887626 31.39717876
OS 14.36340536 31.63181888
OS 14.17182078 31.82340346
OS 13.93718066 31.95887436
OS 13.67547176 32.02899868
OS 13.40452996 32.02899868
OS 13.14282106 31.95887436
OS 12.90818094 31.82340346
OS 12.71659636 31.63181888
OS 12.58112546 31.39717876
OS 12.51100114 31.13546986
OS 12.51100114 30.86452806
OS 12.55503204 30.70020022
OS 12.48591356 30.58122408
OS 12.4718572 30.57751314
OS 12.28189568 30.76747466
OS 12.1558685 30.85168328
OS 12.02900058 30.87691818
OS 12.02900058 32.02899868
OS 9.97100114 32.02899868
OS 9.97100114 29.97099924
OS 11.97962806 29.97099924
OS 12.38131382 29.56931348
OS 12.507341 29.48510486
OS 12.65599958 29.45553418
OS 14.1156563 29.45553418
OS 14.26431488 29.48510486
OS 14.39034206 29.56931348
OS 18.7170314 33.89600028
OS 19.38547304 33.89600028
OS 19.42300154 33.88853522
OS 19.47111676 33.88853522
OS 19.47116756 33.88852252
OS 19.48533314 33.88356444
OS 19.50161962 33.87623654
OS 19.5201159 33.86606384
OS 19.54074832 33.85265518
OS 19.56338734 33.83567528
OS 19.5738623 33.82677004
OS 21.2655658 32.13506654
OS 21.22414348 32.03506674
OS 21.21414858 32.03506674
OS 21.21414858 30.46493526
OS 22.77291864 30.46493526
OS 22.78584978 30.46493272
OS 22.87292098 30.46493272
OS 22.88585212 30.46493526
OS 23.27030652 30.46493526
OS 23.27030652 30.3412271
OS 23.2998772 30.19256852
OS 23.38408582 30.06654134
OS 23.82317054 29.62745662
OS 23.7849029 29.53506666
OS 22.88585212 29.53506666
OS 22.87292098 29.5350692
OS 22.78584978 29.5350692
OS 22.77291864 29.53506666
OS 21.21414858 29.53506666
OS 21.21414858 29.13846598
OS 20.50000218 29.13846598
OS 20.3513436 29.1088953
OS 20.22531642 29.02468668
OS 17.30463138 26.10400164
OS 17.0815762 26.10400164
OS 17.07519064 26.10560692
OS 17.0520614 26.10676262
OS 17.04115972 26.10839838
OS 17.02883564 26.1114794
OS 17.01467006 26.11643748
OS 16.99838358 26.12376538
OS 16.9798873 26.13393808
OS 16.95925488 26.14734674
OS 16.93661586 26.16432664
OS 16.92615614 26.17321918
OS 15.82468768 27.2746851
OS 15.6986605 27.35889372
OS 15.55000192 27.3884644
OS 14.7496784 27.3884644
OS 14.72588876 27.39358504
OS 14.6919188 27.40521316
OS 14.65017644 27.42434698
OS 14.60147448 27.4518501
OS 14.5466689 27.48815686
OS 14.48874928 27.53175342
OS 14.34988748 27.65335846
OS 14.27528768 27.72691178
OS 14.25489148 27.74033314
OS 14.17182078 27.82340384
OS 13.93718066 27.95887474
OS 13.67547176 28.02899906
OS 13.40452996 28.02899906
OS 13.14282106 27.95887474
OS 12.90818094 27.82340384
OS 12.71659636 27.63181926
OS 12.58112546 27.39717914
OS 12.51100114 27.13547024
OS 12.51100114 26.86452844
OS 12.52298486 26.81980158
OS 12.46210868 26.74046468
OS 12.02900058 26.74046468
OS 12.02900058 28.02899906
OS 9.97100114 28.02899906
OS 9.97100114 25.97099962
OS 11.61047208 25.97099962
OS 11.64800058 25.96353456
OS 12.39226376 25.96353456
OS 13.63048328 24.72531504
OS 13.75651046 24.64110642
OS 13.90516904 24.61153574
OS 16.44600216 24.61153574
OS 16.44600216 24.47699956
OS 16.7012874 24.47699956
OS 16.70305016 24.5122573
OS 16.7383079 24.47699956
OS 17.15000126 24.47699956
OS 17.15000126 24.22299956
OS 16.9923079 24.22299956
OS 17.0622595 24.15304796
OS 17.02633882 24.15125218
OS 16.99041814 24.14586484
OS 16.95449746 24.1368834
OS 16.91857678 24.1243104
OS 16.8826561 24.10814584
OS 16.84673542 24.08838972
OS 16.8108122 24.06504204
OS 16.77489152 24.03810026
OS 16.73897084 24.00756692
OS 16.70305016 23.97344202
OS 16.52344422 24.15304796
OS 16.55756912 24.18896864
OS 16.58649718 24.22299956
OS 16.44600216 24.22299956
OS 16.44600216 24.08430032
OS 16.45821956 24.09299728
OS 16.4805868 24.11148594
OS 16.50288292 24.1324892
OS 16.65956282 23.92995722
OS 16.63855702 23.90793796
OS 16.62881104 23.89599996
OS 16.9869993 23.89599996
OS 17.02526694 23.80361
OS 16.61012172 23.38846478
OS 14.7496784 23.38846478
OS 14.72588876 23.39358542
OS 14.6919188 23.40521354
OS 14.65017644 23.42434736
OS 14.60147448 23.45185048
OS 14.5466689 23.48815724
OS 14.48874928 23.5317538
OS 14.34988748 23.65335884
OS 14.27528768 23.72691216
OS 14.25489148 23.74033352
OS 14.17182078 23.82340422
OS 13.93718066 23.95887512
OS 13.67547176 24.02899944
OS 13.40452996 24.02899944
OS 13.14282106 23.95887512
OS 12.90818094 23.82340422
OS 12.71659636 23.63181964
OS 12.58112546 23.39717952
OS 12.51100114 23.13547062
OS 12.51100114 22.86452882
OS 12.52298486 22.81980196
OS 12.46210868 22.74046506
OS 12.02900058 22.74046506
OS 12.02900058 24.02899944
OS 9.97100114 24.02899944
OS 9.97100114 21.971
OS 11.61047208 21.971
OS 11.64800058 21.96353494
OS 12.39226376 21.96353494
OS 12.78648446 21.56931424
OS 12.91251164 21.48510562
OS 13.06117022 21.45553494
OS 16.11565738 21.45553494
OS 16.26431596 21.48510562
OS 16.39034314 21.56931424
OS 18.71702886 23.89599996
OS 19.38547304 23.89599996
OS 19.42300154 23.8885349
OS 19.56209194 23.8885349
OS 21.32316792 22.12745892
OS 21.28490028 22.03506896
OS 21.21414858 22.03506896
OS 21.21414858 20.46493748
OS 22.77291864 20.46493748
OS 22.78584978 20.46493494
OS 22.87292098 20.46493494
OS 22.88585212 20.46493748
OS 23.78490544 20.46493748
OS 23.82317308 20.37254752
OS 23.38408582 19.93346026
OS 23.2998772 19.80743308
OS 23.27030652 19.6587745
OS 23.27030652 19.53506888
OS 22.88585212 19.53506888
OS 22.87292098 19.53507142
OS 22.78584978 19.53507142
OS 22.77291864 19.53506888
OS 21.21414858 19.53506888
OS 21.21414858 19.1384682
OS 20.50000472 19.1384682
OS 20.3513436 19.10889752
OS 20.22531642 19.0246889
OS 17.37385146 16.17322394
OS 17.3633892 16.16432886
OS 17.34076288 16.14735912
OS 17.3201203 16.1339403
OS 17.3016291 16.12377014
OS 17.28533246 16.11643716
OS 17.27116688 16.11147908
OS 17.25884534 16.10839806
OS 17.24793858 16.1067623
OS 17.22481188 16.1056066
OS 17.21842632 16.10400132
OS 17.0815762 16.10400132
OS 17.07519064 16.1056066
OS 17.0520614 16.1067623
OS 17.04115972 16.10839806
OS 17.02883564 16.11147908
OS 17.01467006 16.11643716
OS 16.99838358 16.12376506
OS 16.9798873 16.13393776
OS 16.95925488 16.14734642
OS 16.93661586 16.16432632
OS 16.9261409 16.17323156
OS 14.67428866 18.4250838
OS 14.66107558 18.4455181
OS 14.64511168 18.47797422
OS 14.62885314 18.52137774
OS 14.61351154 18.5756677
OS 14.59997334 18.64060026
OS 14.58931296 18.71286834
OS 14.57561474 18.89804704
OS 14.57394342 19.0034291
OS 14.56900058 19.02637038
OS 14.56900058 19.135471
OS 14.49887626 19.3971799
OS 14.36340536 19.63182002
OS 14.17182078 19.8234046
OS 13.93718066 19.9588755
OS 13.67547176 20.02899982
OS 13.40452996 20.02899982
OS 13.14282106 19.9588755
OS 12.90818094 19.8234046
OS 12.71659636 19.63182002
OS 12.58112546 19.3971799
OS 12.51100114 19.135471
OS 12.51100114 18.8645292
OS 12.55502442 18.70023184
OS 12.48588816 18.5812684
OS 12.47182164 18.57756
OS 12.28189568 18.76748596
OS 12.1558685 18.85169458
OS 12.02900058 18.87692948
OS 12.02900058 20.02899982
OS 9.97100114 20.02899982
OS 9.97100114 17.97100038
OS 11.97963822 17.97100038
OS 13.8703177 16.0803209
OS 13.8185525 15.99066144
OS 13.67547176 16.0290002
OS 13.40452996 16.0290002
OS 13.14282106 15.95887588
OS 12.90818094 15.82340498
OS 12.71659636 15.6318204
OS 12.58112546 15.39718028
OS 12.51100114 15.13547138
OS 12.51100114 14.86452958
OS 12.58112546 14.60282068
OS 12.71659636 14.36818056
OS 12.90818094 14.17659598
OS 13.14282106 14.04112508
OS 13.40452996 13.97100076
OS 13.52201512 13.97100076
OS 13.54591906 13.96607062
OS 13.6506839 13.96532894
OS 13.83488724 13.95312424
OS 13.90661176 13.94300488
OS 13.97104394 13.92992388
OS 14.02495036 13.91492772
OS 14.06801606 13.89893334
OS 14.10024358 13.8831447
OS 14.12068804 13.86994178
OS 14.36377366 13.62685616
OS 14.32550602 13.5344662
OS 13.01490666 13.5344662
OS 12.09820796 14.4511649
OS 12.08932812 14.46161192
OS 12.07235838 14.48423824
OS 12.05893956 14.50488082
OS 12.0487694 14.52337202
OS 12.04143642 14.53966866
OS 12.03647834 14.55383424
OS 12.03339732 14.56615578
OS 12.03176156 14.57706254
OS 12.03060586 14.60018924
OS 12.02900058 14.6065748
OS 12.02900058 16.0290002
OS 9.97100114 16.0290002
OS 9.97100114 13.97100076
OS 11.39342654 13.97100076
OS 11.3998121 13.96939548
OS 11.42294134 13.96823978
OS 11.43384302 13.96660402
OS 11.4461671 13.963523
OS 11.46033268 13.95856492
OS 11.47661916 13.95123702
OS 11.49511544 13.94106432
OS 11.51574786 13.92765566
OS 11.53838688 13.91067576
OS 11.54884406 13.90178576
OS 12.57931444 12.87131538
OS 12.70534162 12.78710676
OS 12.8540002 12.75753608
OS 17.8960018 12.75753608
OS 18.04466038 12.78710676
OS 18.17068756 12.87131538
OS 19.1261619 13.82678972
OS 19.136614 13.8356721
OS 19.15924032 13.85264184
OS 19.1798829 13.86606066
OS 19.1983741 13.87623082
OS 19.21467074 13.8835638
OS 19.22883632 13.88852188
OS 19.24115786 13.8916029
OS 19.25206462 13.89323866
OS 19.27519132 13.89439436
OS 19.28157688 13.89599964
OS 19.38547304 13.89599964
OS 19.42300154 13.88853458
OS 19.56209194 13.88853458
OS 21.32316792 12.1274586
OS 21.28490028 12.03506864
OS 21.21414858 12.03506864
OS 21.21414858 10.46493716
OS 22.77291864 10.46493716
OS 22.78584978 10.46493462
OS 22.87292098 10.46493462
OS 22.88585212 10.46493716
OS 24.44462218 10.46493716
OS 24.44462218 11.30497866
OS 24.44585916 11.30945922
OS 24.44729172 11.329035
OS 24.44877254 11.33611398
OS 24.45346646 11.35019066
OS 24.4627273 11.3709196
OS 24.4773196 11.39740164
OS 24.49776406 11.42899924
OS 24.52247826 11.46258566
OS 24.58559726 11.53622534
OS 26.22964274 13.18027082
OS 26.2335899 13.18318166
OS 26.24007706 13.18730154
OS 26.24463128 13.18972724
OS 26.24723224 13.19084992
OS 26.24727288 13.19086262
OS 26.25686646 13.19122838
OS 26.30129106 13.20183796
OS 26.34610682 13.21075336
OS 26.35027496 13.21353974
OS 26.35514922 13.21470306
OS 26.39212654 13.2415026
OS 26.43012494 13.26689244
OS 26.43291132 13.27106058
OS 26.4369677 13.2740019
OS 26.44706166 13.29042808
OS 26.53322862 13.32612016
OS 26.67388112 13.46677266
OS 26.70957066 13.55293708
OS 26.72599938 13.56303104
OS 26.72894324 13.5670925
OS 26.73310884 13.56987634
OS 26.75847836 13.60784172
OS 26.78529822 13.64484952
OS 26.78646408 13.64972632
OS 26.78924792 13.65389446
OS 26.79815824 13.69869498
OS 26.8087729 13.74313228
OS 26.80913866 13.7527284
OS 26.80914882 13.75275634
OS 26.81028166 13.7553827
OS 26.81270228 13.75992422
OS 26.81681708 13.76640884
OS 26.81973046 13.77035854
OS 28.76914236 15.71977044
OS 28.86153232 15.6815028
OS 28.86153232 14.41090336
OS 26.27035894 11.81972998
OS 26.26641178 11.81681914
OS 26.25992462 11.81269926
OS 26.2553704 11.81027356
OS 26.25276944 11.80915088
OS 26.2527288 11.80913818
OS 26.24313522 11.80877242
OS 26.19871062 11.79816284
OS 26.15389486 11.78924744
OS 26.14972672 11.78646106
OS 26.14485246 11.78529774
OS 26.10787514 11.7584982
OS 26.06987674 11.73310836
OS 26.06709036 11.72894022
OS 26.06303398 11.7259989
OS 26.05294002 11.70957272
OS 25.96677306 11.67388064
OS 25.82612056 11.53322814
OS 25.79043102 11.44706372
OS 25.7740023 11.43696976
OS 25.77105844 11.4329083
OS 25.76689284 11.43012446
OS 25.74152332 11.39215908
OS 25.71470346 11.35515128
OS 25.7135376 11.35027448
OS 25.71075376 11.34610634
OS 25.70184344 11.30130582
OS 25.69122878 11.25686852
OS 25.69086302 11.2472724
OS 25.69085286 11.24724446
OS 25.68972002 11.2446181
OS 25.6872994 11.24007658
OS 25.6831846 11.23359196
OS 25.68027122 11.22964226
OS 24.0549049 9.60427594
OS 24.04445788 9.5953961
OS 24.02183156 9.57842636
OS 24.00118898 9.56500754
OS 23.98269778 9.55483738
OS 23.96640114 9.5475044
OS 23.95223556 9.54254632
OS 23.93991402 9.5394653
OS 23.92900726 9.53782954
OS 23.90588056 9.53667384
OS 23.899495 9.53506856
OS 22.88585212 9.53506856
OS 22.87292098 9.5350711
OS 22.78584978 9.5350711
OS 22.77291864 9.53506856
OS 21.21414858 9.53506856
OS 21.21414858 9.13846788
OS 19.72834764 9.13846788
OS 19.57968906 9.1088972
OS 19.45366188 9.02468858
OS 17.78297434 7.35400104
OS 16.7127428 7.35400104
OS 16.70305016 7.3559289
OS 16.69956528 7.35523548
OS 16.69606262 7.35583492
OS 16.69360136 7.35576888
OS 14.04031228 10.00905796
OS 14.05336534 10.10820432
OS 14.17182078 10.17659636
OS 14.36340536 10.36818094
OS 14.49887626 10.60282106
OS 14.56900058 10.86452996
OS 14.56900058 11.13547176
OS 14.49887626 11.39718066
OS 14.36340536 11.63182078
OS 14.17182078 11.82340536
OS 13.93718066 11.95887626
OS 13.67547176 12.02900058
OS 13.40452996 12.02900058
OS 13.14282106 11.95887626
OS 12.90818094 11.82340536
OS 12.71659636 11.63182078
OS 12.58112546 11.39718066
OS 12.51100114 11.13547176
OS 12.51100114 10.86452996
OS 12.55116616 10.71462932
OS 12.46150924 10.66286412
OS 12.28189568 10.84247768
OS 12.1558685 10.9266863
OS 12.02900058 10.9519212
OS 12.02900058 12.02900058
OS 9.97100114 12.02900058
OS 9.97100114 9.97100114
OS 12.0289955 9.97100114
OS 12.02899804 9.9709986
OS 12.02899804 9.97099606
OS 12.10592448 9.91970584
OS 13.93804934 8.08758098
OS 13.9356338 8.06282106
OS 13.8278743 7.98816538
OS 13.67547176 8.02900096
OS 13.40452996 8.02900096
OS 13.14282106 7.95887664
OS 12.90818094 7.82340574
OS 12.71659636 7.63182116
OS 12.58112546 7.39718104
OS 12.51100114 7.13547214
OS 12.51100114 6.86453034
OS 12.58112546 6.60282144
OS 12.71659636 6.36818132
OS 12.90818094 6.17659674
OS 13.14282106 6.04112584
OS 13.40452996 5.97100152
OS 13.52201512 5.97100152
OS 13.54591906 5.96607138
OS 13.6506839 5.9653297
OS 13.83488724 5.953125
OS 13.90661176 5.94300564
OS 13.97104394 5.92992464
OS 14.02495036 5.91492848
OS 14.06801606 5.8989341
OS 14.10024358 5.88314546
OS 14.1206855 5.86994508
OS 15.1137747 4.87685588
OS 15.07550452 4.78446592
OS 13.76491024 4.78446592
OS 12.09820542 6.45117074
OS 12.08932812 6.46161268
OS 12.07235838 6.484239
OS 12.05893956 6.50488158
OS 12.0487694 6.52337278
OS 12.04143642 6.53966942
OS 12.03647834 6.553835
OS 12.03339732 6.56615654
OS 12.03176156 6.5770633
OS 12.03060586 6.60019
OS 12.02900058 6.60657556
OS 12.02900058 8.02900096
OS 9.97100114 8.02900096
OS 9.97100114 5.97100152
OS 11.39342654 5.97100152
OS 11.3998121 5.96939624
OS 11.42294134 5.96824054
OS 11.43384302 5.96660478
OS 11.4461671 5.96352376
OS 11.46033268 5.95856568
OS 11.47661916 5.95123778
OS 11.49511544 5.94106508
OS 11.51574786 5.92765642
OS 11.53838688 5.91067652
OS 11.54883898 5.9017916
OS 13.32931548 4.12131256
OS 13.45534266 4.03710648
OS 13.60400124 4.0075358
OS 17.41765884 4.0075358
OS 17.56631742 4.03710648
OS 17.6923446 4.1213151
OS 18.7170314 5.14599936
OS 20.05399596 5.14599936
OS 20.0539985 5.14599682
OS 20.0539985 5.14599428
OS 20.1214101 5.07922022
OS 21.1449412 4.05568912
OS 21.15382104 4.0452421
OS 21.17079078 4.02261578
OS 21.1842096 4.0019732
OS 21.19437976 3.983482
OS 21.20171274 3.96718536
OS 21.20667082 3.95301978
OS 21.20975184 3.94069824
OS 21.2113876 3.92979148
OS 21.2125433 3.90666478
OS 21.21414858 3.90027922
OS 21.21414858 2.96493692
OS 22.77291864 2.96493692
OS 22.78584978 2.96493438
OS 22.87292098 2.96493438
OS 22.88585212 2.96493692
OS 24.44462218 2.96493692
OS 24.44462218 3.80497842
OS 24.44585916 3.80945898
OS 24.44729172 3.82903476
OS 24.44877254 3.83611374
OS 24.45346646 3.85019042
OS 24.4627273 3.87091936
OS 24.4773196 3.8974014
OS 24.49776406 3.928999
OS 24.52247826 3.96258542
OS 24.58559726 4.0362251
OS 25.4796417 4.93026954
OS 25.48358886 4.93318038
OS 25.49007602 4.93730026
OS 25.49463024 4.93972596
OS 25.4972312 4.94084864
OS 25.49727184 4.94086134
OS 25.50686542 4.9412271
OS 25.55129002 4.95183668
OS 25.59610578 4.96075208
OS 25.60027392 4.96353846
OS 25.60514818 4.96470178
OS 25.6421255 4.99150132
OS 25.6801239 5.01689116
OS 25.68291028 5.0210593
OS 25.68696666 5.02400062
OS 25.69706062 5.0404268
OS 25.78322758 5.07611888
OS 25.92388008 5.21677138
OS 25.95956962 5.3029358
OS 25.97599834 5.31302976
OS 25.9789422 5.31709122
OS 25.9831078 5.31987506
OS 26.00847732 5.35784044
OS 26.03529718 5.39484824
OS 26.03646304 5.39972504
OS 26.03924688 5.40389318
OS 26.0481572 5.4486937
OS 26.05877186 5.493131
OS 26.05913762 5.50272712
OS 26.05914778 5.50275506
OS 26.06028062 5.50538142
OS 26.06270124 5.50992294
OS 26.06681604 5.51640756
OS 26.06972942 5.52035726
OS 31.77468626 11.2253141
OS 31.85889488 11.35134128
OS 31.88846556 11.49999986
OS 31.88846556 18.08909514
OS 32.58590638 18.78653596
OS 35.34005378 18.78653596
OS 35.34005378 18.39950092
OS 35.36360974 18.28108104
OS 35.4306886 18.18069008
OS 35.53107956 18.11361122
OS 35.64949944 18.09005526
OS 35.6519607 18.09005526
OS 35.70541246 17.99005546
OS 35.68631166 17.96146776
OS 34.64800284 17.96146776
OS 34.61046164 17.95400016
OS 33.2770099 17.95400016
OS 33.2770099 17.24999852
OS 33.2770099 16.80304996
OS 33.40400228 16.80304996
OS 33.37987228 16.80050996
OS 33.35828228 16.79288996
OS 33.33923228 16.78018996
OS 33.32272228 16.76240996
OS 33.30875228 16.73954996
OS 33.29732228 16.71160996
OS 33.28843228 16.67858996
OS 33.28208228 16.64048996
OS 33.27827228 16.59730996
OS 33.2770099 16.54933952
OS 33.2770099 16.54600196
OS 33.96153736 16.54600196
OS 33.96153736 16.20399858
OS 33.84600038 16.20399858
OS 33.84600038 15.95664322
OS 33.84407252 15.94695058
OS 33.84600038 15.93725794
OS 33.84600038 15.92218558
OS 33.8456651 15.91826636
OS 33.84600038 15.91720972
OS 33.84600038 14.79600038
OS 33.95352112 14.79600038
OS 34.02531422 14.72026012
OS 34.0312121 14.70437496
OS 34.03569012 14.68562214
OS 34.00000058 14.59945518
OS 34.00000058 14.4005427
OS 34.0761193 14.21677116
OS 34.2167718 14.07611866
OS 34.40054334 13.99999994
OS 34.59945582 13.99999994
OS 34.78322736 14.07611866
OS 34.92387986 14.21677116
OS 34.98584824 14.3663797
OS 35.00000112 14.40053762
OS 35.09599534 14.39088562
OS 35.09599788 14.35565582
OS 35.09600042 14.35400228
OS 35.09600042 13.87700044
OS 35.6230047 13.87700044
OS 35.6230047 14.45400208
OS 35.09999838 14.45400208
OS 35.09599788 14.45400716
OS 35.00000366 14.46365662
OS 34.99999858 14.49702714
OS 34.99999858 14.59945518
OS 34.9643065 14.68562214
OS 34.96878706 14.70437496
OS 34.9746824 14.72026012
OS 35.04649582 14.79600038
OS 35.1539937 14.79600038
OS 35.1539937 14.7959953
OS 35.22100652 14.7959953
OS 35.22100652 14.79600038
OS 35.7730044 14.79600038
OS 35.7730044 14.79904838
OS 35.77300186 14.79904838
OS 35.77173186 14.84730838
OS 35.76792186 14.89048838
OS 35.76157186 14.92858838
OS 35.75268186 14.96160838
OS 35.74125186 14.98954838
OS 35.72728186 15.01240838
OS 35.71077186 15.03018838
OS 35.69172186 15.04288838
OS 35.67013186 15.05050838
OS 35.64600186 15.05304838
OS 35.7730044 15.05304838
OS 35.7730044 15.49999694
OS 35.7730044 16.20399858
OS 35.22100652 16.20399858
OS 35.22100652 16.20400366
OS 35.1539937 16.20400366
OS 35.1539937 16.20399858
OS 34.73846748 16.20399858
OS 34.73846748 16.54600196
OS 35.02900284 16.54600196
OS 35.02900284 17.18453764
OS 35.91503104 17.18453764
OS 36.06368962 17.21410832
OS 36.1897168 17.29831694
OS 36.76914414 17.87774428
OS 36.8615341 17.83947664
OS 36.8615341 16.20399858
OS 36.0270044 16.20399858
OS 36.0270044 15.49999694
OS 36.0270044 15.05304838
OS 36.15400186 15.05304838
OS 36.12987186 15.05050838
OS 36.10828186 15.04288838
OS 36.08923186 15.03018838
OS 36.07272186 15.01240838
OS 36.05875186 14.98954838
OS 36.04732186 14.96160838
OS 36.03843186 14.92858838
OS 36.03208186 14.89048838
OS 36.02827186 14.84730838
OS 36.0270044 14.7991449
OS 36.0270044 14.79600038
OS 36.71153694 14.79600038
OS 36.71153694 14.45399954
OS 36.5960025 14.45399954
OS 36.5960025 14.20664418
OS 36.59407464 14.19695154
OS 36.5960025 14.1872589
OS 36.5960025 14.17218654
OS 36.59566722 14.16826732
OS 36.5960025 14.16721068
OS 36.5960025 13.04600134
OS 36.86153664 13.04600134
OS 36.86153664 10.91724766
OS 36.8608102 10.91244198
OS 36.85912618 10.90490326
OS 36.8576225 10.89997058
OS 36.85657602 10.89733152
OS 36.85656078 10.89730358
OS 36.85002282 10.89024492
OS 36.82612904 10.85134736
OS 36.8007392 10.8133515
OS 36.79975876 10.80842136
OS 36.7971324 10.80414654
OS 36.78993912 10.75905646
OS 36.78102626 10.71424578
OS 36.7820067 10.70932072
OS 36.78121422 10.7043601
OS 36.78569224 10.68562252
OS 36.75000016 10.59945556
OS 36.75000016 10.40054308
OS 36.82611888 10.21677154
OS 36.96677138 10.07611904
OS 37.15054292 10.00000032
OS 37.3494554 10.00000032
OS 37.53322694 10.07611904
OS 37.67387944 10.21677154
OS 37.74999816 10.40054308
OS 37.74999816 10.59945556
OS 37.71430862 10.68561998
OS 37.71879172 10.70439566
OS 37.71800178 10.7093385
OS 37.71897714 10.71423816
OS 37.71006682 10.75902852
OS 37.7028583 10.80417956
OS 37.70023956 10.80844168
OS 37.6992642 10.81334388
OS 37.67387436 10.85134228
OS 37.64995264 10.89027032
OS 37.64344516 10.89729342
OS 37.64342738 10.89732898
OS 37.64237582 10.89998074
OS 37.64087976 10.90488802
OS 37.63919066 10.91244198
OS 37.63846676 10.91724512
OS 37.63846676 13.04600134
OS 37.8959999 13.04600134
OS 37.8959999 12.84600174
OS 39.1039985 12.84600174
OS 39.1039985 14.10462762
OS 39.17468416 14.17531328
OS 39.25889278 14.30134046
OS 39.28846346 14.44999904
OS 39.28846346 14.79600038
OS 39.71153348 14.79600038
OS 39.71153348 14.45000158
OS 39.74110416 14.301343
OS 39.82531278 14.17531582
OS 39.89600098 14.10462762
OS 39.89600098 12.84600174
OS 40.11153522 12.84600174
OS 40.11153522 10.91724258
OS 40.11081132 10.91244198
OS 40.10912476 10.90490072
OS 40.10762108 10.89996804
OS 40.1065746 10.89732898
OS 40.10655682 10.89729596
OS 40.10003664 10.89025762
OS 40.07611492 10.8513245
OS 40.05073778 10.81334642
OS 40.04976242 10.8084366
OS 40.04713606 10.80416432
OS 40.03993516 10.75903106
OS 40.03102484 10.7142407
OS 40.03200274 10.7093258
OS 40.0312128 10.70437788
OS 40.03569082 10.68562252
OS 40.00000128 10.59945556
OS 40.00000128 10.40054308
OS 40.07612 10.21677154
OS 40.2167725 10.07611904
OS 40.40054404 10.00000032
OS 40.59945652 10.00000032
OS 40.78322806 10.07611904
OS 40.92388056 10.21677154
OS 40.99999928 10.40054308
OS 40.99999928 10.59945556
OS 40.9643072 10.68562252
OS 40.96878776 10.70437788
OS 40.96799782 10.7093258
OS 40.96897572 10.7142407
OS 40.96006032 10.75906662
OS 40.95286196 10.80416432
OS 40.95024068 10.80843152
OS 40.94926278 10.81334642
OS 40.92387294 10.85134736
OS 40.89996392 10.89025762
OS 40.89344628 10.89729088
OS 40.89342088 10.89734168
OS 40.8923744 10.89998074
OS 40.89087834 10.90488802
OS 40.88918924 10.91244706
OS 40.88846534 10.91724258
OS 40.88846534 12.84600174
OS 41.10399958 12.84600174
OS 41.10399958 14.65399914
OS 40.4884636 14.65399914
OS 40.4884636 14.79600038
OS 40.77899896 14.79600038
OS 40.77899896 16.20399858
OS 40.1384643 16.20399858
OS 40.1384643 16.88150802
OS 40.23085426 16.91977566
OS 41.47679284 15.67383708
OS 41.48567268 15.66339006
OS 41.50264242 15.64076374
OS 41.51606124 15.62012116
OS 41.5262314 15.60162996
OS 41.53356438 15.58533332
OS 41.53852246 15.57116774
OS 41.54160348 15.5588462
OS 41.54323924 15.54793944
OS 41.54439494 15.52481274
OS 41.54600022 15.51842718
OS 41.54600022 14.84600282
OS 42.95399842 14.84600282
OS 42.95399842 15.8906083
OS 43.04638838 15.92887594
OS 43.47470096 15.50056336
OS 43.48359604 15.49009856
OS 43.50056578 15.46747224
OS 43.5139846 15.44682966
OS 43.52415476 15.42833846
OS 43.53148774 15.41204182
OS 43.53644582 15.39787624
OS 43.53952684 15.3855547
OS 43.5411626 15.37464794
OS 43.5423183 15.35152124
OS 43.54392358 15.34513568
OS 43.54392358 14.01929124
OS 45.95607522 14.01929124
OS 45.95607522 15.86153546
OS 46.28909208 15.86153546
OS 46.476793 15.67383454
OS 46.48567284 15.66338752
OS 46.50264258 15.6407612
OS 46.5160614 15.62011862
OS 46.52623156 15.60162742
OS 46.53356454 15.58533078
OS 46.53852262 15.5711652
OS 46.54160364 15.55884366
OS 46.5432394 15.5479369
OS 46.5443951 15.5248102
OS 46.54600038 15.51842464
OS 46.54600038 14.84600028
OS 47.95399858 14.84600028
OS 47.95399858 16.0865566
OS 48.04523538 16.12636856
OS 48.11153446 16.07350862
OS 48.11153446 10.91724258
OS 48.11081056 10.91244198
OS 48.109124 10.90490072
OS 48.10762032 10.89996804
OS 48.10657384 10.89732898
OS 48.10655606 10.89729596
OS 48.10003588 10.89025762
OS 48.07611416 10.8513245
OS 48.05073702 10.81334642
OS 48.04976166 10.8084366
OS 48.0471353 10.80416432
OS 48.0399344 10.75903106
OS 48.03102408 10.7142407
OS 48.03200198 10.7093258
OS 48.03121204 10.70437788
OS 48.03569006 10.68562252
OS 48.00000052 10.59945556
OS 48.00000052 10.40054308
OS 48.07611924 10.21677154
OS 48.21677174 10.07611904
OS 48.40054328 10.00000032
OS 48.59945576 10.00000032
OS 48.7832273 10.07611904
OS 48.9238798 10.21677154
OS 48.99999852 10.40054308
OS 48.99999852 10.59945556
OS 48.96430644 10.68562252
OS 48.968787 10.70437788
OS 48.96799706 10.7093258
OS 48.96897496 10.7142407
OS 48.96005956 10.75906662
OS 48.9528612 10.80416432
OS 48.95023992 10.80843152
OS 48.94926202 10.81334642
OS 48.92387218 10.85134736
OS 48.89996316 10.89025762
OS 48.89344552 10.89729088
OS 48.89342012 10.89734168
OS 48.89237364 10.89998074
OS 48.89087758 10.90488802
OS 48.88918848 10.91244706
OS 48.88846458 10.91724258
OS 48.88846458 16.25000306
OS 48.8588939 16.39866164
OS 48.77468782 16.52468882
OS 48.27468882 17.02468528
OS 48.14866164 17.1088939
OS 48.00000306 17.13846458
OS 44.9109084 17.13846458
OS 43.66146462 18.38790582
OS 43.66146462 19.01105418
OS 43.76146442 19.0524765
OS 44.68537672 18.1285642
OS 44.81140136 18.04435558
OS 44.96006248 18.0147849
OS 54.6858444 18.0147849
OS 55.43027522 17.27035408
OS 55.43318098 17.266412
OS 55.43730086 17.25992484
OS 55.43972656 17.25537062
OS 55.44084924 17.25276966
OS 55.44086194 17.25272902
OS 55.4412277 17.24313544
OS 55.45183728 17.19871084
OS 55.46075268 17.15389508
OS 55.46353906 17.14972694
OS 55.46470238 17.14485268
OS 55.49150192 17.10787536
OS 55.51689176 17.06987696
OS 55.5210599 17.06709058
OS 55.52400122 17.0630342
OS 55.5404274 17.05294024
OS 55.57611948 16.96677328
OS 55.71677198 16.82612078
OS 55.90054352 16.75000206
OS 56.099456 16.75000206
OS 56.28322754 16.82612078
OS 56.42388004 16.96677328
OS 56.49999876 17.15054482
OS 56.49999876 17.3494573
OS 56.42388004 17.53322884
OS 56.28322754 17.67388134
OS 56.19706312 17.70957088
OS 56.18696916 17.7259996
OS 56.1829077 17.72894346
OS 56.18012386 17.73310906
OS 56.14215848 17.75847858
OS 56.10515068 17.78529844
OS 56.10027388 17.7864643
OS 56.09610574 17.78924814
OS 56.05130522 17.79815846
OS 56.00686792 17.80877312
OS 55.9972718 17.80913888
OS 55.99724386 17.80914904
OS 55.9946175 17.81028188
OS 55.99007598 17.8127025
OS 55.98359136 17.8168173
OS 55.97964674 17.8197256
OS 55.12143662 18.67793572
OS 54.99540944 18.76214434
OS 54.84675086 18.79171502
OS 45.12096894 18.79171502
OS 44.2614812 19.65120276
OS 44.2614812 20.86581806
OS 44.26565442 20.86972966
OS 44.361481 20.91011312
OS 44.43107954 20.8636108
OS 44.54949942 20.84005484
OS 45.19799952 20.84005484
OS 45.19799952 21.25000068
OS 45.45199952 21.25000068
OS 45.45199952 20.84005484
OS 46.10049962 20.84005484
OS 46.2189195 20.8636108
OS 46.31931046 20.93068966
OS 46.38638932 21.03108062
OS 46.40994528 21.1495005
OS 46.40994528 21.35049832
OS 46.41900292 21.36153462
OS 49.34599986 21.36153462
OS 49.34599986 20.19599974
OS 50.65399826 20.19599974
OS 50.65399826 20.52405598
OS 50.8704977 20.52405598
OS 50.8752983 20.52333208
OS 50.88283956 20.52164552
OS 50.88777224 20.52014184
OS 50.8904113 20.51909536
OS 50.89044432 20.51907758
OS 50.89748266 20.5125574
OS 50.93641578 20.48863568
OS 50.97439386 20.46325854
OS 50.97930368 20.46228318
OS 50.98357596 20.45965682
OS 51.02870922 20.45245592
OS 51.07349958 20.4435456
OS 51.07841448 20.4445235
OS 51.0833624 20.44373356
OS 51.10211776 20.44821158
OS 51.18828472 20.41252204
OS 51.3871972 20.41252204
OS 51.57096874 20.48864076
OS 51.71162124 20.62929326
OS 51.78773996 20.8130648
OS 51.78773996 21.01197728
OS 51.71162124 21.19574882
OS 51.64583524 21.26153482
OS 51.68725756 21.36153462
OS 59.58275612 21.36153462
OS 59.58755672 21.36081072
OS 59.59509798 21.35912416
OS 59.60003066 21.35762048
OS 59.60266972 21.356574
OS 59.60270274 21.35655622
OS 59.60974108 21.35003604
OS 59.6486742 21.32611432
OS 59.68665228 21.30073718
OS 59.6915621 21.29976182
OS 59.69583438 21.29713546
OS 59.74096764 21.28993456
OS 59.785758 21.28102424
OS 59.7906729 21.28200214
OS 59.79562082 21.2812122
OS 59.81437618 21.28569022
OS 59.90054314 21.25000068
OS 60.09945562 21.25000068
OS 60.28322716 21.3261194
OS 60.42387966 21.4667719
OS 60.49999838 21.65054344
OS 60.49999838 21.84945592
OS 60.42387966 22.03322746
OS 60.34557146 22.11153566
OS 60.38699378 22.21153546
OS 60.9540945 22.21153546
OS 63.47924058 19.68638938
OS 63.44097294 19.59399942
OS 60.31100206 19.59399942
OS 60.31100206 18.12039048
OS 60.25399684 18.04400252
OS 60.21099972 18.04399998
OS 58.24600238 18.04399998
OS 58.24600238 17.72846594
OS 58.09000066 17.72846594
OS 57.94134208 17.69889526
OS 57.8153149 17.61468664
OS 56.83909384 16.63846558
OS 54.45000032 16.63846558
OS 54.30134174 16.6088949
OS 54.17531456 16.52468628
OS 53.62383484 15.97320656
OS 53.61338782 15.96432672
OS 53.5907615 15.94735698
OS 53.57011892 15.93393816
OS 53.55162772 15.923768
OS 53.53533108 15.91643502
OS 53.5211655 15.91147694
OS 53.50884396 15.90839592
OS 53.4979372 15.90676016
OS 53.4748105 15.90560446
OS 53.46842494 15.90399918
OS 52.69600078 15.90399918
OS 52.69600078 14.59600078
OS 52.84153516 14.59600078
OS 52.84153516 13.79899704
OS 52.34100022 13.79899704
OS 52.34100022 11.5110006
OS 54.11900022 11.5110006
OS 54.11900022 13.79899704
OS 53.61846528 13.79899704
OS 53.61846528 14.59600078
OS 54.10399898 14.59600078
OS 54.10399898 15.26842514
OS 54.10560426 15.2748107
OS 54.10675996 15.29793994
OS 54.10839572 15.30884162
OS 54.11147674 15.3211657
OS 54.11643482 15.33533128
OS 54.12376272 15.35161776
OS 54.13393542 15.37011404
OS 54.14734408 15.39074646
OS 54.16432398 15.41338548
OS 54.17321398 15.42384266
OS 54.3036125 15.55424118
OS 54.39600246 15.51597354
OS 54.39600246 14.59600078
OS 55.53726002 14.59600078
OS 55.54695266 14.59407292
OS 55.5566453 14.59600078
OS 55.80400066 14.59600078
OS 55.80400066 14.72243436
OS 55.82438924 14.725523
OS 55.9171348 14.73204826
OS 56.49999876 14.73204826
OS 56.59025512 14.75000098
OS 56.599455 14.75000098
OS 56.60795384 14.75352142
OS 56.6982102 14.77147414
OS 56.77472008 14.82259672
OS 56.78322654 14.8261197
OS 56.78973656 14.83262972
OS 56.86624644 14.8837523
OS 56.91736902 14.96026218
OS 56.92387904 14.9667722
OS 56.92740202 14.97527866
OS 56.9785246 15.05178854
OS 56.99647732 15.1420449
OS 56.99999776 15.15054374
OS 56.99999776 15.15974362
OS 57.01795048 15.24999998
OS 56.99999776 15.34025634
OS 56.99999776 15.34945622
OS 56.99647732 15.35795506
OS 56.9785246 15.44821142
OS 56.92740202 15.5247213
OS 56.92387904 15.53322776
OS 56.91736902 15.53973778
OS 56.86624644 15.61624766
OS 56.78973656 15.66737024
OS 56.78322654 15.67388026
OS 56.77472008 15.67740324
OS 56.6982102 15.72852582
OS 56.60795384 15.74647854
OS 56.59945754 15.74999898
OS 56.5905777 15.76153566
OS 56.6398029 15.86153546
OS 57.0000003 15.86153546
OS 57.14865888 15.89110614
OS 57.27468606 15.97531476
OS 58.15361242 16.85424112
OS 58.24600238 16.81597348
OS 58.24600238 15.36600178
OS 58.24600238 14.09600178
OS 58.24600238 12.82600178
OS 58.24600238 11.55600178
OS 58.24600238 10.28600178
OS 58.24600238 9.01600178
OS 58.24600238 7.74600178
OS 58.24600238 6.29846594
OS 53.62000198 6.29846594
OS 53.4713434 6.26889526
OS 53.34531622 6.18468664
OS 52.0406884 4.88005882
OS 52.02024902 4.86686098
OS 51.98801642 4.85106726
OS 51.94493294 4.8350678
OS 51.89104176 4.82007672
OS 51.82660704 4.80699318
OS 51.75489014 4.79687636
OS 51.57068426 4.78467166
OS 51.46591942 4.78392998
OS 51.44201548 4.77899984
OS 51.32453032 4.77899984
OS 51.06282142 4.70887552
OS 50.8281813 4.57340462
OS 50.63659672 4.38182004
OS 50.50112582 4.14717992
OS 50.4310015 3.88547102
OS 50.4310015 3.61452922
OS 50.50112582 3.35282032
OS 50.63659672 3.1181802
OS 50.8281813 2.92659562
OS 51.06282142 2.79112472
OS 51.32453032 2.7210004
OS 51.59547212 2.7210004
OS 51.85718102 2.79112472
OS 52.09182114 2.92659562
OS 52.28340572 3.1181802
OS 52.41887662 3.35282032
OS 52.48900094 3.61452922
OS 52.48900094 3.73201438
OS 52.49393108 3.75591832
OS 52.49467276 3.86068316
OS 52.50687746 4.0448865
OS 52.51699682 4.11661102
OS 52.53007782 4.1810432
OS 52.54507398 4.23494962
OS 52.56106836 4.27801532
OS 52.576857 4.31024284
OS 52.59005992 4.3306873
OS 52.87861154 4.61923892
OS 52.9710015 4.58097128
OS 52.9710015 2.7210004
OS 55.02900094 2.7210004
OS 55.02900094 4.22215818
OS 55.05488862 4.25153582
OS 58.24600238 4.25153582
OS 58.24600238 2.66600178
OS 58.24600238 1.39600178
OS 58.24600238 0.95700088
OS 59.25000088 0.95700088
OS 60.25399938 0.95700088
OS 60.25399938 1.39600178
OS 60.25399938 2.66600178
OS 60.25399938 3.93600178
OS 60.25399938 5.20600178
OS 60.25399938 6.47600178
OS 60.25399938 7.74600178
OS 60.25399938 9.01600178
OS 60.25399938 10.28600178
OS 60.25399938 11.55600178
OS 60.25399938 12.82600178
OS 60.25399938 14.09600178
OS 60.25399938 15.36600178
OS 60.25399938 16.63600178
OS 60.25399938 17.50961192
OS 60.3110046 17.58599988
OS 60.35400172 17.58600242
OS 75.6460006 17.58600242
OS 75.68899772 17.58599988
OS 75.74600294 17.50961192
OS 75.74600294 16.63600178
OS 75.74600294 15.36600178
OS 75.74600294 13.94886466
OS 75.70625194 13.92047762
OS 75.66298304 13.89553482
OS 75.64600314 13.89464074
OS 75.64025766 13.89996458
OS 75.60132454 13.9238863
OS 75.56334646 13.94926344
OS 75.55843664 13.9502388
OS 75.55416436 13.95286516
OS 75.5090311 13.96006606
OS 75.46424074 13.96897638
OS 75.45932584 13.96799848
OS 75.45437792 13.96878842
OS 75.43562256 13.9643104
OS 75.3494556 13.99999994
OS 75.15054312 13.99999994
OS 74.96677158 13.92388122
OS 74.82611908 13.78322872
OS 74.75000036 13.59945718
OS 74.75000036 13.4005447
OS 74.82611908 13.21677316
OS 74.96677158 13.07612066
OS 75.15054312 13.00000194
OS 75.3494556 13.00000194
OS 75.43562256 13.03569402
OS 75.45437792 13.03121346
OS 75.45932584 13.0320034
OS 75.46424074 13.0310255
OS 75.50906666 13.0399409
OS 75.55416436 13.04713926
OS 75.55843156 13.04976054
OS 75.56334646 13.05073844
OS 75.6013474 13.07612828
OS 75.64025766 13.1000373
OS 75.64600314 13.10536114
OS 75.66296272 13.10446706
OS 75.70631544 13.07948108
OS 75.74600294 13.05113722
OS 75.74600294 11.55600178
OS 75.74600294 10.28600178
OS 75.74600294 9.01600178
OS 75.74600294 7.74600178
OS 75.74600294 6.47600178
OS 75.74600294 5.20600178
OS 75.74600294 3.93600178
OS 75.74600294 2.66600178
OS 75.74600294 1.39600178
OS 75.74600294 0.95700088
OS 76.75000144 0.95700088
OS 77.75399994 0.95700088
OS 77.75399994 1.5659608
OS 77.7841853 1.572133
OS 77.88861486 1.58204916
OS 78.89600172 1.58204916
OS 78.89600172 1.42699994
OS 79.49999594 1.42699994
OS 79.84695232 1.42699994
OS 79.84695232 1.64695124
OS 79.85203232 1.62454082
OS 79.86727232 1.60449006
OS 79.89267232 1.58679642
OS 79.92823232 1.57146244
OS 79.97395232 1.55848812
OS 80.02983232 1.54787346
OS 80.09587232 1.53961592
OS 80.10400032 1.53914348
OS 80.10400032 1.90399924
OS 79.58462112 1.90399924
OS 79.5478343 2.00399904
OS 79.56816192 2.02129644
OS 79.60877144 2.05172564
OS 79.64365326 2.07498442
OS 79.6691955 2.08950306
OS 79.68125034 2.0949158
OS 79.6884868 2.0957413
OS 79.68930468 2.09600292
OS 79.83725968 2.09600292
OS 79.84695232 2.09407506
OS 79.85664496 2.09600292
OS 79.8726368 2.09600292
OS 79.87605564 2.0957159
OS 79.8769548 2.09600292
OS 80.10400032 2.09600292
OS 80.10400032 2.17319098
OS 80.21697698 2.1820505
OS 80.90000076 2.1820505
OS 81.0982122 2.22147638
OS 81.26624844 2.33375454
OS 81.4981733 2.5656794
OS 81.5870733 2.64600182
OS 82.38725712 2.64600182
OS 82.39694976 2.64407396
OS 82.4066424 2.64600182
OS 82.42263424 2.64600182
OS 82.42605308 2.6457148
OS 82.42695224 2.64600182
OS 82.65399776 2.64600182
OS 82.65399776 2.72318988
OS 82.76697442 2.7320494
OS 83.50000064 2.7320494
OS 83.590257 2.75000212
OS 83.59945688 2.75000212
OS 83.60795572 2.75352256
OS 83.69821208 2.77147528
OS 83.77472196 2.82259786
OS 83.78322842 2.82612084
OS 83.78973844 2.83263086
OS 83.86624832 2.88375344
OS 83.9173709 2.96026332
OS 83.92388092 2.96677334
OS 83.9274039 2.9752798
OS 83.97852648 3.05178968
OS 83.9964792 3.14204604
OS 83.99999964 3.15054488
OS 83.99999964 3.15974476
OS 84.01795236 3.25000112
OS 83.99999964 3.34025748
OS 83.99999964 3.34945736
OS 83.9964792 3.3579562
OS 83.97852648 3.44821256
OS 83.9274039 3.52472244
OS 83.92388092 3.5332289
OS 83.9173709 3.53973892
OS 83.86624832 3.6162488
OS 83.78973844 3.66737138
OS 83.78322842 3.6738814
OS 83.77472196 3.67740438
OS 83.69821208 3.72852696
OS 83.60795572 3.74647968
OS 83.59945688 3.75000012
OS 83.590257 3.75000012
OS 83.50000064 3.76795284
OS 82.71617188 3.76795284
OS 82.65399776 3.7728271
OS 82.65399776 3.85400042
OS 82.42695224 3.85400042
OS 82.42605308 3.85428744
OS 82.42263424 3.85400042
OS 82.4066424 3.85400042
OS 82.39694976 3.85592828
OS 82.38725712 3.85400042
OS 80.84600036 3.85400042
OS 80.84600036 3.40098888
OS 80.68409822 3.21795394
OS 80.16617444 3.21795394
OS 80.10400032 3.2228282
OS 80.10400032 3.30400152
OS 79.8769548 3.30400152
OS 79.87605564 3.30428854
OS 79.8726368 3.30400152
OS 79.85664496 3.30400152
OS 79.84695232 3.30592938
OS 79.83725968 3.30400152
OS 78.89600172 3.30400152
OS 78.89600172 2.88930588
OS 78.8957401 2.888488
OS 78.8949146 2.88125154
OS 78.8895044 2.86919924
OS 78.87499592 2.84367478
OS 78.85172444 2.80877264
OS 78.82259064 2.76989286
OS 78.71399294 2.6464895
OS 78.68545604 2.6179526
OS 77.87167814 2.6179526
OS 77.84701728 2.61960614
OS 77.78814008 2.62706104
OS 77.75399994 2.63404096
OS 77.75399994 2.98153582
OS 77.87000174 2.98153582
OS 78.01866032 3.0111065
OS 78.1446875 3.09531512
OS 79.41090798 4.3615356
OS 83.34600044 4.3615356
OS 83.34600044 4.04600156
OS 84.65399884 4.04600156
OS 84.65399884 5.45399976
OS 84.3884647 5.45399976
OS 84.3884647 6.096
OS 84.70399874 6.096
OS 84.70399874 7.4039984
OS 83.93157458 7.4039984
OS 83.92518902 7.40560368
OS 83.90205978 7.40675938
OS 83.8911581 7.40839514
OS 83.87883402 7.41147616
OS 83.86466844 7.41643424
OS 83.84838196 7.42376214
OS 83.82988568 7.43393484
OS 83.80925326 7.4473435
OS 83.78661424 7.4643234
OS 83.77615706 7.4732134
OS 83.66646462 7.58290584
OS 83.66646462 8.33699882
OS 83.65899956 8.37452732
OS 83.65899956 9.98899704
OS 81.88099956 9.98899704
OS 81.88099956 7.7010006
OS 82.8895345 7.7010006
OS 82.8895345 7.42199938
OS 82.91910518 7.2733408
OS 83.0033138 7.14731362
OS 83.22679316 6.92383426
OS 83.235673 6.91338724
OS 83.25264274 6.89076092
OS 83.26606156 6.87011834
OS 83.27623172 6.85162714
OS 83.2835647 6.8353305
OS 83.28852278 6.82116492
OS 83.2916038 6.80884338
OS 83.29323956 6.79793662
OS 83.29439526 6.77480992
OS 83.29600054 6.76842436
OS 83.29600054 6.096
OS 83.61153458 6.096
OS 83.61153458 5.45399976
OS 83.34600044 5.45399976
OS 83.34600044 5.13846572
OS 79.25000152 5.13846572
OS 79.10134294 5.10889504
OS 78.97531576 5.02468642
OS 77.8463899 3.89576056
OS 77.77937708 3.92351514
OS 77.75399994 3.94479272
OS 77.75399994 5.20600178
OS 77.75399994 6.47600178
OS 77.75399994 7.74600178
OS 77.75399994 9.01600178
OS 77.75399994 10.28600178
OS 77.75399994 11.55600178
OS 77.75399994 12.82600178
OS 77.75399994 14.09600178
OS 77.75399994 15.36600178
OS 77.75399994 16.18463362
OS 83.33503018 16.18463362
OS 86.00983052 13.50983328
OS 86.1200208 13.43620884
OS 86.24999768 13.41035164
OS 86.25001038 13.41035418
OS 91.33020596 13.41035418
OS 91.33122958 13.40910704
OS 91.33123212 13.40909688
OS 91.33123212 12.939395
OS 91.33122958 12.9393823
OS 91.35708678 12.80940542
OS 91.43071122 12.69921514
OS 91.51027926 12.6196471
OS 91.46885694 12.5196473
OS 90.30400024 12.5196473
OS 90.30400024 12.9040001
OS 88.89600204 12.9040001
OS 88.89600204 11.5960017
OS 90.30400024 11.5960017
OS 90.30400024 11.84035478
OS 91.59599918 11.84035478
OS 91.59599918 10.4760014
OS 91.59599918 10.35699986
OS 92.42500438 10.35699986
OS 93.25399942 10.35699986
OS 93.25399942 10.60359576
OS 93.41287388 10.70975252
OS 95.61624768 12.91312632
OS 95.72852584 13.08116256
OS 95.76795172 13.279374
OS 95.76795172 16.99999902
OS 95.76795172 17.18023234
OS 95.83046112 17.20145404
OS 95.86795152 17.20785738
OS 96.01974446 17.09138314
OS 96.20316294 17.01540666
OS 96.3999977 16.98949358
OS 96.72640294 16.98949358
OS 96.72380198 17.00532794
OS 96.70653506 17.0704129
OS 96.684338 17.12548264
OS 96.65720826 17.1705397
OS 96.6251433 17.20558662
OS 96.58814566 17.23061832
OS 96.54621788 17.24563734
OS 96.49935488 17.25064368
OS 96.8729965 17.25064368
OS 96.8729965 17.74999752
OS 96.8729965 18.51050654
OS 96.3999977 18.51050654
OS 96.20316294 18.48459346
OS 96.01974446 18.40861698
OS 95.86795152 18.29214274
OS 95.83046112 18.29854608
OS 95.76795172 18.31976778
OS 95.76795172 19.84483458
OS 95.76840892 19.85134206
OS 95.78388006 19.9275192
OS 95.81157622 20.0125076
OS 95.8527547 20.10609898
OS 95.90823338 20.20767358
OS 95.97857106 20.31667768
OS 96.06209896 20.42985754
OS 96.28243888 20.68417758
OS 96.41464588 20.81860962
OS 96.42786404 20.83875436
OS 96.5347447 20.94563502
OS 96.71575526 21.21653618
OS 96.84043878 21.51754396
OS 96.90399974 21.83709374
OS 96.90399974 22.16290462
OS 96.84043878 22.4824544
OS 96.71575526 22.78346218
OS 96.5347447 23.05436334
OS 96.30436416 23.28474388
OS 96.033463 23.46575444
OS 95.73245522 23.59043796
OS 95.41290544 23.65399892
OS 95.08709456 23.65399892
OS 94.76754478 23.59043796
OS 94.466537 23.46575444
OS 94.19563584 23.28474388
OS 94.09056112 23.17966916
OS 94.0722655 23.16817058
OS 93.80223048 22.91282692
OS 93.68238312 22.81395996
OS 93.56665818 22.728555
OS 93.45770234 22.6582478
OS 93.35609726 22.60275134
OS 93.26250842 22.5615754
OS 93.17751748 22.5338767
OS 93.10134288 22.5184081
OS 93.09483286 22.5179509
OS 91.41892562 22.5179509
OS 91.38151904 22.52125036
OS 91.32765326 22.53022926
OS 91.28956342 22.54048324
OS 91.28070898 22.54410782
OS 91.28070898 23.03210024
OS 88.52627964 23.03210024
OS 88.52627964 21.9999941
OS 88.52627964 21.22494612
OS 88.90726948 21.22494612
OS 88.85900948 21.21986612
OS 88.81582948 21.20462612
OS 88.77772948 21.17922612
OS 88.74470948 21.14366612
OS 88.71676948 21.09794612
OS 88.69390948 21.04206612
OS 88.67612948 20.97602612
OS 88.67477566 20.96789812
OS 89.7058912 20.96789812
OS 89.70951578 20.95904114
OS 89.71976976 20.92095384
OS 89.72874612 20.86708806
OS 89.73204812 20.82967894
OS 89.73204812 20.05454206
OS 89.63150476 19.9539987
OS 89.416001 19.9539987
OS 89.416001 19.62041796
OS 89.3920488 19.4999991
OS 89.416001 19.37958024
OS 89.416001 19.0459995
OS 89.67508354 19.0459995
OS 89.71178908 19.02147326
OS 89.91000052 18.98204738
OS 90.10821196 19.02147326
OS 90.1449175 19.0459995
OS 90.40400004 19.0459995
OS 90.40400004 19.26150326
OS 90.61624752 19.47375074
OS 90.72852568 19.64178698
OS 90.76795156 19.83999842
OS 90.76795156 20.82968148
OS 90.77125102 20.86708806
OS 90.78022992 20.92095384
OS 90.7904839 20.95904368
OS 90.79410848 20.96789812
OS 91.28070898 20.96789812
OS 91.28070898 21.45589054
OS 91.28956596 21.45951512
OS 91.32765326 21.4697691
OS 91.38151904 21.478748
OS 91.41892816 21.48204746
OS 93.0948354 21.48204746
OS 93.10134288 21.48159026
OS 93.17752002 21.46611912
OS 93.26250842 21.43842296
OS 93.3560998 21.39724448
OS 93.4576744 21.3417658
OS 93.5666785 21.27142812
OS 93.67985836 21.18790022
OS 93.9341784 20.9675603
OS 94.06861044 20.8353533
OS 94.07710674 20.829778
OS 94.0818286 20.82226468
OS 94.33717226 20.55222966
OS 94.43603922 20.4323823
OS 94.52144418 20.31665736
OS 94.59175138 20.20770152
OS 94.64724784 20.10609644
OS 94.68842378 20.0125076
OS 94.71612248 19.92751666
OS 94.73159108 19.85134206
OS 94.73204828 19.84483204
OS 94.73204828 17.51494084
OS 94.72535284 17.45458282
OS 94.7112406 17.38059516
OS 94.69169784 17.30972408
OS 94.6667271 17.24158858
OS 94.63621662 17.17577972
OS 94.5999378 17.1118657
OS 94.55758838 17.04955442
OS 94.51963824 17.00213262
OS 93.8654587 16.34795308
OS 93.25399942 16.34795308
OS 93.25399942 16.50299722
OS 92.4249993 16.50299722
OS 91.59599918 16.50299722
OS 91.59599918 16.0760029
OS 91.59599918 15.56846518
OS 90.30400024 15.56846518
OS 90.30400024 16.15399868
OS 88.89600204 16.15399868
OS 88.89600204 14.84600028
OS 89.7840851 14.84600028
OS 89.82134182 14.82110574
OS 89.9700004 14.79153506
OS 91.59599918 14.79153506
OS 91.59599918 14.4510887
OS 86.54039842 14.4510887
OS 83.86559808 17.12588904
OS 83.7554078 17.19951348
OS 83.62543092 17.22537068
OS 83.62541822 17.22536814
OS 77.75399994 17.22536814
OS 77.75399994 18.04399998
OS 75.7890026 18.04399998
OS 75.74600548 18.04400252
OS 75.68900026 18.12039048
OS 75.68900026 19.59399942
OS 72.29037358 19.59399942
OS 63.35968786 28.52468514
OS 63.23366068 28.60889376
OS 63.0850021 28.63846444
OS 55.36783694 28.63846444
OS 55.33355202 28.73846424
OS 55.44996276 28.85487498
OS 55.52608148 29.03864652
OS 55.52608148 29.237559
OS 55.44996276 29.42133054
OS 55.30931026 29.56198304
OS 55.12553872 29.63810176
OS 54.92662624 29.63810176
OS 54.77671544 29.57600892
OS 54.76552928 29.57728654
OS 54.75987016 29.57566602
OS 54.75401292 29.57606988
OS 54.71150856 29.56181032
OS 54.66838952 29.5494583
OS 54.66379212 29.54580324
OS 54.65821174 29.54393126
OS 54.6243637 29.51445964
OS 54.59207522 29.4887904
OS 54.5901626 29.48846528
OS 54.40399838 29.48846528
OS 54.40399838 29.80399932
OS 53.09599998 29.80399932
OS 53.09599998 28.63846444
OS 46.56849208 28.63846444
OS 46.53022444 28.7308544
OS 47.20117306 29.40180048
OS 47.21160738 29.41067016
OS 47.2342337 29.4276399
OS 47.25487628 29.44105872
OS 47.27336748 29.45122888
OS 47.28966412 29.45856186
OS 47.3038297 29.46351994
OS 47.31615124 29.46660096
OS 47.327058 29.46823672
OS 47.3501847 29.46939242
OS 47.35657026 29.4709977
OS 48.20399808 29.4709977
OS 48.20399808 29.76153306
OS 48.54600146 29.76153306
OS 48.54600146 29.59599872
OS 49.95399966 29.59599872
OS 49.95399966 29.86153286
OS 50.3327543 29.86153286
OS 50.33755998 29.86080642
OS 50.3450987 29.8591224
OS 50.35003138 29.85761872
OS 50.35266282 29.85657478
OS 50.352706 29.85655446
OS 50.35972656 29.85004698
OS 50.39868508 29.82610494
OS 50.43665554 29.80073542
OS 50.4415552 29.79976006
OS 50.44581732 29.79714132
OS 50.49095312 29.78993534
OS 50.53576126 29.78102248
OS 50.540666 29.78199784
OS 50.54560122 29.78121044
OS 50.56437436 29.78569354
OS 50.65054386 29.75000146
OS 50.84945634 29.75000146
OS 51.03322788 29.82612018
OS 51.17388038 29.96677268
OS 51.2499991 30.15054422
OS 51.2499991 30.3494567
OS 51.17388038 30.53322824
OS 51.03322788 30.67388074
OS 50.84945634 30.74999946
OS 50.65054386 30.74999946
OS 50.5643769 30.71430738
OS 50.54563932 30.7187854
OS 50.54067616 30.71799292
OS 50.53575364 30.71897336
OS 50.49097598 30.71006812
OS 50.44585288 30.70286976
OS 50.44157298 30.70024086
OS 50.43664792 30.69926042
OS 50.39867238 30.67388582
OS 50.3597545 30.6499768
OS 50.35269838 30.64344138
OS 50.3526552 30.64341852
OS 50.35001614 30.64237204
OS 50.34510886 30.64087598
OS 50.3375549 30.63918688
OS 50.33275176 30.63846298
OS 49.95399966 30.63846298
OS 49.95399966 30.90399712
OS 48.54600146 30.90399712
OS 48.54600146 30.53846318
OS 48.20399808 30.53846318
OS 48.20399808 31.22299826
OS 48.20095008 31.22299826
OS 48.15269008 31.22172826
OS 48.10951008 31.21791826
OS 48.07141008 31.21156826
OS 48.03839008 31.20267826
OS 48.01045008 31.19124826
OS 47.98759008 31.17727826
OS 47.96981008 31.16076826
OS 47.95711008 31.14171826
OS 47.94949008 31.12012826
OS 47.94695008 31.09599826
OS 47.94695008 31.22299826
OS 46.79599988 31.22299826
OS 46.79599988 30.67099784
OS 46.79599988 30.18564448
OS 46.7947629 30.18116392
OS 46.79333034 30.16158814
OS 46.79184952 30.15450916
OS 46.7871556 30.14043248
OS 46.77789476 30.11970354
OS 46.76330246 30.0932215
OS 46.742858 30.0616239
OS 46.7181438 30.02803748
OS 46.6550375 29.95441304
OS 45.86057376 29.15994676
OS 45.39336362 29.15994676
OS 45.37347288 29.25994656
OS 45.53322872 29.32611864
OS 45.67388122 29.46677114
OS 45.74999994 29.65054268
OS 45.74999994 29.84945516
OS 45.67388122 30.0332267
OS 45.53322872 30.1738792
OS 45.34945718 30.24999792
OS 45.1505447 30.24999792
OS 45.0974841 30.2280193
OS 45.08121794 30.23318566
OS 45.07670436 30.23279958
OS 45.07234572 30.23402132
OS 45.0265419 30.22851714
OS 44.98053742 30.22458776
OS 44.97651406 30.22250496
OS 44.9720208 30.22196394
OS 44.93179736 30.1993427
OS 44.89081192 30.17811592
OS 44.88167808 30.17081596
OS 44.88104816 30.17039686
OS 44.87931588 30.16944944
OS 44.87610532 30.16802196
OS 44.87105072 30.16623126
OS 44.86379394 30.16424498
OS 44.85413432 30.16229426
OS 44.84807896 30.16146622
OS 43.6599457 30.16146622
OS 43.6599457 30.69800058
OS 43.24999986 30.69800058
OS 43.24999986 30.82500058
OS 43.1599975 30.82500058
OS 43.1599975 31.60050068
OS 43.136439 31.71894088
OS 43.12299986 31.7390526
OS 43.12299986 31.90467584
OS 43.0310798 31.88639038
OS 43.00000036 31.86562334
OS 42.96892092 31.88639038
OS 42.85050104 31.90994634
OS 42.64950068 31.90994634
OS 42.5310808 31.88639038
OS 42.50000136 31.86562334
OS 42.46891938 31.88639038
OS 42.3504995 31.90994634
OS 42.14950168 31.90994634
OS 42.13846538 31.91900398
OS 42.13846538 33.08909562
OS 43.23390134 34.18453158
OS 43.74402986 34.18453158
OS 43.76414158 34.18853208
OS 44.9769992 34.18853208
OS 45.0145404 34.19599968
OS 45.86153388 34.19599968
OS 45.86153388 32.9172443
OS 45.86080998 32.9124437
OS 45.85912342 32.90490244
OS 45.85761974 32.89996976
OS 45.85657326 32.8973307
OS 45.85655548 32.89729768
OS 45.8500353 32.89025934
OS 45.82611358 32.85132622
OS 45.80073644 32.81334814
OS 45.79976108 32.80843832
OS 45.79713472 32.80416604
OS 45.78993382 32.75903278
OS 45.7810235 32.71424242
OS 45.7820014 32.70932752
OS 45.78121146 32.7043796
OS 45.78568948 32.68562424
OS 45.74999994 32.59945728
OS 45.74999994 32.4005448
OS 45.82611866 32.21677326
OS 45.96677116 32.07612076
OS 46.1505427 32.00000204
OS 46.34945518 32.00000204
OS 46.53322672 32.07612076
OS 46.67387922 32.21677326
OS 46.74999794 32.4005448
OS 46.74999794 32.59945728
OS 46.71430586 32.68562424
OS 46.71878642 32.7043796
OS 46.71799648 32.70932752
OS 46.71897438 32.71424242
OS 46.71005898 32.75906834
OS 46.70286062 32.80416604
OS 46.70023934 32.80843324
OS 46.69926144 32.81334814
OS 46.6738716 32.85134908
OS 46.64996258 32.89025934
OS 46.64344494 32.8972926
OS 46.64341954 32.8973434
OS 46.64237306 32.89998246
OS 46.640877 32.90488974
OS 46.6391879 32.91244878
OS 46.638464 32.9172443
OS 46.638464 35.60000246
OS 46.60889332 35.74866104
OS 46.5246847 35.87468822
OS 45.97320752 36.4261654
OS 45.96432768 36.43661242
OS 45.94735794 36.45923874
OS 45.93393912 36.47988132
OS 45.92376896 36.49837252
OS 45.91643598 36.51466916
OS 45.9114779 36.52883474
OS 45.90839688 36.54115628
OS 45.90676112 36.55206304
OS 45.90560542 36.57518974
OS 45.90400014 36.5815753
OS 45.90400014 37.30399956
OS 44.59600174 37.30399956
OS 44.59600174 35.89600136
OS 45.318426 35.89600136
OS 45.32481156 35.89439608
OS 45.3479408 35.89324038
OS 45.35884248 35.89160462
OS 45.37116656 35.8885236
OS 45.38533214 35.88356552
OS 45.40161862 35.87623762
OS 45.4201149 35.86606492
OS 45.44074732 35.85265626
OS 45.46338634 35.83567636
OS 45.47384352 35.82678636
OS 45.60424204 35.69638784
OS 45.5659744 35.60399788
OS 44.59600174 35.60399788
OS 44.59600174 34.9654622
OS 43.9040016 34.9654622
OS 43.9040016 35.95399718
OS 43.63846492 35.95399718
OS 43.63846492 43.0827561
OS 43.63918882 43.0875567
OS 43.64087538 43.09509796
OS 43.64237906 43.10003064
OS 43.64342554 43.1026697
OS 43.64344332 43.10270272
OS 43.6499635 43.10974106
OS 43.67388522 43.14867418
OS 43.69926236 43.18665226
OS 43.70023772 43.19156208
OS 43.70286408 43.19583436
OS 43.71006498 43.24096762
OS 43.7189753 43.28575798
OS 43.7179974 43.29067288
OS 43.71878734 43.2956208
OS 43.71430932 43.31437616
OS 43.74999886 43.40054312
OS 43.74999886 43.5994556
OS 43.67388014 43.78322714
OS 43.53322764 43.92387964
OS 43.3494561 43.99999836
OS 43.15054362 43.99999836
OS 42.96677208 43.92387964
OS 42.82611958 43.78322714
OS 42.75000086 43.5994556
OS 42.75000086 43.40054312
OS 42.78569294 43.31437616
OS 42.78121238 43.2956208
OS 42.78200232 43.29067288
OS 42.78102442 43.28575798
OS 42.78993982 43.24093206
OS 42.79713818 43.19583436
OS 42.79975946 43.19156716
OS 42.80073736 43.18665226
OS 42.8261272 43.14865132
OS 42.85003622 43.10974106
OS 42.85655386 43.1027078
OS 42.85657926 43.102657
OS 42.85762574 43.10001794
OS 42.8591218 43.09511066
OS 42.8608109 43.08755162
OS 42.8615348 43.0827561
OS 42.8615348 35.95399718
OS 42.5960032 35.95399718
OS 42.5960032 35.30543358
OS 42.5359322 35.29348542
OS 42.50399932 35.27214942
OS 42.40399952 35.32560118
OS 42.40399952 35.95399718
OS 42.13846538 35.95399718
OS 42.13846538 37.83275644
OS 42.13918928 37.83755704
OS 42.14087584 37.8450983
OS 42.14237952 37.85003098
OS 42.143426 37.85267004
OS 42.14344378 37.85270306
OS 42.14996396 37.8597414
OS 42.17388568 37.89867452
OS 42.19926282 37.9366526
OS 42.20023818 37.94156242
OS 42.20286454 37.9458347
OS 42.21006544 37.99096796
OS 42.21897576 38.03575832
OS 42.21799786 38.04067322
OS 42.2187878 38.04562114
OS 42.21430978 38.0643765
OS 42.24999932 38.15054346
OS 42.24999932 38.34945594
OS 42.1738806 38.53322748
OS 42.0332281 38.67387998
OS 41.84945656 38.7499987
OS 41.65054408 38.7499987
OS 41.46677254 38.67387998
OS 41.32612004 38.53322748
OS 41.25000132 38.34945594
OS 41.25000132 38.15054346
OS 41.2856934 38.0643765
OS 41.28121284 38.04562114
OS 41.28200278 38.04067322
OS 41.28102488 38.03575832
OS 41.28994028 37.9909324
OS 41.29713864 37.9458347
OS 41.29975992 37.9415675
OS 41.30073782 37.9366526
OS 41.32612766 37.89865166
OS 41.35003668 37.8597414
OS 41.35655432 37.85270814
OS 41.35657972 37.85265734
OS 41.3576262 37.85001828
OS 41.35912226 37.845111
OS 41.36081136 37.83755196
OS 41.36153526 37.83275644
OS 41.36153526 35.95399718
OS 41.09600112 35.95399718
OS 41.09600112 35.18157302
OS 41.09439584 35.17518746
OS 41.09324014 35.15205822
OS 41.09239432 35.1464245
OS 41.08740576 35.13770214
OS 41.05399968 35.11022696
OS 40.95399988 35.15745318
OS 40.95399988 36.7789968
OS 39.54600168 36.7789968
OS 39.54600168 36.48846144
OS 39.20400084 36.48846144
OS 39.20400084 37.15399986
OS 38.88846426 37.15399986
OS 38.88846426 43.0827561
OS 38.88918816 43.0875567
OS 38.89087472 43.09509796
OS 38.8923784 43.10003064
OS 38.89342488 43.1026697
OS 38.89344266 43.10270272
OS 38.89996284 43.10974106
OS 38.92388456 43.14867418
OS 38.9492617 43.18665226
OS 38.95023706 43.19156208
OS 38.95286342 43.19583436
OS 38.96006432 43.24096762
OS 38.96897464 43.28575798
OS 38.96799674 43.29067288
OS 38.96878668 43.2956208
OS 38.96430866 43.31437616
OS 38.9999982 43.40054312
OS 38.9999982 43.5994556
OS 38.92387948 43.78322714
OS 38.78322698 43.92387964
OS 38.59945544 43.99999836
OS 38.40054296 43.99999836
OS 38.21677142 43.92387964
OS 38.07611892 43.78322714
OS 38.0000002 43.5994556
OS 38.0000002 43.40054312
OS 38.03569228 43.31437616
OS 38.03121172 43.2956208
OS 38.03200166 43.29067288
OS 38.03102376 43.28575798
OS 38.03993916 43.24093206
OS 38.04713752 43.19583436
OS 38.0497588 43.19156716
OS 38.0507367 43.18665226
OS 38.07612654 43.14865132
OS 38.10003556 43.10974106
OS 38.1065532 43.1027078
OS 38.1065786 43.102657
OS 38.10762508 43.10001794
OS 38.10912114 43.09511066
OS 38.11081024 43.08755162
OS 38.11153414 43.0827561
OS 38.11153414 37.15399986
OS 37.79600264 37.15399986
OS 37.79600264 35.84600146
OS 38.65462932 35.84600146
OS 38.67532016 35.82531062
OS 38.78204588 35.75399758
OS 38.76586354 35.65508744
OS 38.76541396 35.65399778
OS 37.79600264 35.65399778
OS 37.79600264 34.34599938
OS 39.20400084 34.34599938
OS 39.20400084 34.51153118
OS 39.54600168 34.51153118
OS 39.54600168 34.25000008
OS 39.4005435 34.25000008
OS 39.21677196 34.17388136
OS 39.07611946 34.03322886
OS 39.00000074 33.84945732
OS 39.00000074 33.65054484
OS 39.02791788 33.58314594
OS 38.97235792 33.49999904
OS 38.9005445 33.49999904
OS 38.71677296 33.42388032
OS 38.57612046 33.28322782
OS 38.52675302 33.16404086
OS 38.40879288 33.14057634
OS 37.33025046 34.21911876
OS 37.27900596 34.29600202
OS 37.27900342 34.29600202
OS 37.27900088 34.29600456
OS 37.27900088 35.70399768
OS 36.98846552 35.70399768
OS 36.98846552 36.04600106
OS 37.40399936 36.04600106
OS 37.40399936 37.45399926
OS 37.13846522 37.45399926
OS 37.13846522 43.0827561
OS 37.13918912 43.0875567
OS 37.14087568 43.09509796
OS 37.14237936 43.10003064
OS 37.14342584 43.1026697
OS 37.14344362 43.10270272
OS 37.1499638 43.10974106
OS 37.17388552 43.14867418
OS 37.19926266 43.18665226
OS 37.20023802 43.19156208
OS 37.20286438 43.19583436
OS 37.21006528 43.24096762
OS 37.2189756 43.28575798
OS 37.2179977 43.29067288
OS 37.21878764 43.2956208
OS 37.21430962 43.31437616
OS 37.24999916 43.40054312
OS 37.24999916 43.5994556
OS 37.17388044 43.78322714
OS 37.03322794 43.92387964
OS 36.8494564 43.99999836
OS 36.65054392 43.99999836
OS 36.46677238 43.92387964
OS 36.32611988 43.78322714
OS 36.25000116 43.5994556
OS 36.25000116 43.40054312
OS 36.28569324 43.31437616
OS 36.28121268 43.2956208
OS 36.28200262 43.29067288
OS 36.28102472 43.28575798
OS 36.28994012 43.24093206
OS 36.29713848 43.19583436
OS 36.29975976 43.19156716
OS 36.30073766 43.18665226
OS 36.3261275 43.14865132
OS 36.35003652 43.10974106
OS 36.35655416 43.1027078
OS 36.35657956 43.102657
OS 36.35762604 43.10001794
OS 36.3591221 43.09511066
OS 36.3608112 43.08755162
OS 36.3615351 43.0827561
OS 36.3615351 37.45399926
OS 36.09600096 37.45399926
OS 36.09600096 36.33278992
OS 36.09566568 36.33173328
OS 36.09600096 36.32781406
OS 36.09600096 36.3127417
OS 36.0940731 36.30304906
OS 36.09600096 36.29335642
OS 36.09600096 36.04600106
OS 36.2115354 36.04600106
OS 36.2115354 35.70399768
OS 35.78846538 35.70399768
OS 35.78846538 36.04600106
OS 35.90399728 36.04600106
OS 35.90399728 36.29335642
OS 35.90592514 36.30304906
OS 35.90399728 36.3127417
OS 35.90399728 36.32781406
OS 35.90433256 36.33173328
OS 35.90399728 36.33278992
OS 35.90399728 37.45399926
OS 35.63846568 37.45399926
OS 35.63846568 37.83275644
OS 35.63918958 37.83755704
OS 35.64087614 37.8450983
OS 35.64237982 37.85003098
OS 35.6434263 37.85267004
OS 35.64344408 37.85270306
OS 35.64996426 37.8597414
OS 35.67388598 37.89867452
OS 35.69926312 37.9366526
OS 35.70023848 37.94156242
OS 35.70286484 37.9458347
OS 35.71006574 37.99096796
OS 35.71897606 38.03575832
OS 35.71799816 38.04067322
OS 35.7187881 38.04562114
OS 35.71431008 38.0643765
OS 35.74999962 38.15054346
OS 35.74999962 38.34945594
OS 35.6738809 38.53322748
OS 35.5332284 38.67387998
OS 35.34945686 38.7499987
OS 35.15054438 38.7499987
OS 34.96677284 38.67387998
OS 34.82612034 38.53322748
OS 34.75000162 38.34945594
OS 34.75000162 38.15054346
OS 34.7856937 38.0643765
OS 34.78121314 38.04562114
OS 34.78200308 38.04067322
OS 34.78102518 38.03575832
OS 34.78994058 37.9909324
OS 34.79713894 37.9458347
OS 34.79976022 37.9415675
OS 34.80073812 37.9366526
OS 34.82612796 37.89865166
OS 34.85003698 37.8597414
OS 34.85655462 37.85270814
OS 34.85658002 37.85265734
OS 34.8576265 37.85001828
OS 34.85912256 37.845111
OS 34.86081166 37.83755196
OS 34.86153556 37.83275644
OS 34.86153556 37.45399926
OS 34.59599888 37.45399926
OS 34.59599888 36.04600106
OS 35.01153526 36.04600106
OS 35.01153526 35.70399768
OS 34.7209999 35.70399768
OS 34.7209999 34.80105816
OS 34.62860994 34.76279052
OS 34.52899876 34.8624017
OS 34.52899876 35.72900144
OS 34.31346452 35.72900144
OS 34.31346452 36.34999842
OS 34.28389384 36.498657
OS 34.22899936 36.5808133
OS 34.22899936 37.45399926
OS 32.87596676 37.45399926
OS 32.87596676 45.22099922
OS 33.13547094 45.22099922
OS 33.39717984 45.29112354
OS 33.63181996 45.42659444
OS 33.82340454 45.61817902
OS 33.95887544 45.85281914
OS 34.02899976 46.11452804
OS 34.02899976 46.38546984
OS 33.95887544 46.64717874
OS 33.82340454 46.88181886
OS 33.63181996 47.07340344
OS 33.39717984 47.20887434
OS 33.13547094 47.27899866
OE
OB 54.13218028 47.00399794 H
OS 54.12700122 47.00399794
OS 54.12700122 46.12699944
OS 55.00399972 46.12699944
OS 55.00399972 46.1321785
OS 54.93557974 46.38752978
OS 54.80340068 46.61647014
OS 54.61647192 46.8033989
OS 54.38753156 46.93557796
OS 54.13218028 47.00399794
OE
OB 53.87300122 47.00399794 H
OS 53.86782216 47.00399794
OS 53.61247088 46.93557796
OS 53.38353052 46.8033989
OS 53.19660176 46.61647014
OS 53.0644227 46.38752978
OS 52.99600272 46.1321785
OS 52.99600272 46.12699944
OS 53.87300122 46.12699944
OS 53.87300122 47.00399794
OE
OB 36.56899976 47.27899866 H
OS 34.51100032 47.27899866
OS 34.51100032 45.22099922
OS 36.56899976 45.22099922
OS 36.56899976 47.27899866
OE
OB 55.00399972 45.87299944 H
OS 54.12700122 45.87299944
OS 54.12700122 44.99600094
OS 54.13218028 44.99600094
OS 54.38753156 45.06442092
OS 54.61647192 45.19659998
OS 54.80340068 45.38352874
OS 54.93557974 45.6124691
OS 55.00399972 45.86782038
OS 55.00399972 45.87299944
OE
OB 53.87300122 45.87299944 H
OS 52.99600272 45.87299944
OS 52.99600272 45.86782038
OS 53.0644227 45.6124691
OS 53.19660176 45.38352874
OS 53.38353052 45.19659998
OS 53.61247088 45.06442092
OS 53.86782216 44.99600094
OS 53.87300122 44.99600094
OS 53.87300122 45.87299944
OE
OB 67.73335704 44.01006438 H
OS 67.07700072 44.01006438
OS 67.07700072 43.37700494
OS 67.0828859 43.37700494
OS 67.47630904 43.75301638
OS 67.73335704 43.39167852
OS 67.73335704 44.01006438
OE
OB 66.82300072 44.01006438 H
OS 66.1666444 44.01006438
OS 66.1666444 43.37700494
OS 66.82300072 43.37700494
OS 66.82300072 44.01006438
OE
OB 69.223001 44.20810818 H
OS 68.49313454 44.20810818
OS 68.49313454 43.37699986
OS 68.7021232 43.37699986
OS 68.72144498 43.41906734
OS 68.74299942 43.48855158
OS 68.75018254 43.54930584
OS 68.92248852 43.37699986
OS 69.223001 43.37699986
OS 69.223001 44.20810818
OE
OB 69.223001 43.12299986 H
OS 69.17648852 43.12299986
OS 69.223001 43.07648738
OS 69.223001 43.12299986
OE
OB 68.54040902 43.12299986 H
OS 68.49313454 43.12299986
OS 68.49313454 43.06777518
OS 68.54040902 43.12299986
OE
OB 66.8171257 43.12300494 H
OS 66.1666444 43.12300494
OS 66.1666444 42.48993534
OS 66.79893168 42.48993534
OS 66.4236924 42.74698334
OS 66.8171257 43.12300494
OE
OB 14.09745974 42.87300036 H
OS 13.66700086 42.87300036
OS 13.66700086 41.97100064
OS 13.67547176 41.97100064
OS 13.93718066 42.04112496
OS 14.17182078 42.17659586
OS 14.36340536 42.36818044
OS 14.49887626 42.60282056
OS 14.56279028 42.84135196
OS 14.53524652 42.82842336
OS 14.47003202 42.79046052
OS 14.40250358 42.74406234
OS 14.3326612 42.68922628
OS 14.26050742 42.62595488
OS 14.10925804 42.47410098
OS 14.09745974 42.87300036
OE
OB 13.41300086 42.87300036 H
OS 12.51100114 42.87300036
OS 12.51100114 42.86452946
OS 12.58112546 42.60282056
OS 12.71659636 42.36818044
OS 12.90818094 42.17659586
OS 13.14282106 42.04112496
OS 13.40452996 41.97100064
OS 13.41300086 41.97100064
OS 13.41300086 42.87300036
OE
OB 95.256096 48.25399798 H
OS 94.743905 48.25399798
OS 94.23802082 48.17387368
OS 93.75089962 48.01559612
OS 93.29453274 47.78306674
OS 92.88016222 47.4820107
OS 92.5179887 47.11983718
OS 92.21693266 46.70546666
OS 91.98440328 46.24909978
OS 91.82612572 45.76197858
OS 91.74600142 45.2560944
OS 91.74600142 44.7439034
OS 91.82612572 44.23801922
OS 91.98440328 43.75089802
OS 92.21693266 43.29453114
OS 92.5179887 42.88016062
OS 92.88016222 42.5179871
OS 93.29453274 42.21693106
OS 93.75089962 41.98440168
OS 94.23802082 41.82612412
OS 94.743905 41.74599982
OS 95.256096 41.74599982
OS 95.76198018 41.82612412
OS 96.24910138 41.98440168
OS 96.70546826 42.21693106
OS 97.11983878 42.5179871
OS 97.4820123 42.88016062
OS 97.78306834 43.29453114
OS 98.01559772 43.75089802
OS 98.17387528 44.23801922
OS 98.25399958 44.7439034
OS 98.25399958 45.2560944
OS 98.17387528 45.76197858
OS 98.01559772 46.24909978
OS 97.78306834 46.70546666
OS 97.4820123 47.11983718
OS 97.11983878 47.4820107
OS 96.70546826 47.78306674
OS 96.24910138 48.01559612
OS 95.76198018 48.17387368
OS 95.256096 48.25399798
OE
OB 5.25609566 48.25399798 H
OS 4.74390466 48.25399798
OS 4.23802048 48.17387368
OS 3.75089928 48.01559612
OS 3.2945324 47.78306674
OS 2.88016188 47.4820107
OS 2.51798836 47.11983718
OS 2.21693232 46.70546666
OS 1.98440294 46.24909978
OS 1.82612538 45.76197858
OS 1.74600108 45.2560944
OS 1.74600108 44.7439034
OS 1.82612538 44.23801922
OS 1.98440294 43.75089802
OS 2.21693232 43.29453114
OS 2.51798836 42.88016062
OS 2.88016188 42.5179871
OS 3.2945324 42.21693106
OS 3.75089928 41.98440168
OS 4.23802048 41.82612412
OS 4.74390466 41.74599982
OS 5.25609566 41.74599982
OS 5.76197984 41.82612412
OS 6.24910104 41.98440168
OS 6.70546792 42.21693106
OS 7.11983844 42.5179871
OS 7.48201196 42.88016062
OS 7.783068 43.29453114
OS 8.01559738 43.75089802
OS 8.17387494 44.23801922
OS 8.25399924 44.7439034
OS 8.25399924 45.2560944
OS 8.17387494 45.76197858
OS 8.01559738 46.24909978
OS 7.783068 46.70546666
OS 7.48201196 47.11983718
OS 7.11983844 47.4820107
OS 6.70546792 47.78306674
OS 6.24910104 48.01559612
OS 5.76197984 48.17387368
OS 5.25609566 48.25399798
OE
OB 52.09945638 43.99999836 H
OS 51.9005439 43.99999836
OS 51.71677236 43.92387964
OS 51.57611986 43.78322714
OS 51.50000114 43.5994556
OS 51.50000114 43.40054312
OS 51.57611986 43.21677158
OS 51.71677236 43.07611908
OS 51.9005439 43.00000036
OS 52.09945638 43.00000036
OS 52.18562334 43.03569244
OS 52.2043787 43.03121188
OS 52.20932662 43.03200182
OS 52.21424152 43.03102392
OS 52.25906744 43.03993932
OS 52.30416514 43.04713768
OS 52.30843234 43.04975896
OS 52.31334724 43.05073686
OS 52.35134818 43.0761267
OS 52.39025844 43.10003572
OS 52.3972917 43.10655336
OS 52.3973425 43.10657876
OS 52.39998156 43.10762524
OS 52.40488884 43.1091213
OS 52.41244788 43.1108104
OS 52.4172434 43.1115343
OS 52.77113144 43.1115343
OS 52.82886818 43.0115345
OS 52.81655172 42.99020104
OS 52.73000122 42.66719686
OS 52.73000122 42.33280078
OS 52.81655172 42.0097966
OS 52.98374976 41.72020104
OS 53.22020344 41.48374736
OS 53.509799 41.31654932
OS 53.83280318 41.22999882
OS 54.16719926 41.22999882
OS 54.49020344 41.31654932
OS 54.779799 41.48374736
OS 55.01625268 41.72020104
OS 55.18345072 42.0097966
OS 55.27000122 42.33280078
OS 55.27000122 42.66719686
OS 55.18345072 42.99020104
OS 55.01625268 43.2797966
OS 54.779799 43.51625028
OS 54.49020344 43.68344832
OS 54.16719926 43.76999882
OS 53.83280318 43.76999882
OS 53.509799 43.68344832
OS 53.41876794 43.63089064
OS 53.41702042 43.63235114
OS 53.27468644 43.77468512
OS 53.14865926 43.85889374
OS 53.00000068 43.88846442
OS 52.4172434 43.88846442
OS 52.4124428 43.88918832
OS 52.40490154 43.89087488
OS 52.39996886 43.89237856
OS 52.3973298 43.89342504
OS 52.39729678 43.89344282
OS 52.39025844 43.899963
OS 52.35132532 43.92388472
OS 52.31334724 43.94926186
OS 52.30843742 43.95023722
OS 52.30416514 43.95286358
OS 52.25903188 43.96006448
OS 52.21424152 43.9689748
OS 52.20932662 43.9679969
OS 52.2043787 43.96878684
OS 52.18562334 43.96430882
OS 52.09945638 43.99999836
OE
OB 67.49999962 48.24621034 H
OS 58.00000084 48.24621034
OS 57.8010782 48.22002294
OS 57.61571408 48.14324128
OS 57.45653482 48.0211003
OS 57.33439384 47.86192104
OS 57.25761218 47.67655692
OS 57.23142478 47.47763428
OS 57.25761218 47.27871164
OS 57.33439384 47.09334752
OS 57.45653482 46.93416826
OS 57.61571408 46.81202728
OS 57.8010782 46.73524562
OS 58.00000084 46.70905822
OS 67.18164364 46.70905822
OS 67.67973764 46.21096676
OS 67.64146746 46.1185768
OS 66.90000082 46.1185768
OS 66.70107818 46.0923894
OS 66.51571152 46.01560774
OS 66.50058328 46.00399994
OS 66.19600172 46.00399994
OS 66.19600172 45.6416029
OS 66.15761216 45.54892338
OS 66.13142476 45.35000074
OS 66.15761216 45.1510781
OS 66.19600172 45.05839858
OS 66.19600172 44.69600154
OS 66.50058328 44.69600154
OS 66.51571152 44.68439374
OS 66.70107818 44.60761208
OS 66.90000082 44.58142468
OS 69.30927718 44.58142468
OS 69.59020372 44.30049814
OS 69.55193608 44.20810818
OS 69.477001 44.20810818
OS 69.477001 43.24999986
OS 69.477001 42.82248738
OS 69.75054884 42.54893954
OS 69.68979458 42.54175642
OS 69.62031034 42.52020198
OS 69.54209866 42.4842813
OS 69.477001 42.4466258
OS 69.477001 42.29189154
OS 70.58429368 42.29189154
OS 70.61402438 41.91055118
OS 70.61402438 41.84239536
OS 69.22075564 40.44912662
OS 69.21030862 40.44024678
OS 69.1876823 40.42327704
OS 69.16703972 40.40985822
OS 69.14854852 40.39968806
OS 69.13225188 40.39235508
OS 69.1180863 40.387397
OS 69.10832254 40.38495606
OS 69.0000017 40.38495606
OS 68.88138624 40.361362
OS 68.8093239 40.31321122
OS 68.69999976 40.33495616
OS 68.37700574 40.33495616
OS 68.37700574 38.74999108
OS 68.37700574 37.16504632
OS 68.69999976 37.16504632
OS 68.8093239 37.18679126
OS 68.88138624 37.13864048
OS 69.0000017 37.11504642
OS 69.07300638 37.11504642
OS 69.07300638 37.5000012
OS 69.32700638 37.5000012
OS 69.32700638 37.11504642
OS 69.4000009 37.11504642
OS 69.51861636 37.13864048
OS 69.61153718 37.20072824
OS 69.64996992 37.19190428
OS 69.71153698 37.16406842
OS 69.71153698 35.80400002
OS 69.19600334 35.80400002
OS 69.19600334 34.49600162
OS 69.71153698 34.49600162
OS 69.71153698 33.68506598
OS 69.29354442 33.68506598
OS 69.29354188 33.68507106
OS 69.20645798 33.68507106
OS 69.20645798 33.68506852
OS 69.19353954 33.68506598
OS 68.73721584 33.68506598
OS 68.71953744 33.6923888
OS 68.5206148 33.7185762
OS 66.28809958 33.7185762
OS 66.2081099 33.76689208
OS 66.2081099 34.08100626
OS 66.0409652 34.07076498
OS 65.99101864 34.0569931
OS 65.96105172 34.04138226
OS 65.9510619 34.02393754
OS 65.9510619 34.49675346
OS 65.24999904 34.49675346
OS 65.24999904 34.75075346
OS 65.9510619 34.75075346
OS 65.9510619 35.22357446
OS 65.96105172 35.20612974
OS 65.99101864 35.1905189
OS 66.0409652 35.17674702
OS 66.1108914 35.16481156
OS 66.20079724 35.15470998
OS 66.2081099 35.1543493
OS 66.2081099 35.41937798
OS 66.2081099 36.49753686
OS 66.20971518 36.50392242
OS 66.21087088 36.52705166
OS 66.21250664 36.53795334
OS 66.21558766 36.55027742
OS 66.22054574 36.564443
OS 66.22787364 36.58072948
OS 66.23804634 36.59922576
OS 66.251455 36.61985818
OS 66.2684349 36.6424972
OS 66.27730458 36.65293152
OS 66.81284072 37.18846512
OS 66.91153496 37.14573724
OS 66.91153496 36.86313176
OS 66.81677518 36.82388114
OS 66.67612268 36.68322864
OS 66.60000396 36.4994571
OS 66.60000396 36.30054462
OS 66.67612268 36.11677308
OS 66.81677518 35.97612058
OS 67.00054672 35.90000186
OS 67.1994592 35.90000186
OS 67.38323074 35.97612058
OS 67.52388324 36.11677308
OS 67.60000196 36.30054462
OS 67.60000196 36.42976712
OS 67.6588944 36.51790512
OS 67.68846508 36.6665637
OS 67.68846508 37.08527254
OS 67.78846742 37.16733994
OS 67.80000156 37.16504632
OS 68.12300574 37.16504632
OS 68.12300574 38.74999108
OS 68.12300574 40.33495616
OS 67.80000156 40.33495616
OS 67.69067742 40.31321122
OS 67.61861508 40.361362
OS 67.49999962 40.38495606
OS 67.46019274 40.38495606
OS 67.45168628 40.39768654
OS 65.58505298 42.26431984
OS 65.58505298 42.48993534
OS 65.97994424 42.48993534
OS 65.97994424 44.01006438
OS 65.5884642 44.01006438
OS 65.5884642 44.69600154
OS 65.90399824 44.69600154
OS 65.90399824 46.00399994
OS 64.49600004 46.00399994
OS 64.49600004 44.69600154
OS 64.81153408 44.69600154
OS 64.81153408 44.01006438
OS 64.4132316 44.01006438
OS 64.4132316 42.48993534
OS 64.80812286 42.48993534
OS 64.80812286 42.10341338
OS 64.83769354 41.9547548
OS 64.92190216 41.82872762
OS 66.4227526 40.32787718
OS 66.36610552 40.24310214
OS 66.34945582 40.24999824
OS 66.15054334 40.24999824
OS 65.9667718 40.17387952
OS 65.8261193 40.03322702
OS 65.75000058 39.84945548
OS 65.75000058 39.650543
OS 65.81713278 39.48846814
OS 65.77376736 39.3884658
OS 65.43590672 39.3884658
OS 65.22319442 39.6011781
OS 65.21432728 39.61160988
OS 65.19735754 39.6342362
OS 65.18393872 39.65487878
OS 65.17376856 39.67336998
OS 65.16643558 39.68966662
OS 65.1614775 39.7038322
OS 65.15839648 39.71615374
OS 65.15676072 39.7270605
OS 65.15560502 39.7501872
OS 65.15399974 39.75657276
OS 65.15399974 40.37899976
OS 63.74600154 40.37899976
OS 63.74600154 39.12099872
OS 63.74600154 37.92100112
OS 65.15399974 37.92100112
OS 65.15399974 38.11353566
OS 66.50850554 38.11353566
OS 66.54677572 38.0211457
OS 65.72795592 37.20232844
OS 65.71749874 37.19343844
OS 65.69487242 37.1764687
OS 65.67422984 37.16304988
OS 65.65573864 37.15287972
OS 65.639442 37.14554674
OS 65.62527642 37.14058866
OS 65.61295488 37.13750764
OS 65.60204812 37.13587188
OS 65.57892142 37.13471618
OS 65.57253586 37.1331109
OS 64.29189326 37.1331109
OS 64.29189326 36.86163824
OS 64.25651868 36.84698498
OS 64.09733942 36.724844
OS 64.0973318 36.72483384
OS 63.3944249 36.02192948
OS 63.27228392 35.86275276
OS 63.19550226 35.6773861
OS 63.16931486 35.47846346
OS 63.16931486 33.76905108
OS 63.12505028 33.7185762
OS 61.8683548 33.7185762
OS 60.0434664 35.54346714
OS 59.88428968 35.66560812
OS 59.69892302 35.74238978
OS 59.50000038 35.76857718
OS 58.00000084 35.76857718
OS 57.8010782 35.74238978
OS 57.61571408 35.66560812
OS 57.45653482 35.54346714
OS 57.33439384 35.38428788
OS 57.25761218 35.19892376
OS 57.23142478 35.00000112
OS 57.25761218 34.80107848
OS 57.33439384 34.61571436
OS 57.45653482 34.4565351
OS 57.61571408 34.33439412
OS 57.8010782 34.25761246
OS 58.00000084 34.23142506
OS 59.1816444 34.23142506
OS 61.00652772 32.40654428
OS 61.00653534 32.40653412
OS 61.16571206 32.28439314
OS 61.35107872 32.20761148
OS 61.55000136 32.18142408
OS 68.5206148 32.18142408
OS 68.71953744 32.20761148
OS 68.73721584 32.2149343
OS 69.19353954 32.2149343
OS 69.20645798 32.21493176
OS 69.20645798 32.21492922
OS 69.29354442 32.21492922
OS 69.29354442 32.2149343
OS 70.66523586 32.2149343
OS 70.66523586 33.68506598
OS 70.4884671 33.68506598
OS 70.4884671 34.49600162
OS 70.60400154 34.49600162
OS 70.60400154 34.74335698
OS 70.6059294 34.75304962
OS 70.60400154 34.76274226
OS 70.60400154 34.77781462
OS 70.60433682 34.78173384
OS 70.60400154 34.78279048
OS 70.60400154 35.51721116
OS 70.60433682 35.5182678
OS 70.60400154 35.52218702
OS 70.60400154 35.53725938
OS 70.6059294 35.54695202
OS 70.60400154 35.55664466
OS 70.60400154 35.80400002
OS 70.4884671 35.80400002
OS 70.4884671 37.66533488
OS 70.45889642 37.81399346
OS 70.3746878 37.94002064
OS 70.29556172 38.01914672
OS 70.33382936 38.11153668
OS 71.21789922 38.11153668
OS 71.21789922 36.79392692
OS 71.70213498 36.79392692
OS 71.77231518 36.72303806
OS 71.7812128 36.70437668
OS 71.78569082 36.68562386
OS 71.75000128 36.5994569
OS 71.75000128 36.40054442
OS 71.82612 36.21677288
OS 71.9667725 36.07612038
OS 72.15054404 36.00000166
OS 72.34945652 36.00000166
OS 72.53322806 36.07612038
OS 72.67388056 36.21677288
OS 72.74999928 36.40054442
OS 72.74999928 36.5994569
OS 72.7143072 36.68562386
OS 72.71878776 36.70437668
OS 72.72768538 36.72303552
OS 72.79788336 36.79392692
OS 73.28210134 36.79392692
OS 73.28210134 38.64465728
OS 73.28210134 39.10160328
OS 73.27905334 39.1009505
OS 73.18761334 39.0717278
OS 73.11649334 39.03719142
OS 73.06569334 38.9973439
OS 73.03521334 38.95218016
OS 73.02505334 38.90170528
OS 73.02505334 39.54837404
OS 72.24999774 39.54837404
OS 72.24999774 39.67537404
OS 72.12299774 39.67537404
OS 72.12299774 40.70607556
OS 71.58490128 40.70607556
OS 71.54663364 40.79846552
OS 71.93506822 41.1869001
OS 74.21790084 41.1869001
OS 74.21790084 40.54465602
OS 74.21790084 40.26132664
OS 74.22094884 40.2620988
OS 74.31238884 40.29674186
OS 74.38350884 40.33768158
OS 74.43430884 40.3849205
OS 74.46478884 40.43845862
OS 74.47494884 40.49829594
OS 74.47494884 39.85163226
OS 75.24999936 39.85163226
OS 76.28210296 39.85163226
OS 76.28210296 40.54465602
OS 76.28210296 42.6060743
OS 74.21790084 42.6060743
OS 74.21790084 41.96383022
OS 71.77416176 41.96383022
OS 71.62550318 41.93425954
OS 71.499476 41.85005092
OS 71.48334446 41.83391938
OS 71.3909545 41.87218702
OS 71.3909545 41.91680974
OS 71.39722322 42.06310104
OS 71.4196565 42.29189154
OS 71.8593559 42.29189154
OS 71.8593559 44.20810818
OS 71.65802026 44.20810818
OS 71.65001164 44.26893356
OS 71.57322998 44.45430022
OS 71.451089 44.61347694
OS 70.17109918 45.89346676
OS 70.17108902 45.89347438
OS 68.04346564 48.0211003
OS 67.88428892 48.14324128
OS 67.69892226 48.22002294
OS 67.49999962 48.24621034
OE
OB 73.28210134 40.70607556 H
OS 72.37699774 40.70607556
OS 72.37699774 39.80237404
OS 73.02505334 39.80237404
OS 73.02505334 40.44902756
OS 73.03521334 40.39855268
OS 73.06569334 40.35338894
OS 73.11649334 40.31354142
OS 73.18761334 40.27900504
OS 73.27905334 40.24978234
OS 73.28210134 40.24912956
OS 73.28210134 40.70607556
OE
OB 54.16719926 40.76999974 H
OS 53.83280318 40.76999974
OS 53.509799 40.68344924
OS 53.22020344 40.5162512
OS 52.98374976 40.27979752
OS 52.81655172 39.99020196
OS 52.78934578 39.88866546
OS 52.78708264 39.8884648
OS 52.4172434 39.8884648
OS 52.4124428 39.8891887
OS 52.40490154 39.89087526
OS 52.39996886 39.89237894
OS 52.3973298 39.89342542
OS 52.39729678 39.8934432
OS 52.39025844 39.89996338
OS 52.35132532 39.9238851
OS 52.31334724 39.94926224
OS 52.30843742 39.9502376
OS 52.30416514 39.95286396
OS 52.25903188 39.96006486
OS 52.21424152 39.96897518
OS 52.20932662 39.96799728
OS 52.2043787 39.96878722
OS 52.18562334 39.9643092
OS 52.09945638 39.99999874
OS 51.9005439 39.99999874
OS 51.71677236 39.92388002
OS 51.57611986 39.78322752
OS 51.50000114 39.59945598
OS 51.50000114 39.4005435
OS 51.57611986 39.21677196
OS 51.71677236 39.07611946
OS 51.9005439 39.00000074
OS 52.09945638 39.00000074
OS 52.18562334 39.03569282
OS 52.2043787 39.03121226
OS 52.20932662 39.0320022
OS 52.21424152 39.0310243
OS 52.25906744 39.0399397
OS 52.30416514 39.04713806
OS 52.30843234 39.04975934
OS 52.31334724 39.05073724
OS 52.35134818 39.07612708
OS 52.39025844 39.1000361
OS 52.3972917 39.10655374
OS 52.3973425 39.10657914
OS 52.39998156 39.10762562
OS 52.40488884 39.10912168
OS 52.41244788 39.11081078
OS 52.4172434 39.11153468
OS 52.78708264 39.11153468
OS 52.78934578 39.11133402
OS 52.81655172 39.00979752
OS 52.98374976 38.72020196
OS 53.22020344 38.48374828
OS 53.509799 38.31655024
OS 53.83280318 38.22999974
OS 54.16719926 38.22999974
OS 54.49020344 38.31655024
OS 54.779799 38.48374828
OS 55.01625268 38.72020196
OS 55.18345072 39.00979752
OS 55.27000122 39.3328017
OS 55.27000122 39.66719778
OS 55.18345072 39.99020196
OS 55.01625268 40.27979752
OS 54.779799 40.5162512
OS 54.49020344 40.68344924
OS 54.16719926 40.76999974
OE
OB 75.12299936 39.59763226 H
OS 74.47494884 39.59763226
OS 74.47494884 38.95097366
OS 75.12299936 38.95097366
OS 75.12299936 39.59763226
OE
OB 76.28210296 39.59763226 H
OS 75.37699936 39.59763226
OS 75.37699936 38.95097366
OS 76.02505496 38.95097366
OS 75.96481378 38.9414639
OS 75.91091498 38.91293462
OS 75.86335856 38.86538582
OS 75.82214198 38.7988175
OS 75.78726524 38.7132322
OS 75.78199982 38.69392566
OS 76.28210296 38.69392566
OS 76.28210296 39.59763226
OE
OB 74.21790084 39.11379782 H
OS 74.21790084 38.69392566
OS 74.6413417 38.69392566
OS 74.63773744 38.7132322
OS 74.61386398 38.7988175
OS 74.58564712 38.86538582
OS 74.55308686 38.91293462
OS 74.51618828 38.9414639
OS 74.47494884 38.95097366
OS 74.46478884 38.99208864
OS 74.43430884 39.02887546
OS 74.38350884 39.06133412
OS 74.31238884 39.08946462
OS 74.22094884 39.11326696
OS 74.21790084 39.11379782
OE
OB 85.84999848 41.30897504 H
OS 84.24999914 41.30897504
OS 84.15089342 41.2892621
OS 84.0668753 41.23312302
OS 84.01073622 41.1491049
OS 83.99102328 41.04999918
OS 83.99102328 38.9499983
OS 84.01073622 38.85089258
OS 84.0668753 38.76687446
OS 84.15089342 38.71073538
OS 84.24999914 38.69102244
OS 84.42951618 38.69102244
OS 84.46318134 38.6499989
OS 86.0998278 38.6499989
OS 86.08629976 38.71800232
OS 86.04338392 38.7822313
OS 86.0892614 38.85089258
OS 86.10897434 38.9499983
OS 86.10897434 39.04598236
OS 86.10997256 39.0510014
OS 86.10997256 39.54899888
OS 86.10897434 39.55401792
OS 86.10897434 41.04999918
OS 86.0892614 41.1491049
OS 86.03312232 41.23312302
OS 85.9491042 41.2892621
OS 85.84999848 41.30897504
OE
OB 92.92298916 38.10399796 H
OS 92.19599798 38.10399796
OS 92.19599798 37.37699662
OS 92.92298916 37.37699662
OS 92.92298916 38.10399796
OE
OB 93.90399558 37.12299662 H
OS 93.17698916 37.12299662
OS 93.17698916 36.39600036
OS 93.90399558 36.39600036
OS 93.90399558 37.12299662
OE
OB 92.92298916 37.12299662 H
OS 92.19599798 37.12299662
OS 92.19599798 36.39600036
OS 92.92298916 36.39600036
OS 92.92298916 37.12299662
OE
OB 86.13681528 38.04999756 H
OS 84.50017136 38.04999756
OS 84.5136994 37.98199668
OS 84.52182486 37.96983516
OS 84.46687704 37.93311946
OS 84.41073796 37.84910134
OS 84.39102502 37.74999562
OS 84.39102502 35.54999748
OS 84.41073796 35.45089176
OS 84.46687704 35.36687364
OS 84.55089516 35.31073456
OS 84.65000088 35.29102162
OS 88.9999998 35.29102162
OS 89.09910552 35.31073456
OS 89.18312364 35.36687364
OS 89.23926272 35.45089176
OS 89.25897566 35.54999748
OS 89.25897566 37.74999562
OS 89.23926272 37.84910134
OS 89.18312364 37.93311946
OS 89.09910552 37.98925854
OS 88.9999998 38.00897148
OS 86.17048298 38.00897148
OS 86.13681528 38.04999756
OE
OB 83.45000074 38.00897148 H
OS 79.34999878 38.00897148
OS 79.25089306 37.98925854
OS 79.16687494 37.93311946
OS 79.11073586 37.84910134
OS 79.09102292 37.74999562
OS 79.09102292 35.54999748
OS 79.11073586 35.45089176
OS 79.16687494 35.36687364
OS 79.25089306 35.31073456
OS 79.34999878 35.29102162
OS 83.45000074 35.29102162
OS 83.54910646 35.31073456
OS 83.63312458 35.36687364
OS 83.68926366 35.45089176
OS 83.7089766 35.54999748
OS 83.7089766 37.74999562
OS 83.68926366 37.84910134
OS 83.63312458 37.93311946
OS 83.54910646 37.98925854
OS 83.45000074 38.00897148
OE
OB 68.90399986 35.80400002 H
OS 68.3269906 35.80400002
OS 68.3269906 35.2770059
OS 68.90399986 35.2770059
OS 68.90399986 35.80400002
OE
OB 68.0729906 35.80400002 H
OS 67.49600166 35.80400002
OS 67.49600166 35.2770059
OS 68.0729906 35.2770059
OS 68.0729906 35.80400002
OE
OB 68.90399986 35.0230059 H
OS 68.3269906 35.0230059
OS 68.3269906 34.49600162
OS 68.90399986 34.49600162
OS 68.90399986 35.0230059
OE
OB 68.0729906 35.0230059 H
OS 67.49600166 35.0230059
OS 67.49600166 34.49600162
OS 68.0729906 34.49600162
OS 68.0729906 35.0230059
OE
OB 54.16719926 37.52000116 H
OS 53.83280318 37.52000116
OS 53.509799 37.43345066
OS 53.22020344 37.26625262
OS 52.98374976 37.02979894
OS 52.81655172 36.74020338
OS 52.73000122 36.4171992
OS 52.73000122 36.08280312
OS 52.81655172 35.75979894
OS 52.98374976 35.47020338
OS 53.22020344 35.2337497
OS 53.509799 35.06655166
OS 53.6113355 35.03934572
OS 53.61153616 35.03708258
OS 53.61153616 32.9172443
OS 53.61081226 32.9124437
OS 53.6091257 32.90490244
OS 53.60762202 32.89996976
OS 53.60657554 32.8973307
OS 53.60655776 32.89729768
OS 53.60003758 32.89025934
OS 53.57611586 32.85132622
OS 53.55073872 32.81334814
OS 53.54976336 32.80843832
OS 53.547137 32.80416604
OS 53.5399361 32.75903278
OS 53.53102578 32.71424242
OS 53.53200368 32.70932752
OS 53.53121374 32.7043796
OS 53.53569176 32.68562424
OS 53.50000222 32.59945728
OS 53.50000222 32.4005448
OS 53.57612094 32.21677326
OS 53.71677344 32.07612076
OS 53.90054498 32.00000204
OS 54.09945746 32.00000204
OS 54.283229 32.07612076
OS 54.4238815 32.21677326
OS 54.50000022 32.4005448
OS 54.50000022 32.59945728
OS 54.46430814 32.68562424
OS 54.4687887 32.7043796
OS 54.46799876 32.70932752
OS 54.46897666 32.71424242
OS 54.46006126 32.75906834
OS 54.4528629 32.80416604
OS 54.45024162 32.80843324
OS 54.44926372 32.81334814
OS 54.42387388 32.85134908
OS 54.39996486 32.89025934
OS 54.39344722 32.8972926
OS 54.39342182 32.8973434
OS 54.39237534 32.89998246
OS 54.39087928 32.90488974
OS 54.38919018 32.91244878
OS 54.38846628 32.9172443
OS 54.38846628 35.03708258
OS 54.38866694 35.03934572
OS 54.49020344 35.06655166
OS 54.779799 35.2337497
OS 55.01625268 35.47020338
OS 55.18345072 35.75979894
OS 55.27000122 36.08280312
OS 55.27000122 36.4171992
OS 55.18345072 36.74020338
OS 55.01625268 37.02979894
OS 54.779799 37.26625262
OS 54.49020344 37.43345066
OS 54.16719926 37.52000116
OE
OB 49.95399966 32.4039992 H
OS 49.37700056 32.4039992
OS 49.37700056 31.877
OS 49.69695166 31.877
OS 49.69695166 32.004
OS 49.69949166 31.97987
OS 49.70711166 31.95828
OS 49.71981166 31.93923
OS 49.73759166 31.92272
OS 49.76045166 31.90875
OS 49.78839166 31.89732
OS 49.82141166 31.88843
OS 49.85951166 31.88208
OS 49.90269166 31.87827
OS 49.95095166 31.877
OS 49.95399966 31.877
OS 49.95399966 32.4039992
OE
OB 49.12300056 32.4039992 H
OS 48.54600146 32.4039992
OS 48.54600146 31.877
OS 49.12300056 31.877
OS 49.12300056 32.4039992
OE
OB 49.95399966 31.623 H
OS 49.95095166 31.623
OS 49.95095166 31.623
OS 49.90269166 31.62173
OS 49.85951166 31.61792
OS 49.82141166 31.61157
OS 49.78839166 31.60268
OS 49.76045166 31.59125
OS 49.73759166 31.57728
OS 49.71981166 31.56077
OS 49.70711166 31.54172
OS 49.69949166 31.52013
OS 49.69695166 31.496
OS 49.69695166 31.623
OS 49.37700056 31.623
OS 49.37700056 31.0960008
OS 49.95399966 31.0960008
OS 49.95399966 31.623
OE
OB 48.20399808 32.02899868 H
OS 47.62699898 32.02899868
OS 47.62699898 31.47699826
OS 47.94695008 31.47699826
OS 47.94695008 31.60399826
OS 47.94949008 31.57986826
OS 47.95711008 31.55827826
OS 47.96981008 31.53922826
OS 47.98759008 31.52271826
OS 48.01045008 31.50874826
OS 48.03839008 31.49731826
OS 48.07141008 31.48842826
OS 48.10951008 31.48207826
OS 48.15269008 31.47826826
OS 48.20095008 31.47699826
OS 48.20399808 31.47699826
OS 48.20399808 32.02899868
OE
OB 47.37299898 32.02899868 H
OS 46.79599988 32.02899868
OS 46.79599988 31.47699826
OS 47.37299898 31.47699826
OS 47.37299898 32.02899868
OE
OB 49.12300056 31.623 H
OS 48.54600146 31.623
OS 48.54600146 31.0960008
OS 49.12300056 31.0960008
OS 49.12300056 31.623
OE
OB 59.59945662 31.9999995 H
OS 59.40054414 31.9999995
OS 59.2167726 31.92388078
OS 59.0761201 31.78322828
OS 59.00000138 31.59945674
OS 59.00000138 31.40054426
OS 59.0761201 31.21677272
OS 59.2167726 31.07612022
OS 59.40054414 31.0000015
OS 59.59945662 31.0000015
OS 59.78322816 31.07612022
OS 59.92388066 31.21677272
OS 59.99999938 31.40054426
OS 59.99999938 31.59945674
OS 59.92388066 31.78322828
OS 59.78322816 31.92388078
OS 59.59945662 31.9999995
OE
OB 58.09945708 31.9999995 H
OS 57.9005446 31.9999995
OS 57.71677306 31.92388078
OS 57.57612056 31.78322828
OS 57.50000184 31.59945674
OS 57.50000184 31.40054426
OS 57.57612056 31.21677272
OS 57.71677306 31.07612022
OS 57.9005446 31.0000015
OS 58.09945708 31.0000015
OS 58.28322862 31.07612022
OS 58.42388112 31.21677272
OS 58.49999984 31.40054426
OS 58.49999984 31.59945674
OS 58.42388112 31.78322828
OS 58.28322862 31.92388078
OS 58.09945708 31.9999995
OE
OB 43.37699986 31.90467584 H
OS 43.37699986 30.95200058
OS 43.6599457 30.95200058
OS 43.6599457 31.60050068
OS 43.63638974 31.71892056
OS 43.56931088 31.81931152
OS 43.46891992 31.88639038
OS 43.37699986 31.90467584
OE
OB 93.16242734 40.10399904 H
OS 92.93756622 40.10399904
OS 92.72036574 40.04580002
OS 92.52562902 39.93336946
OS 92.36662756 39.774368
OS 92.254197 39.57963128
OS 92.19599798 39.3624308
OS 92.19599798 39.13756968
OS 92.254197 38.9203692
OS 92.36662756 38.72563248
OS 92.52562902 38.56663102
OS 92.72036574 38.45420046
OS 92.93756622 38.39600144
OS 93.07887658 38.39600144
OS 93.07969954 38.3954147
OS 93.14011598 38.34228806
OS 93.28601612 38.19638792
OS 93.24774848 38.10399796
OS 93.17698916 38.10399796
OS 93.17698916 37.37699662
OS 93.90399558 37.37699662
OS 93.90399558 37.44775086
OS 93.99638554 37.4860185
OS 94.60255908 36.87984496
OS 94.60255908 33.38413948
OS 94.59666882 33.3173705
OS 94.58133992 33.22540472
OS 94.56219594 33.15429488
OS 94.54192928 33.10475726
OS 94.52439566 33.07606288
OS 94.51328316 33.06409694
OS 94.50843938 33.0608686
OS 94.50295806 33.05893566
OS 94.46088804 33.0545059
OS 94.4592599 33.05400044
OS 93.59600026 33.05400044
OS 93.59600026 29.74600096
OS 96.90399974 29.74600096
OS 96.90399974 33.05400044
OS 96.04073756 33.05400044
OS 96.03910942 33.0545059
OS 95.99704194 33.05893312
OS 95.99156316 33.0608686
OS 95.9867143 33.06409948
OS 95.9756018 33.07606796
OS 95.95807072 33.10475726
OS 95.93780406 33.15429996
OS 95.91866008 33.22540472
OS 95.90333372 33.3173705
OS 95.89744092 33.38414202
OS 95.89744092 37.14802324
OS 95.8481573 37.39579008
OS 95.7078096 37.60583284
OS 93.88671342 39.42692902
OS 93.84579656 39.57963128
OS 93.733366 39.774368
OS 93.57436454 39.93336946
OS 93.37962782 40.04580002
OS 93.16242734 40.10399904
OE
OB 85.64999888 32.00897586 H
OS 84.04999954 32.00897586
OS 83.95089382 31.98926292
OS 83.8668757 31.93312384
OS 83.81073662 31.84910572
OS 83.79102368 31.75
OS 83.79102368 29.64999912
OS 83.81073662 29.5508934
OS 83.8668757 29.46687528
OS 83.95089382 29.4107362
OS 84.04999954 29.39102326
OS 84.22951658 29.39102326
OS 84.26318174 29.34999972
OS 85.8998282 29.34999972
OS 85.88630016 29.41800314
OS 85.84338432 29.48223212
OS 85.8892618 29.5508934
OS 85.90897474 29.64999912
OS 85.90897474 29.74598318
OS 85.90997296 29.75100222
OS 85.90997296 30.2489997
OS 85.90897474 30.25401874
OS 85.90897474 31.75
OS 85.8892618 31.84910572
OS 85.83312272 31.93312384
OS 85.7491046 31.98926292
OS 85.64999888 32.00897586
OE
OB 85.93681822 28.74999838 H
OS 84.30017176 28.74999838
OS 84.3136998 28.6819975
OS 84.32182526 28.66983852
OS 84.26687744 28.63312282
OS 84.21073836 28.5491047
OS 84.19102542 28.44999898
OS 84.19102542 26.25000084
OS 84.21073836 26.15089512
OS 84.26687744 26.066877
OS 84.35089556 26.01073792
OS 84.45000128 25.99102498
OS 88.8000002 25.99102498
OS 88.89910592 26.01073792
OS 88.98312404 26.066877
OS 89.03926312 26.15089512
OS 89.05897606 26.25000084
OS 89.05897606 28.44999898
OS 89.03926312 28.5491047
OS 88.98312404 28.63312282
OS 88.89910592 28.6892619
OS 88.8000002 28.70897484
OS 85.97048338 28.70897484
OS 85.93681822 28.74999838
OE
OB 83.25000114 28.70897484 H
OS 79.14999918 28.70897484
OS 79.05089346 28.6892619
OS 78.96687534 28.63312282
OS 78.91073626 28.5491047
OS 78.89102332 28.44999898
OS 78.89102332 26.25000084
OS 78.91073626 26.15089512
OS 78.96687534 26.066877
OS 79.05089346 26.01073792
OS 79.14999918 25.99102498
OS 83.25000114 25.99102498
OS 83.34910686 26.01073792
OS 83.43312498 26.066877
OS 83.48926406 26.15089512
OS 83.508977 26.25000084
OS 83.508977 28.44999898
OS 83.48926406 28.5491047
OS 83.43312498 28.63312282
OS 83.34910686 28.6892619
OS 83.25000114 28.70897484
OE
OB 95.41290544 28.35399968 H
OS 95.08709456 28.35399968
OS 94.76754478 28.29043872
OS 94.466537 28.1657552
OS 94.19563584 27.98474464
OS 93.9652553 27.7543641
OS 93.78424474 27.48346294
OS 93.65956122 27.18245516
OS 93.59600026 26.86290538
OS 93.59600026 26.5370945
OS 93.65956122 26.21754472
OS 93.78424474 25.91653694
OS 93.9652553 25.64563578
OS 94.19563584 25.41525524
OS 94.466537 25.23424468
OS 94.76754478 25.10956116
OS 95.08709456 25.0460002
OS 95.41290544 25.0460002
OS 95.73245522 25.10956116
OS 96.033463 25.23424468
OS 96.30436416 25.41525524
OS 96.5347447 25.64563578
OS 96.71575526 25.91653694
OS 96.84043878 26.21754472
OS 96.90399974 26.5370945
OS 96.90399974 26.86290538
OS 96.84043878 27.18245516
OS 96.71575526 27.48346294
OS 96.5347447 27.7543641
OS 96.30436416 27.98474464
OS 96.033463 28.1657552
OS 95.73245522 28.29043872
OS 95.41290544 28.35399968
OE
OB 75.5994551 30.99999896 H
OS 75.40054262 30.99999896
OS 75.21677108 30.92388024
OS 75.07611858 30.78322774
OS 74.99999986 30.5994562
OS 74.99999986 30.40054372
OS 75.03569194 30.31437676
OS 75.03121138 30.2956214
OS 75.03200132 30.29067348
OS 75.03102342 30.28575858
OS 75.03993882 30.24093266
OS 75.04713718 30.19583496
OS 75.04975846 30.19156776
OS 75.05073636 30.18665286
OS 75.0761262 30.14865192
OS 75.10003522 30.10974166
OS 75.10655286 30.1027084
OS 75.10657826 30.1026576
OS 75.10762474 30.10001854
OS 75.1091208 30.09511126
OS 75.1108099 30.08755222
OS 75.1115338 30.0827567
OS 75.1115338 27.46291942
OS 75.11133314 27.46065628
OS 75.00979664 27.43345034
OS 74.72020108 27.2662523
OS 74.4837474 27.02979862
OS 74.31654936 26.74020306
OS 74.22999886 26.41719888
OS 74.22999886 26.0828028
OS 74.31654936 25.75979862
OS 74.4837474 25.47020306
OS 74.72020108 25.23374938
OS 75.00979664 25.06655134
OS 75.33280082 24.98000084
OS 75.6671969 24.98000084
OS 75.99020108 25.06655134
OS 76.27979664 25.23374938
OS 76.51625032 25.47020306
OS 76.68344836 25.75979862
OS 76.76999886 26.0828028
OS 76.76999886 26.41719888
OS 76.68344836 26.74020306
OS 76.51625032 27.02979862
OS 76.27979664 27.2662523
OS 75.99020108 27.43345034
OS 75.88866458 27.46065628
OS 75.88846392 27.46291942
OS 75.88846392 30.0827567
OS 75.88918782 30.0875573
OS 75.89087438 30.09509856
OS 75.89237806 30.10003124
OS 75.89342454 30.1026703
OS 75.89344232 30.10270332
OS 75.8999625 30.10974166
OS 75.92388422 30.14867478
OS 75.94926136 30.18665286
OS 75.95023672 30.19156268
OS 75.95286308 30.19583496
OS 75.96006398 30.24096822
OS 75.9689743 30.28575858
OS 75.9679964 30.29067348
OS 75.96878634 30.2956214
OS 75.96430832 30.31437676
OS 75.99999786 30.40054372
OS 75.99999786 30.5994562
OS 75.92387914 30.78322774
OS 75.78322664 30.92388024
OS 75.5994551 30.99999896
OE
OB 88.27227964 23.03210024 H
OS 87.36856034 23.03210024
OS 87.36856034 22.27550536
OS 87.37668834 22.27685918
OS 87.44272834 22.29463918
OS 87.49860834 22.31749918
OS 87.54432834 22.34543918
OS 87.57988834 22.37845918
OS 87.60528834 22.41655918
OS 87.62052834 22.45973918
OS 87.62560834 22.50799918
OS 87.62560834 22.1269941
OS 88.27227964 22.1269941
OS 88.27227964 23.03210024
OE
OB 88.27227964 21.8729941 H
OS 87.62560834 21.8729941
OS 87.62560834 21.49199918
OS 87.62052834 21.54025918
OS 87.60528834 21.58343918
OS 87.57988834 21.62153918
OS 87.54432834 21.65455918
OS 87.49860834 21.68249918
OS 87.44272834 21.70535918
OS 87.37668834 21.72313918
OS 87.36856034 21.724493
OS 87.36856034 20.96789812
OS 88.1237633 20.96789812
OS 88.12240948 20.97602612
OS 88.10462948 21.04206612
OS 88.08176948 21.09794612
OS 88.05382948 21.14366612
OS 88.02080948 21.17922612
OS 87.98270948 21.20462612
OS 87.93952948 21.21986612
OS 87.89126948 21.22494612
OS 88.27227964 21.22494612
OS 88.27227964 21.8729941
OE
OB 75.6671969 24.77000126 H
OS 75.33280082 24.77000126
OS 75.00979664 24.68345076
OS 74.72020108 24.51625272
OS 74.4837474 24.27979904
OS 74.31654936 23.99020348
OS 74.22999886 23.6671993
OS 74.22999886 23.33280322
OS 74.31654936 23.00979904
OS 74.4837474 22.72020348
OS 74.72020108 22.4837498
OS 75.00979664 22.31655176
OS 75.11133314 22.28934582
OS 75.1115338 22.28708268
OS 75.1115338 21.66724394
OS 75.1108099 21.66244334
OS 75.10912334 21.65490208
OS 75.10761966 21.6499694
OS 75.10657318 21.64733034
OS 75.1065554 21.64729732
OS 75.10003522 21.64025898
OS 75.0761135 21.60132586
OS 75.05073636 21.56334778
OS 75.049761 21.55843796
OS 75.04713464 21.55416568
OS 75.03993374 21.50903242
OS 75.03102342 21.46424206
OS 75.03200132 21.45932716
OS 75.03121138 21.45437924
OS 75.0356894 21.43562388
OS 74.99999986 21.34945692
OS 74.99999986 21.15054444
OS 75.07611858 20.9667729
OS 75.21677108 20.8261204
OS 75.40054262 20.75000168
OS 75.5994551 20.75000168
OS 75.78322664 20.8261204
OS 75.92387914 20.9667729
OS 75.99999786 21.15054444
OS 75.99999786 21.34945692
OS 75.96430578 21.43562388
OS 75.96878634 21.45437924
OS 75.9679964 21.45932716
OS 75.9689743 21.46424206
OS 75.9600589 21.50906798
OS 75.95286054 21.55416568
OS 75.95023926 21.55843288
OS 75.94926136 21.56334778
OS 75.92387152 21.60134872
OS 75.8999625 21.64025898
OS 75.89344486 21.64729224
OS 75.89341946 21.64734304
OS 75.89237298 21.6499821
OS 75.89087692 21.65488938
OS 75.88918782 21.66244842
OS 75.88846392 21.66724394
OS 75.88846392 22.28708268
OS 75.88866458 22.28934582
OS 75.99020108 22.31655176
OS 76.27979664 22.4837498
OS 76.51625032 22.72020348
OS 76.68344836 23.00979904
OS 76.76999886 23.33280322
OS 76.76999886 23.6671993
OS 76.68344836 23.99020348
OS 76.51625032 24.27979904
OS 76.27979664 24.51625272
OS 75.99020108 24.68345076
OS 75.6671969 24.77000126
OE
OB 89.0839976 19.9539987 H
OS 88.71699808 19.9539987
OS 88.71699808 19.62699402
OS 89.0839976 19.62699402
OS 89.0839976 19.9539987
OE
OB 88.46299808 19.9539987 H
OS 88.09599856 19.9539987
OS 88.09599856 19.62699402
OS 88.46299808 19.62699402
OS 88.46299808 19.9539987
OE
OB 89.0839976 19.37299402 H
OS 88.71699808 19.37299402
OS 88.71699808 19.0459995
OS 89.0839976 19.0459995
OS 89.0839976 19.37299402
OE
OB 88.46299808 19.37299402 H
OS 88.09599856 19.37299402
OS 88.09599856 19.0459995
OS 88.46299808 19.0459995
OS 88.46299808 19.37299402
OE
OB 93.39999862 18.51050654 H
OS 93.12699434 18.51050654
OS 93.12699434 17.87700006
OS 94.14378682 17.87700006
OS 94.13459202 17.94683482
OS 94.05861554 18.1302533
OS 93.93775726 18.2877587
OS 93.78025186 18.40861698
OS 93.59683338 18.48459346
OS 93.39999862 18.51050654
OE
OB 92.87299434 18.51050654 H
OS 92.60000022 18.51050654
OS 92.40316546 18.48459346
OS 92.21974698 18.40861698
OS 92.06224158 18.2877587
OS 91.9413833 18.1302533
OS 91.89433996 18.01668228
OS 91.91750984 18.01850854
OS 91.99130446 18.02979122
OS 92.05978794 18.0442997
OS 92.12296282 18.06203144
OS 92.1808291 18.08298644
OS 92.23338678 18.10716724
OS 92.28063332 18.1345713
OS 92.3225738 18.16519862
OS 92.3225738 17.87700006
OS 92.87299434 17.87700006
OS 92.87299434 18.51050654
OE
OB 97.60000038 18.51050654 H
OS 97.1269965 18.51050654
OS 97.1269965 17.87699752
OS 98.34378858 17.87699752
OS 98.33459378 17.94683482
OS 98.2586173 18.1302533
OS 98.13775902 18.2877587
OS 97.98025362 18.40861698
OS 97.79683514 18.48459346
OS 97.60000038 18.51050654
OE
OB 33.0230099 17.95400016 H
OS 32.47100186 17.95400016
OS 32.47100186 17.37699852
OS 33.0230099 17.37699852
OS 33.0230099 17.95400016
OE
OB 94.14378682 17.62300006 H
OS 92.99999434 17.62300006
OS 92.3225738 17.62300006
OS 92.3225738 17.3348015
OS 92.28063332 17.36542882
OS 92.23338678 17.39283288
OS 92.1808291 17.41701368
OS 92.12296282 17.43796868
OS 92.05978794 17.45570042
OS 91.99130446 17.4702089
OS 91.91750984 17.48149158
OS 91.89433996 17.48331784
OS 91.9413833 17.36974682
OS 92.00717692 17.2840015
OS 91.95786282 17.1840017
OS 91.59599918 17.1840017
OS 91.59599918 16.75699722
OS 92.4249993 16.75699722
OS 93.25399942 16.75699722
OS 93.25399942 16.98949358
OS 93.39999862 16.98949358
OS 93.59683338 17.01540666
OS 93.78025186 17.09138314
OS 93.93775726 17.21224142
OS 94.05861554 17.36974682
OS 94.13459202 17.5531653
OS 94.14378682 17.62300006
OE
OB 98.34378604 17.62299752 H
OS 97.1269965 17.62299752
OS 97.1269965 17.25064368
OS 97.5006432 17.25064368
OS 97.4537802 17.24563734
OS 97.41185242 17.23061832
OS 97.37485478 17.20558662
OS 97.34278982 17.1705397
OS 97.31566008 17.12548264
OS 97.29346302 17.0704129
OS 97.2761961 17.00532794
OS 97.27359514 16.98949358
OS 97.60000038 16.98949358
OS 97.79683514 17.01540666
OS 97.98025362 17.09138314
OS 98.13775902 17.21224142
OS 98.2586173 17.36974682
OS 98.33459378 17.5531653
OS 98.34378604 17.62299752
OE
OB 33.0230099 17.12299852 H
OS 32.47100186 17.12299852
OS 32.47100186 16.54600196
OS 33.0230099 16.54600196
OS 33.0230099 16.54904996
OS 33.02300228 16.54904996
OS 33.02173228 16.59730996
OS 33.01792228 16.64048996
OS 33.01157228 16.67858996
OS 33.00268228 16.71160996
OS 32.99125228 16.73954996
OS 32.97728228 16.76240996
OS 32.96077228 16.78018996
OS 32.94172228 16.79288996
OS 32.92013228 16.80050996
OS 32.89600228 16.80304996
OS 33.0230099 16.80304996
OS 33.0230099 17.12299852
OE
OB 88.60399856 16.15399868 H
OS 88.02700454 16.15399868
OS 88.02700454 15.62699948
OS 88.60399856 15.62699948
OS 88.60399856 16.15399868
OE
OB 33.6539967 16.20399858 H
OS 33.12699242 16.20399858
OS 33.12699242 16.20095058
OS 33.27700228 16.20095058
OS 33.27820116 16.15269058
OS 33.28180034 16.10951058
OS 33.28779728 16.07141058
OS 33.29619452 16.03839058
OS 33.30698952 16.01045058
OS 33.32018228 15.98759058
OS 33.33577534 15.96981058
OS 33.3537687 15.95711058
OS 33.37415982 15.94949058
OS 33.3969487 15.94695058
OS 33.12699242 15.94695058
OS 33.12699242 15.62699948
OS 33.6539967 15.62699948
OS 33.6539967 16.20399858
OE
OB 87.77300454 16.15399868 H
OS 87.19600036 16.15399868
OS 87.19600036 15.62715696
OS 87.20044282 15.62703504
OS 87.24730836 15.62826948
OS 87.29048836 15.63207948
OS 87.32858836 15.63842948
OS 87.36160836 15.64731948
OS 87.38954836 15.65874948
OS 87.41240836 15.67271948
OS 87.43018836 15.68922948
OS 87.44288836 15.70827948
OS 87.45050836 15.72986948
OS 87.45304836 15.75399948
OS 87.45304836 15.62699948
OS 87.77300454 15.62699948
OS 87.77300454 16.15399868
OE
OB 32.87299242 16.20399858 H
OS 32.3459983 16.20399858
OS 32.3459983 15.62699948
OS 32.87299242 15.62699948
OS 32.87299242 16.20399858
OE
OB 87.77300454 15.37299948 H
OS 87.45304836 15.37299948
OS 87.45304836 15.24599948
OS 87.45050836 15.27012948
OS 87.44288836 15.29171948
OS 87.43018836 15.31076948
OS 87.41240836 15.32727948
OS 87.38954836 15.34124948
OS 87.36160836 15.35267948
OS 87.32858836 15.36156948
OS 87.29048836 15.36791948
OS 87.24730836 15.37172948
OS 87.20044282 15.37296392
OS 87.19600036 15.372842
OS 87.19600036 14.84600028
OS 87.77300454 14.84600028
OS 87.77300454 15.37299948
OE
OB 88.60399856 15.37299948 H
OS 88.02700454 15.37299948
OS 88.02700454 14.84600028
OS 88.60399856 14.84600028
OS 88.60399856 15.37299948
OE
OB 33.6539967 15.37299948 H
OS 33.12699242 15.37299948
OS 33.12699242 15.05304838
OS 33.25400004 15.05304838
OS 33.22987004 15.05050838
OS 33.20828004 15.04288838
OS 33.18923004 15.03018838
OS 33.17272004 15.01240838
OS 33.15875004 14.98954838
OS 33.14732004 14.96160838
OS 33.13843004 14.92858838
OS 33.13208004 14.89048838
OS 33.12827004 14.84730838
OS 33.12700004 14.79904838
OS 33.12699242 14.79904838
OS 33.12699242 14.79600038
OS 33.6539967 14.79600038
OS 33.6539967 15.37299948
OE
OB 32.87299242 15.37299948 H
OS 32.3459983 15.37299948
OS 32.3459983 14.79600038
OS 32.87299242 14.79600038
OS 32.87299242 14.7993354
OS 32.87173004 14.84730838
OS 32.86792004 14.89048838
OS 32.86157004 14.92858838
OS 32.85268004 14.96160838
OS 32.84125004 14.98954838
OS 32.82728004 15.01240838
OS 32.81077004 15.03018838
OS 32.79172004 15.04288838
OS 32.77013004 15.05050838
OS 32.74600004 15.05304838
OS 32.87299242 15.05304838
OS 32.87299242 15.37299948
OE
OB 35.8770047 14.45400208 H
OS 35.8770047 14.45095154
OS 36.02700186 14.45095154
OS 36.02820074 14.40269154
OS 36.03179992 14.35951154
OS 36.03779686 14.32141154
OS 36.0461941 14.28839154
OS 36.0569891 14.26045154
OS 36.0701844 14.23759154
OS 36.08577746 14.21981154
OS 36.10376828 14.20711154
OS 36.1241594 14.19949154
OS 36.14695082 14.19695154
OS 35.8770047 14.19695154
OS 35.8770047 13.87700044
OS 36.40399882 13.87700044
OS 36.40399882 14.45399954
OS 35.8770047 14.45400208
OE
OB 35.6230047 13.62300044 H
OS 35.35304842 13.62300044
OS 35.35304842 13.30304934
OS 35.35050842 13.31634116
OS 35.34288842 13.3282309
OS 35.33018842 13.33872364
OS 35.31240842 13.34781938
OS 35.28954842 13.35551304
OS 35.26160842 13.3618097
OS 35.22858842 13.36670428
OS 35.19048842 13.37020186
OS 35.09904842 13.37300094
OS 35.09904842 13.62300044
OS 35.09600042 13.62300044
OS 35.09600042 13.04600134
OS 35.6230047 13.04600134
OS 35.6230047 13.62300044
OE
OB 36.40399882 13.62300044 H
OS 35.8770047 13.62300044
OS 35.8770047 13.04600134
OS 36.40399882 13.04600134
OS 36.40399882 13.62300044
OE
OB 81.11899956 13.79899704 H
OS 80.35700972 13.79899704
OS 80.35700972 13.7955655
OS 80.35826956 13.74768904
OS 80.36207956 13.70450904
OS 80.36842956 13.66640904
OS 80.37731956 13.63338904
OS 80.38874956 13.60544904
OS 80.40271956 13.58258904
OS 80.41922956 13.56480904
OS 80.43827956 13.55210904
OS 80.45986956 13.54448904
OS 80.48399956 13.54194904
OS 80.35700972 13.54194904
OS 80.35700972 12.7820039
OS 81.11899956 12.7820039
OS 81.11899956 13.79899704
OE
OB 80.10300972 13.79899704 H
OS 79.34099956 13.79899704
OS 79.34099956 12.7820039
OS 80.10300972 12.7820039
OS 80.10300972 13.54194904
OS 79.97599956 13.54194904
OS 80.00012956 13.54448904
OS 80.02171956 13.55210904
OS 80.04076956 13.56480904
OS 80.05727956 13.58258904
OS 80.07124956 13.60544904
OS 80.08267956 13.63338904
OS 80.09156956 13.66640904
OS 80.09791956 13.70450904
OS 80.10172956 13.74768904
OS 80.10299956 13.79594904
OS 80.10300972 13.79594904
OS 80.10300972 13.79899704
OE
OB 88.60399856 12.9040001 H
OS 88.02700454 12.9040001
OS 88.02700454 12.37700598
OS 88.60399856 12.37700598
OS 88.60399856 12.9040001
OE
OB 87.77300454 12.9040001 H
OS 87.19600036 12.9040001
OS 87.19600036 12.37715838
OS 87.20044282 12.37703646
OS 87.24730836 12.3782709
OS 87.29048836 12.3820809
OS 87.32858836 12.3884309
OS 87.36160836 12.3973209
OS 87.38954836 12.4087509
OS 87.41240836 12.4227209
OS 87.43018836 12.4392309
OS 87.44288836 12.4582809
OS 87.45050836 12.4798709
OS 87.45304836 12.5040009
OS 87.45304836 12.37700598
OS 87.77300454 12.37700598
OS 87.77300454 12.9040001
OE
OB 87.77300454 12.12300598 H
OS 87.45304836 12.12300598
OS 87.45304836 11.9960009
OS 87.45050836 12.0201309
OS 87.44288836 12.0417209
OS 87.43018836 12.0607709
OS 87.41240836 12.0772809
OS 87.38954836 12.0912509
OS 87.36160836 12.1026809
OS 87.32858836 12.1115709
OS 87.29048836 12.1179209
OS 87.24730836 12.1217309
OS 87.20044282 12.12296534
OS 87.19600036 12.12284342
OS 87.19600036 11.5960017
OS 87.77300454 11.5960017
OS 87.77300454 12.12300598
OE
OB 88.60399856 12.12300598 H
OS 88.02700454 12.12300598
OS 88.02700454 11.5960017
OS 88.60399856 11.5960017
OS 88.60399856 12.12300598
OE
OB 83.65899956 13.79899704 H
OS 81.88099956 13.79899704
OS 81.88099956 11.5110006
OS 83.65899956 11.5110006
OS 83.65899956 13.79899704
OE
OB 81.11899956 12.5280039 H
OS 80.35700972 12.5280039
OS 80.35700972 11.5110006
OS 81.11899956 11.5110006
OS 81.11899956 12.5280039
OE
OB 80.10300972 12.5280039 H
OS 79.34099956 12.5280039
OS 79.34099956 11.5110006
OS 80.10300972 11.5110006
OS 80.10300972 12.5280039
OE
OB 56.65900022 13.79899704 H
OS 54.88100022 13.79899704
OS 54.88100022 11.5110006
OS 56.65900022 11.5110006
OS 56.65900022 13.79899704
OE
OB 47.95399858 14.6539966 H
OS 46.54600038 14.6539966
OS 46.54600038 13.3459982
OS 46.86153442 13.3459982
OS 46.86153442 10.91724258
OS 46.86081052 10.91244198
OS 46.85912396 10.90490072
OS 46.85762028 10.89996804
OS 46.8565738 10.89732898
OS 46.85655602 10.89729596
OS 46.85003584 10.89025762
OS 46.82611412 10.8513245
OS 46.80073698 10.81334642
OS 46.79976162 10.8084366
OS 46.79713526 10.80416432
OS 46.78993436 10.75903106
OS 46.78102404 10.7142407
OS 46.78200194 10.7093258
OS 46.781212 10.70437788
OS 46.78569002 10.68562252
OS 46.75000048 10.59945556
OS 46.75000048 10.40054308
OS 46.8261192 10.21677154
OS 46.9667717 10.07611904
OS 47.15054324 10.00000032
OS 47.34945572 10.00000032
OS 47.53322726 10.07611904
OS 47.67387976 10.21677154
OS 47.74999848 10.40054308
OS 47.74999848 10.59945556
OS 47.7143064 10.68562252
OS 47.71878696 10.70437788
OS 47.71799702 10.7093258
OS 47.71897492 10.7142407
OS 47.71005952 10.75906662
OS 47.70286116 10.80416432
OS 47.70023988 10.80843152
OS 47.69926198 10.81334642
OS 47.67387214 10.85134736
OS 47.64996312 10.89025762
OS 47.64344548 10.89729088
OS 47.64342008 10.89734168
OS 47.6423736 10.89998074
OS 47.64087754 10.90488802
OS 47.63918844 10.91244706
OS 47.63846454 10.91724258
OS 47.63846454 13.3459982
OS 47.95399858 13.3459982
OS 47.95399858 14.6539966
OE
OB 45.95607522 13.22998116 H
OS 43.54392358 13.22998116
OS 43.54392358 11.26856268
OS 44.36153434 11.26856268
OS 44.36153434 10.91724258
OS 44.36081044 10.91244198
OS 44.35912388 10.90490072
OS 44.3576202 10.89996804
OS 44.35657372 10.89732898
OS 44.35655594 10.89729596
OS 44.35003576 10.89025762
OS 44.32611404 10.8513245
OS 44.3007369 10.81334642
OS 44.29976154 10.8084366
OS 44.29713518 10.80416432
OS 44.28993428 10.75903106
OS 44.28102396 10.7142407
OS 44.28200186 10.7093258
OS 44.28121192 10.70437788
OS 44.28568994 10.68562252
OS 44.2500004 10.59945556
OS 44.2500004 10.40054308
OS 44.32611912 10.21677154
OS 44.46677162 10.07611904
OS 44.65054316 10.00000032
OS 44.84945564 10.00000032
OS 45.03322718 10.07611904
OS 45.17387968 10.21677154
OS 45.2499984 10.40054308
OS 45.2499984 10.59945556
OS 45.21430632 10.68562252
OS 45.21878688 10.70437788
OS 45.21799694 10.7093258
OS 45.21897484 10.7142407
OS 45.21005944 10.75906662
OS 45.20286108 10.80416432
OS 45.2002398 10.80843152
OS 45.1992619 10.81334642
OS 45.17387206 10.85134736
OS 45.14996304 10.89025762
OS 45.1434454 10.89729088
OS 45.14342 10.89734168
OS 45.14237352 10.89998074
OS 45.14087746 10.90488802
OS 45.13918836 10.91244706
OS 45.13846446 10.91724258
OS 45.13846446 11.26856268
OS 45.95607522 11.26856268
OS 45.95607522 13.22998116
OE
OB 42.95399842 14.65399914 H
OS 41.54600022 14.65399914
OS 41.54600022 13.34600074
OS 41.86153426 13.34600074
OS 41.86153426 10.91724258
OS 41.86081036 10.91244198
OS 41.8591238 10.90490072
OS 41.85762012 10.89996804
OS 41.85657364 10.89732898
OS 41.85655586 10.89729596
OS 41.85003568 10.89025762
OS 41.82611396 10.8513245
OS 41.80073682 10.81334642
OS 41.79976146 10.8084366
OS 41.7971351 10.80416432
OS 41.7899342 10.75903106
OS 41.78102388 10.7142407
OS 41.78200178 10.7093258
OS 41.78121184 10.70437788
OS 41.78568986 10.68562252
OS 41.75000032 10.59945556
OS 41.75000032 10.40054308
OS 41.82611904 10.21677154
OS 41.96677154 10.07611904
OS 42.15054308 10.00000032
OS 42.34945556 10.00000032
OS 42.5332271 10.07611904
OS 42.6738796 10.21677154
OS 42.74999832 10.40054308
OS 42.74999832 10.59945556
OS 42.71430624 10.68562252
OS 42.7187868 10.70437788
OS 42.71799686 10.7093258
OS 42.71897476 10.7142407
OS 42.71005936 10.75906662
OS 42.702861 10.80416432
OS 42.70023972 10.80843152
OS 42.69926182 10.81334642
OS 42.67387198 10.85134736
OS 42.64996296 10.89025762
OS 42.64344532 10.89729088
OS 42.64341992 10.89734168
OS 42.64237344 10.89998074
OS 42.64087738 10.90488802
OS 42.63918828 10.91244706
OS 42.63846438 10.91724258
OS 42.63846438 13.34600074
OS 42.95399842 13.34600074
OS 42.95399842 14.65399914
OE
OB 93.86126516 9.70645506 H
OS 93.99645158 9.57126864
OS 93.93775726 9.64776074
OS 93.86126516 9.70645506
OE
OB 93.25399942 10.10299986 H
OS 92.42500438 10.10299986
OS 91.59599918 10.10299986
OS 91.59599918 9.67600046
OS 91.95786282 9.67600046
OS 92.00717692 9.57600066
OS 91.9413833 9.49025534
OS 91.86540682 9.30683686
OS 91.85621456 9.23700718
OS 92.99999942 9.23700718
OS 94.14378428 9.23700718
OS 94.13459202 9.30683686
OS 94.05861554 9.49025534
OS 94.00607818 9.55872358
OS 93.97236984 9.52477648
OS 93.8310163 9.36316136
OS 93.83083596 9.35817026
OS 93.31295282 9.60935848
OS 93.32086492 9.61245982
OS 93.3344717 9.6217613
OS 93.35377316 9.63726292
OS 93.44584054 9.7209737
OS 93.57492842 9.8474784
OS 93.39999862 9.87050858
OS 93.25399942 9.87050858
OS 93.25399942 10.10299986
OE
OB 97.60000038 9.87050858 H
OS 97.27482196 9.87050858
OS 97.27685904 9.85827848
OS 97.29463904 9.79223848
OS 97.31749904 9.73635848
OS 97.34543904 9.69063848
OS 97.37845904 9.65507848
OS 97.41655904 9.62967848
OS 97.45973904 9.61443848
OS 97.50799904 9.60935848
OS 97.12700158 9.60935848
OS 97.12700158 9.23700464
OS 98.34378604 9.23700464
OS 98.33459378 9.30683686
OS 98.2586173 9.49025534
OS 98.13775902 9.64776074
OS 97.98025362 9.76861902
OS 97.79683514 9.8445955
OS 97.60000038 9.87050858
OE
OB 96.72517612 9.87050858 H
OS 96.3999977 9.87050858
OS 96.20316294 9.8445955
OS 96.01974446 9.76861902
OS 95.86223906 9.64776074
OS 95.74138078 9.49025534
OS 95.6654043 9.30683686
OS 95.65621204 9.23700464
OS 96.87300158 9.23700464
OS 96.87300158 9.60935848
OS 96.49199904 9.60935848
OS 96.54025904 9.61443848
OS 96.58343904 9.62967848
OS 96.62153904 9.65507848
OS 96.65455904 9.69063848
OS 96.68249904 9.73635848
OS 96.70535904 9.79223848
OS 96.72313904 9.85827848
OS 96.72517612 9.87050858
OE
OB 56.65900022 9.98899704 H
OS 55.89700022 9.98899704
OS 55.89700022 8.97199882
OS 56.65900022 8.97199882
OS 56.65900022 9.98899704
OE
OB 55.64300022 9.98899704 H
OS 54.88100022 9.98899704
OS 54.88100022 8.97199882
OS 55.64300022 8.97199882
OS 55.64300022 9.98899704
OE
OB 98.34378858 8.98300464 H
OS 97.12700158 8.98300464
OS 97.12700158 8.34949562
OS 97.60000038 8.34949562
OS 97.79683514 8.3754087
OS 97.98025362 8.45138518
OS 98.13775902 8.57224346
OS 98.2586173 8.72974886
OS 98.33459378 8.91316734
OS 98.34378858 8.98300464
OE
OB 96.87300158 8.98300464 H
OS 95.6562095 8.98300464
OS 95.6654043 8.91316734
OS 95.74138078 8.72974886
OS 95.86223906 8.57224346
OS 96.01974446 8.45138518
OS 96.20316294 8.3754087
OS 96.3999977 8.34949562
OS 96.87300158 8.34949562
OS 96.87300158 8.98300464
OE
OB 94.14378682 8.98300718 H
OS 93.12699942 8.98300718
OS 93.12699942 8.34949562
OS 93.39999862 8.34949562
OS 93.59683338 8.3754087
OS 93.78025186 8.45138518
OS 93.93775726 8.57224346
OS 94.05861554 8.72974886
OS 94.13459202 8.91316734
OS 94.14378682 8.98300718
OE
OB 92.87299942 8.98300718 H
OS 91.85621202 8.98300718
OS 91.86540682 8.91316734
OS 91.9413833 8.72974886
OS 92.06224158 8.57224346
OS 92.21974698 8.45138518
OS 92.40316546 8.3754087
OS 92.60000022 8.34949562
OS 92.87299942 8.34949562
OS 92.87299942 8.98300718
OE
OB 81.11899956 9.98899704 H
OS 79.34099956 9.98899704
OS 79.34099956 7.7010006
OS 81.11899956 7.7010006
OS 81.11899956 9.98899704
OE
OB 56.65900022 8.71799882 H
OS 55.89700022 8.71799882
OS 55.89700022 7.9580486
OS 56.02400022 7.9580486
OS 55.99987022 7.9555086
OS 55.97828022 7.9478886
OS 55.95923022 7.9351886
OS 55.94272022 7.9174086
OS 55.92875022 7.8945486
OS 55.91732022 7.8666086
OS 55.90843022 7.8335886
OS 55.90208022 7.7954886
OS 55.89827022 7.7523086
OS 55.89700022 7.7040486
OS 55.89700022 7.7010006
OS 56.65900022 7.7010006
OS 56.65900022 8.71799882
OE
OB 55.64300022 8.71799882 H
OS 54.88100022 8.71799882
OS 54.88100022 7.7010006
OS 55.64273352 7.7010006
OS 55.64291386 7.70730234
OS 55.64173022 7.7523086
OS 55.63792022 7.7954886
OS 55.63157022 7.8335886
OS 55.62268022 7.8666086
OS 55.61125022 7.8945486
OS 55.59728022 7.9174086
OS 55.58077022 7.9351886
OS 55.56172022 7.9478886
OS 55.54013022 7.9555086
OS 55.51600022 7.9580486
OS 55.64300022 7.9580486
OS 55.64300022 8.71799882
OE
OB 54.11900022 9.98899704 H
OS 52.34100022 9.98899704
OS 52.34100022 7.7010006
OS 54.11900022 7.7010006
OS 54.11900022 9.98899704
OE
OB 86.40400042 7.4039984 H
OS 84.99600222 7.4039984
OS 84.99600222 6.096
OS 86.40400042 6.096
OS 86.40400042 6.26951248
OS 86.48660122 6.31889262
OS 86.50400022 6.3225553
OS 86.53665446 6.3007367
OS 86.54156428 6.29976134
OS 86.54583656 6.29713498
OS 86.59096982 6.28993408
OS 86.63576018 6.28102376
OS 86.64067508 6.28200166
OS 86.645623 6.28121172
OS 86.66437836 6.28568974
OS 86.75054532 6.2500002
OS 86.9494578 6.2500002
OS 87.13322934 6.32611892
OS 87.27388184 6.46677142
OS 87.35000056 6.65054296
OS 87.35000056 6.84945544
OS 87.27388184 7.03322698
OS 87.13322934 7.17387948
OS 86.9494578 7.2499982
OS 86.75054532 7.2499982
OS 86.66437836 7.21430612
OS 86.645623 7.21878668
OS 86.64067508 7.21799674
OS 86.63576018 7.21897464
OS 86.59093426 7.21005924
OS 86.54583656 7.20286088
OS 86.54156936 7.2002396
OS 86.53665446 7.1992617
OS 86.50400022 7.1774431
OS 86.48653264 7.18112356
OS 86.40400042 7.23048592
OS 86.40400042 7.4039984
OE
OB 86.15400092 5.45399976 H
OS 85.62700172 5.45399976
OS 85.62700172 4.87700066
OS 85.89695292 4.87700066
OS 85.89695292 5.00400066
OS 85.89949292 4.97987066
OS 85.90711292 4.95828066
OS 85.91981292 4.93923066
OS 85.93759292 4.92272066
OS 85.96045292 4.90875066
OS 85.98839292 4.89732066
OS 86.02141292 4.88843066
OS 86.05951292 4.88208066
OS 86.10269292 4.87827066
OS 86.15095292 4.87700066
OS 86.15400092 4.87700066
OS 86.15400092 5.45399976
OE
OB 85.37300172 5.45399976 H
OS 84.84600252 5.45399976
OS 84.84600252 4.87700066
OS 85.37300172 4.87700066
OS 85.37300172 5.45399976
OE
OB 49.05547212 4.77899984 H
OS 49.0470063 4.77899984
OS 49.0470063 4.56168506
OS 49.23121218 4.60151734
OS 49.31436416 4.62639918
OS 49.40130074 4.66030818
OS 49.31718102 4.70887552
OS 49.05547212 4.77899984
OE
OB 86.15400092 4.62300066 H
OS 86.15095292 4.62300066
OS 86.10269292 4.62173066
OS 86.05951292 4.61792066
OS 86.02141292 4.61157066
OS 85.98839292 4.60268066
OS 85.96045292 4.59125066
OS 85.93759292 4.57728066
OS 85.91981292 4.56077066
OS 85.90711292 4.54172066
OS 85.89949292 4.52013066
OS 85.89695292 4.49600066
OS 85.89695292 4.62300066
OS 85.62700172 4.62300066
OS 85.62700172 4.04600156
OS 86.15400092 4.04600156
OS 86.15400092 4.62300066
OE
OB 85.37300172 4.62300066 H
OS 84.84600252 4.62300066
OS 84.84600252 4.04600156
OS 85.37300172 4.04600156
OS 85.37300172 4.62300066
OE
OB 49.69271748 4.43250828 H
OS 49.68345664 4.40354212
OS 49.66876528 4.33242974
OS 49.66001244 4.2547159
OS 49.65719812 4.17040314
OS 49.66032232 4.07948892
OS 49.6693825 3.98197324
OS 49.6843812 3.87785864
OS 49.0470063 4.34224938
OS 49.0470063 3.87700012
OS 49.94900094 3.87700012
OS 49.94900094 3.88547102
OS 49.87887662 4.14717992
OS 49.74340572 4.38182004
OS 49.69271748 4.43250828
OE
OB 48.7930063 4.77899984 H
OS 48.78453032 4.77899984
OS 48.52282142 4.70887552
OS 48.2881813 4.57340462
OS 48.09659672 4.38182004
OS 47.96112582 4.14717992
OS 47.8910015 3.88547102
OS 47.8910015 3.87700012
OS 48.7930063 3.87700012
OS 48.7930063 4.77899984
OE
OB 49.94900094 3.62300012 H
OS 49.0470063 3.62300012
OS 49.0470063 2.7210004
OS 49.05547212 2.7210004
OS 49.31718102 2.79112472
OS 49.55182114 2.92659562
OS 49.74340572 3.1181802
OS 49.87887662 3.35282032
OS 49.94900094 3.61452922
OS 49.94900094 3.62300012
OE
OB 48.7930063 3.62300012 H
OS 47.8910015 3.62300012
OS 47.8910015 3.61452922
OS 47.96112582 3.35282032
OS 48.09659672 3.1181802
OS 48.2881813 2.92659562
OS 48.52282142 2.79112472
OS 48.78453032 2.7210004
OS 48.7930063 2.7210004
OS 48.7930063 3.62300012
OE
OB 95.256096 8.25399924 H
OS 94.743905 8.25399924
OS 94.23802082 8.17387494
OS 93.75089962 8.01559738
OS 93.29453274 7.783068
OS 92.88016222 7.48201196
OS 92.5179887 7.11983844
OS 92.21693266 6.70546792
OS 91.98440328 6.24910104
OS 91.82612572 5.76197984
OS 91.74600142 5.25609566
OS 91.74600142 4.74390466
OS 91.82612572 4.23802048
OS 91.98440328 3.75089928
OS 92.21693266 3.2945324
OS 92.5179887 2.88016188
OS 92.88016222 2.51798836
OS 93.29453274 2.21693232
OS 93.75089962 1.98440294
OS 94.23802082 1.82612538
OS 94.743905 1.74600108
OS 95.256096 1.74600108
OS 95.76198018 1.82612538
OS 96.24910138 1.98440294
OS 96.70546826 2.21693232
OS 97.11983878 2.51798836
OS 97.4820123 2.88016188
OS 97.78306834 3.2945324
OS 98.01559772 3.75089928
OS 98.17387528 4.23802048
OS 98.25399958 4.74390466
OS 98.25399958 5.25609566
OS 98.17387528 5.76197984
OS 98.01559772 6.24910104
OS 97.78306834 6.70546792
OS 97.4820123 7.11983844
OS 97.11983878 7.48201196
OS 96.70546826 7.783068
OS 96.24910138 8.01559738
OS 95.76198018 8.17387494
OS 95.256096 8.25399924
OE
OB 5.25609566 8.25399924 H
OS 4.74390466 8.25399924
OS 4.23802048 8.17387494
OS 3.75089928 8.01559738
OS 3.2945324 7.783068
OS 2.88016188 7.48201196
OS 2.51798836 7.11983844
OS 2.21693232 6.70546792
OS 1.98440294 6.24910104
OS 1.82612538 5.76197984
OS 1.74600108 5.25609566
OS 1.74600108 4.74390466
OS 1.82612538 4.23802048
OS 1.98440294 3.75089928
OS 2.21693232 3.2945324
OS 2.51798836 2.88016188
OS 2.88016188 2.51798836
OS 3.2945324 2.21693232
OS 3.75089928 1.98440294
OS 4.23802048 1.82612538
OS 4.74390466 1.74600108
OS 5.25609566 1.74600108
OS 5.76197984 1.82612538
OS 6.24910104 1.98440294
OS 6.70546792 2.21693232
OS 7.11983844 2.51798836
OS 7.48201196 2.88016188
OS 7.783068 3.2945324
OS 8.01559738 3.75089928
OS 8.17387494 4.23802048
OS 8.25399924 4.74390466
OS 8.25399924 5.25609566
OS 8.17387494 5.76197984
OS 8.01559738 6.24910104
OS 7.783068 6.70546792
OS 7.48201196 7.11983844
OS 7.11983844 7.48201196
OS 6.70546792 7.783068
OS 6.24910104 8.01559738
OS 5.76197984 8.17387494
OS 5.25609566 8.25399924
OE
OB 82.65399776 1.85399934 H
OS 81.8770016 1.85399934
OS 81.8770016 1.37700258
OS 82.39694976 1.37700258
OS 82.39694976 1.59695134
OS 82.40202976 1.57929072
OS 82.41726976 1.56348938
OS 82.44266976 1.54954732
OS 82.47822976 1.537462
OS 82.52394976 1.5272385
OS 82.57982976 1.51887174
OS 82.65399776 1.51305514
OS 82.65399776 1.85399934
OE
OB 81.6230016 1.85399934 H
OS 80.84600036 1.85399934
OS 80.84600036 1.54080464
OS 81.02176836 1.553464
OS 81.05732836 1.56229558
OS 81.08272836 1.5724886
OS 81.09796836 1.58404052
OS 81.10304836 1.59695134
OS 81.10304836 1.37700258
OS 81.6230016 1.37700258
OS 81.6230016 1.85399934
OE
OB 81.6230016 1.12300258 H
OS 81.10304836 1.12300258
OS 81.10304836 0.90304874
OS 81.09796836 0.92545916
OS 81.08272836 0.94551246
OS 81.05732836 0.96320356
OS 81.02176836 0.97853754
OS 80.97604836 0.9915144
OS 80.92016836 1.00212906
OS 80.85412836 1.0103866
OS 80.84600036 1.01085904
OS 80.84600036 0.64600074
OS 81.6230016 0.64600074
OS 81.6230016 1.12300258
OE
OB 79.84695232 1.17299994 H
OS 79.62699594 1.17299994
OS 79.62699594 0.69600064
OS 80.10400032 0.69600064
OS 80.10400032 1.00919788
OS 79.92823232 0.99653852
OS 79.89267232 0.9877044
OS 79.86727232 0.97751138
OS 79.85203232 0.96595946
OS 79.84695232 0.95304864
OS 79.84695232 1.17299994
OE
OB 79.37299594 1.17299994 H
OS 78.89600172 1.17299994
OS 78.89600172 0.69600064
OS 79.37299594 0.69600064
OS 79.37299594 1.17299994
OE
OB 82.39694976 1.12300258 H
OS 81.8770016 1.12300258
OS 81.8770016 0.64600074
OS 82.65399776 0.64600074
OS 82.65399776 0.98295968
OS 82.52394976 0.97276158
OS 82.47822976 0.96253808
OS 82.44266976 0.95045276
OS 82.41726976 0.9365107
OS 82.40202976 0.92070936
OS 82.39694976 0.90304874
OS 82.39694976 1.12300258
OE
OB 23.90587802 37.96333022 I
OS 23.92900726 37.96217452
OS 23.93990894 37.96053876
OS 23.95223302 37.95745774
OS 23.9663986 37.95249966
OS 23.98268508 37.94517176
OS 24.00118136 37.93499906
OS 24.02181378 37.9215904
OS 24.0444528 37.9046105
OS 24.05490998 37.8957205
OS 25.68027122 36.27035926
OS 25.68318206 36.2664121
OS 25.68730194 36.25992494
OS 25.68972764 36.25537072
OS 25.69085032 36.25276976
OS 25.69086302 36.25272912
OS 25.69122878 36.24313554
OS 25.70183836 36.19871094
OS 25.71075376 36.15389518
OS 25.71354014 36.14972704
OS 25.71470346 36.14485278
OS 25.741503 36.10787546
OS 25.76689284 36.06987706
OS 25.77106098 36.06709068
OS 25.7740023 36.0630343
OS 25.79042848 36.05294034
OS 25.82612056 35.96677338
OS 25.96677306 35.82612088
OS 26.05293748 35.79043134
OS 26.06303144 35.77400262
OS 26.0670929 35.77105876
OS 26.06987674 35.76689316
OS 26.10784212 35.74152364
OS 26.14484992 35.71470378
OS 26.14972672 35.71353792
OS 26.15389486 35.71075408
OS 26.19869538 35.70184376
OS 26.24313268 35.6912291
OS 26.2527288 35.69086334
OS 26.25275674 35.69085318
OS 26.2553831 35.68972034
OS 26.25992462 35.68729972
OS 26.26640924 35.68318492
OS 26.27035894 35.68027154
OS 28.25385764 33.69677284
OS 28.25385764 31.42617286
OS 28.16146768 31.38790522
OS 26.81973046 32.72964244
OS 26.81681962 32.7335896
OS 26.81269974 32.74007676
OS 26.81027404 32.74463098
OS 26.80915136 32.74723194
OS 26.80913866 32.74727258
OS 26.8087729 32.75686616
OS 26.79816332 32.80129076
OS 26.78924792 32.84610652
OS 26.78646154 32.85027466
OS 26.78529822 32.85514892
OS 26.75849868 32.89212624
OS 26.73310884 32.93012464
OS 26.7289407 32.93291102
OS 26.72599938 32.9369674
OS 26.7095732 32.94706136
OS 26.67388112 33.03322832
OS 26.53322862 33.17388082
OS 26.4470642 33.20957036
OS 26.43697024 33.22599908
OS 26.43290878 33.22894294
OS 26.43012494 33.23310854
OS 26.39215956 33.25847806
OS 26.35515176 33.28529792
OS 26.35027496 33.28646378
OS 26.34610682 33.28924762
OS 26.3013063 33.29815794
OS 26.256869 33.3087726
OS 26.24727288 33.30913836
OS 26.24724494 33.30914852
OS 26.24461858 33.31028136
OS 26.24007706 33.31270198
OS 26.23359244 33.31681678
OS 26.22964274 33.31973016
OS 24.17682744 35.37254546
OS 24.21509508 35.46493542
OS 24.44462218 35.46493542
OS 24.44462218 37.0350669
OS 22.88585212 37.0350669
OS 22.87292098 37.03506944
OS 22.78584978 37.03506944
OS 22.77291864 37.0350669
OS 21.21414858 37.0350669
OS 21.21414858 36.63846622
OS 19.07925826 36.63846622
OS 19.03783594 36.73846602
OS 20.25684036 37.95747044
OS 21.59593344 37.95747044
OS 21.63346194 37.9649355
OS 22.77291864 37.9649355
OS 22.78584978 37.96493296
OS 22.87292098 37.96493296
OS 22.88585212 37.9649355
OS 23.89949246 37.9649355
OS 23.90587802 37.96333022
OE
OB 21.21414858 42.96493566 I
OS 22.77291864 42.96493566
OS 22.78584978 42.96493312
OS 22.87292098 42.96493312
OS 22.88585212 42.96493566
OS 23.80904814 42.96493566
OS 23.8154337 42.96333038
OS 23.83856294 42.96217468
OS 23.84946462 42.96053892
OS 23.8617887 42.9574579
OS 23.87595428 42.95249982
OS 23.89224076 42.94517192
OS 23.91073704 42.93499922
OS 23.93136946 42.92159056
OS 23.95400848 42.90461066
OS 23.96446566 42.89572066
OS 25.67867102 41.1815153
OS 25.68206192 41.17699156
OS 25.68696412 41.16947316
OS 25.69015182 41.16372006
OS 25.69196538 41.15975766
OS 25.69282136 41.15740308
OS 25.69305504 41.15652932
OS 25.69397452 41.14524664
OS 25.70658308 41.10102016
OS 25.71758382 41.0564203
OS 25.7203829 41.05261792
OS 25.7216783 41.04807132
OS 25.75024822 41.01203888
OS 25.7774821 40.97504124
OS 25.78152578 40.97259776
OS 25.78446202 40.96889444
OS 25.80060118 40.95991554
OS 25.82802556 40.8937079
OS 25.96867806 40.7530554
OS 26.05484248 40.71736586
OS 26.06493644 40.70093714
OS 26.0689979 40.69799328
OS 26.07178174 40.69382768
OS 26.10974712 40.66845816
OS 26.14675492 40.6416383
OS 26.15163172 40.64047244
OS 26.15579986 40.6376886
OS 26.20060038 40.62877828
OS 26.24503768 40.61816362
OS 26.2546338 40.61779786
OS 26.25466174 40.6177877
OS 26.2572881 40.61665486
OS 26.26182962 40.61423424
OS 26.26831424 40.61011944
OS 26.27226394 40.60720606
OS 27.76236256 39.11710744
OS 27.88838974 39.03289882
OS 27.925014 39.0256141
OS 29.45781256 37.49281554
OS 29.45781256 36.22221864
OS 29.3654226 36.183951
OS 26.81973046 38.72964314
OS 26.81681962 38.7335903
OS 26.81269974 38.74007746
OS 26.81027404 38.74463168
OS 26.80915136 38.74723264
OS 26.80913866 38.74727328
OS 26.8087729 38.75686686
OS 26.79816332 38.80129146
OS 26.78924792 38.84610722
OS 26.78646154 38.85027536
OS 26.78529822 38.85514962
OS 26.75849868 38.89212694
OS 26.73310884 38.93012534
OS 26.7289407 38.93291172
OS 26.72599938 38.9369681
OS 26.7095732 38.94706206
OS 26.67388112 39.03322902
OS 26.53322862 39.17388152
OS 26.4470642 39.20957106
OS 26.43697024 39.22599978
OS 26.43290878 39.22894364
OS 26.43012494 39.23310924
OS 26.39215956 39.25847876
OS 26.35515176 39.28529862
OS 26.35027496 39.28646448
OS 26.34610682 39.28924832
OS 26.3013063 39.29815864
OS 26.256869 39.3087733
OS 26.24727288 39.30913906
OS 26.24724494 39.30914922
OS 26.24461858 39.31028206
OS 26.24007706 39.31270268
OS 26.23359244 39.31681748
OS 26.22964274 39.31973086
OS 24.58559726 40.96377634
OS 24.52247826 41.03741602
OS 24.49776406 41.07100244
OS 24.4773196 41.10260004
OS 24.46271714 41.12909986
OS 24.45347408 41.1497907
OS 24.44877 41.1639004
OS 24.44729172 41.17095906
OS 24.44585916 41.19054246
OS 24.44462218 41.19502302
OS 24.44462218 42.03506706
OS 22.88585212 42.03506706
OS 22.87292098 42.0350696
OS 22.78584978 42.0350696
OS 22.77291864 42.03506706
OS 21.63346194 42.03506706
OS 21.59593344 42.04253212
OS 21.50684294 42.04253212
OS 20.28783852 43.261534
OS 20.32926084 43.3615338
OS 21.21414858 43.3615338
OS 21.21414858 42.96493566
OE
OB 21.21414858 35.46493542 I
OS 22.77291864 35.46493542
OS 22.78584978 35.46493288
OS 22.87292098 35.46493288
OS 22.88585212 35.46493542
OS 23.27030652 35.46493542
OS 23.27030652 35.3412298
OS 23.2998772 35.19257122
OS 23.38408582 35.06654404
OS 23.82317308 34.62745678
OS 23.78490544 34.53506682
OS 22.88585212 34.53506682
OS 22.87292098 34.53506936
OS 22.78584978 34.53506936
OS 22.77291864 34.53506682
OS 21.84972262 34.53506682
OS 21.84333706 34.5366721
OS 21.82020782 34.5378278
OS 21.80930614 34.53946356
OS 21.79698206 34.54254458
OS 21.78281648 34.54750266
OS 21.76653 34.55483056
OS 21.74803372 34.56500326
OS 21.7274013 34.57841192
OS 21.70476228 34.59539182
OS 21.6943051 34.60428182
OS 21.02390004 35.27468688
OS 20.89787286 35.3588955
OS 20.74921428 35.38846618
OS 20.05400104 35.38846618
OS 20.05400104 35.8615361
OS 21.21414858 35.8615361
OS 21.21414858 35.46493542
OE
OB 21.21414604 45.46493574 I
OS 22.7729161 45.46493574
OS 22.78584724 45.4649332
OS 22.87291844 45.4649332
OS 22.88584958 45.46493574
OS 24.44461964 45.46493574
OS 24.44461964 45.86153388
OS 31.7903225 45.86153388
OS 31.81411214 45.85641324
OS 31.8480821 45.84478512
OS 31.88982446 45.8256513
OS 31.93852642 45.79814818
OS 31.993332 45.76184142
OS 32.05125162 45.71824486
OS 32.14910766 45.63255034
OS 32.12860732 45.60186714
OS 32.09903664 45.45320856
OS 32.09903664 37.45399926
OS 31.77100072 37.45399926
OS 31.77100072 36.04600106
OS 32.09903664 36.04600106
OS 32.09903664 35.72900144
OS 31.97100032 35.72900144
OS 31.97100032 34.2710008
OS 32.76047296 34.2710008
OS 32.79800146 34.26353574
OS 32.96606564 34.26353574
OS 33.50428656 33.72531482
OS 33.63031374 33.6411062
OS 33.77897232 33.61153552
OS 34.08909616 33.61153552
OS 35.69829538 32.0023363
OS 35.66002774 31.90994634
OS 35.64949944 31.90994634
OS 35.53107956 31.88639038
OS 35.4306886 31.81931152
OS 35.36360974 31.71892056
OS 35.34005378 31.60050068
OS 35.34005378 30.04950048
OS 35.36360974 29.9310806
OS 35.4306886 29.83068964
OS 35.53107956 29.76361078
OS 35.64949944 29.74005482
OS 35.8504998 29.74005482
OS 35.96891968 29.76361078
OS 35.99999912 29.78437782
OS 36.0310811 29.76361078
OS 36.14950098 29.74005482
OS 36.21823846 29.74005482
OS 36.27379842 29.65690792
OS 36.25000116 29.59945566
OS 36.25000116 29.40054318
OS 36.32611988 29.21677164
OS 36.46677238 29.07611914
OS 36.65054392 29.00000042
OS 36.8494564 29.00000042
OS 37.03322794 29.07611914
OS 37.17388044 29.21677164
OS 37.24999916 29.40054318
OS 37.24999916 29.59945566
OS 37.2262019 29.65690792
OS 37.28176186 29.74005482
OS 37.35049934 29.74005482
OS 37.4587135 29.76158132
OS 37.49831464 29.70231296
OS 37.7500007 29.4506269
OS 37.7500007 29.30054592
OS 37.82611942 29.11677438
OS 37.96677192 28.97612188
OS 38.15054346 28.90000316
OS 38.34945594 28.90000316
OS 38.53322748 28.97612188
OS 38.67387998 29.11677438
OS 38.7499987 29.30054592
OS 38.7499987 29.4994584
OS 38.69176412 29.64005248
OS 38.74584072 29.7367071
OS 38.75034414 29.74005482
OS 38.85049888 29.74005482
OS 38.96891876 29.76361078
OS 38.9999982 29.78437782
OS 39.03108018 29.76361078
OS 39.14950006 29.74005482
OS 39.35050042 29.74005482
OS 39.4689203 29.76361078
OS 39.49999974 29.78437782
OS 39.53107918 29.76361078
OS 39.64949906 29.74005482
OS 39.85049942 29.74005482
OS 39.9689193 29.76361078
OS 40.00000128 29.78437782
OS 40.03108072 29.76361078
OS 40.1495006 29.74005482
OS 40.35050096 29.74005482
OS 40.46892084 29.76361078
OS 40.50000028 29.78437782
OS 40.53107972 29.76361078
OS 40.6494996 29.74005482
OS 40.85049996 29.74005482
OS 40.96891984 29.76361078
OS 40.99999928 29.78437782
OS 41.03107872 29.76361078
OS 41.1494986 29.74005482
OS 41.35049896 29.74005482
OS 41.46891884 29.76361078
OS 41.49999828 29.78437782
OS 41.53108026 29.76361078
OS 41.64950014 29.74005482
OS 41.8505005 29.74005482
OS 41.96892038 29.76361078
OS 41.99999982 29.78437782
OS 42.03107926 29.76361078
OS 42.12299932 29.74532532
OS 42.12299932 29.91094856
OS 42.13643846 29.93106028
OS 42.15999696 30.04950048
OS 42.15999696 30.82500058
OS 42.34000422 30.82500058
OS 42.34000422 30.04950048
OS 42.36356272 29.93106028
OS 42.37699932 29.9109511
OS 42.37699932 29.74532532
OS 42.46891938 29.76361078
OS 42.48770522 29.77616346
OS 42.4983148 29.76028592
OS 42.76028532 29.4983154
OS 42.8863125 29.41410678
OS 43.03497108 29.3845361
OS 44.8205733 29.3845361
OS 44.82389054 29.38399508
OS 44.82862764 29.38284446
OS 44.83092888 29.38037812
OS 44.867576 29.35400784
OS 44.90312838 29.32608562
OS 44.90845984 29.3245921
OS 44.91295056 29.32136122
OS 44.95692558 29.31101834
OS 45.00043324 29.29883142
OS 45.00592726 29.29949182
OS 45.0113146 29.29822436
OS 45.02767474 29.3008939
OS 45.126529 29.25994656
OS 45.10663826 29.15994676
OS 44.54949942 29.15994676
OS 44.43107954 29.1363908
OS 44.33068858 29.06931194
OS 44.26360972 28.96892098
OS 44.24005376 28.8505011
OS 44.24005376 28.64950074
OS 44.26360972 28.53108086
OS 44.28437676 28.49999888
OS 44.26360972 28.46891944
OS 44.24005376 28.35049956
OS 44.24005376 28.1888057
OS 44.14005396 28.1593163
OS 43.81972948 28.47964078
OS 43.81681864 28.48358794
OS 43.81269876 28.4900751
OS 43.81027306 28.49462932
OS 43.80915038 28.49723028
OS 43.80913768 28.49727092
OS 43.80877192 28.5068645
OS 43.79816234 28.5512891
OS 43.78924694 28.59610486
OS 43.78646056 28.600273
OS 43.78529724 28.60514726
OS 43.7584977 28.64212458
OS 43.73310786 28.68012298
OS 43.72893972 28.68290936
OS 43.7259984 28.68696574
OS 43.70957222 28.6970597
OS 43.67388014 28.78322666
OS 43.53322764 28.92387916
OS 43.3494561 28.99999788
OS 43.15054362 28.99999788
OS 42.96677208 28.92387916
OS 42.82611958 28.78322666
OS 42.75000086 28.59945512
OS 42.75000086 28.40054264
OS 42.82611958 28.2167711
OS 42.96677208 28.0761186
OS 43.0529365 28.04042906
OS 43.06303046 28.02400034
OS 43.06709192 28.02105648
OS 43.06987576 28.01689088
OS 43.10784114 27.99152136
OS 43.14484894 27.9647015
OS 43.14972574 27.96353564
OS 43.15389388 27.9607518
OS 43.1986944 27.95184148
OS 43.2431317 27.94122682
OS 43.25272782 27.94086106
OS 43.25275576 27.9408509
OS 43.25538212 27.93971806
OS 43.25992364 27.93729744
OS 43.26640826 27.93318264
OS 43.27035796 27.93026926
OS 43.35145762 27.8491696
OS 43.30920726 27.74999784
OS 43.15054362 27.74999784
OS 42.96677208 27.67387912
OS 42.82611958 27.53322662
OS 42.75000086 27.34945508
OS 42.75000086 27.1505426
OS 42.82611958 26.96677106
OS 42.96677208 26.82611856
OS 43.15054362 26.74999984
OS 43.30920726 26.74999984
OS 43.35145762 26.65082808
OS 43.27035796 26.56972842
OS 43.2664108 26.56681758
OS 43.25992364 26.5626977
OS 43.25536942 26.560272
OS 43.25276846 26.55914932
OS 43.25272782 26.55913662
OS 43.24313424 26.55877086
OS 43.19870964 26.54816128
OS 43.15389388 26.53924588
OS 43.14972574 26.5364595
OS 43.14485148 26.53529618
OS 43.10787416 26.50849664
OS 43.06987576 26.4831068
OS 43.06708938 26.47893866
OS 43.063033 26.47599734
OS 43.05293904 26.45957116
OS 42.96677208 26.42387908
OS 42.82611958 26.28322658
OS 42.75000086 26.09945504
OS 42.75000086 25.90054256
OS 42.82611958 25.71677102
OS 42.96677208 25.57611852
OS 43.15054362 25.4999998
OS 43.3494561 25.4999998
OS 43.53322764 25.57611852
OS 43.67388014 25.71677102
OS 43.70956968 25.80293544
OS 43.7259984 25.8130294
OS 43.72894226 25.81709086
OS 43.73310786 25.8198747
OS 43.75847738 25.85784008
OS 43.78529724 25.89484788
OS 43.7864631 25.89972468
OS 43.78924694 25.90389282
OS 43.79815726 25.94869334
OS 43.80877192 25.99313064
OS 43.80913768 26.00272676
OS 43.80914784 26.0027547
OS 43.81028068 26.00538106
OS 43.8127013 26.00992258
OS 43.8168161 26.0164072
OS 43.81972948 26.0203569
OS 44.14005396 26.34068138
OS 44.24005376 26.31118944
OS 44.24005376 26.14950066
OS 44.26158026 26.0412865
OS 44.20231698 26.0016879
OS 43.27035796 25.06972888
OS 43.2664108 25.06681804
OS 43.25992364 25.06269816
OS 43.25536942 25.06027246
OS 43.25276846 25.05914978
OS 43.25272782 25.05913708
OS 43.24313424 25.05877132
OS 43.19870964 25.04816174
OS 43.15389388 25.03924634
OS 43.14972574 25.03645996
OS 43.14485148 25.03529664
OS 43.10787416 25.0084971
OS 43.06987576 24.98310726
OS 43.06708938 24.97893912
OS 43.063033 24.9759978
OS 43.05293904 24.95957162
OS 42.96677208 24.92387954
OS 42.82611958 24.78322704
OS 42.75000086 24.5994555
OS 42.75000086 24.40054302
OS 42.82611958 24.21677148
OS 42.96677208 24.07611898
OS 43.15054362 24.00000026
OS 43.3494561 24.00000026
OS 43.53322764 24.07611898
OS 43.67388014 24.21677148
OS 43.70956968 24.3029359
OS 43.7259984 24.31302986
OS 43.72894226 24.31709132
OS 43.73310786 24.31987516
OS 43.75847738 24.35784054
OS 43.78529724 24.39484834
OS 43.7864631 24.39972514
OS 43.78924694 24.40389328
OS 43.79815726 24.4486938
OS 43.80877192 24.4931311
OS 43.80913768 24.50272722
OS 43.80914784 24.50275516
OS 43.81028068 24.50538152
OS 43.8127013 24.50992304
OS 43.8168161 24.51640766
OS 43.81972948 24.52035736
OS 44.14005396 24.84068184
OS 44.24005376 24.79925952
OS 44.24005376 24.64950112
OS 44.26360972 24.53108124
OS 44.28437676 24.5000018
OS 44.26360972 24.46891982
OS 44.24005376 24.35049994
OS 44.24005376 24.14949958
OS 44.24254296 24.13698246
OS 44.10134182 24.10889514
OS 43.97531464 24.02468652
OS 43.59833038 23.64770226
OS 43.51412176 23.52167508
OS 43.48455108 23.3730165
OS 43.48455108 20.33524254
OS 43.38454874 20.2531726
OS 43.35050004 20.25994678
OS 43.14949968 20.25994678
OS 43.0310798 20.23639082
OS 43.00000036 20.21562378
OS 42.96892092 20.23639082
OS 42.87700086 20.25467628
OS 42.87700086 20.08905304
OS 42.86356172 20.06894132
OS 42.84000322 19.95050112
OS 42.84000322 19.17500102
OS 42.65999596 19.17500102
OS 42.65999596 19.95050112
OS 42.63643746 20.06894132
OS 42.62300086 20.0890505
OS 42.62300086 20.25467628
OS 42.5310808 20.23639082
OS 42.50000136 20.21562378
OS 42.46891938 20.23639082
OS 42.3504995 20.25994678
OS 42.14949914 20.25994678
OS 42.03107926 20.23639082
OS 41.99999982 20.21562378
OS 41.96892038 20.23639082
OS 41.8505005 20.25994678
OS 41.64950014 20.25994678
OS 41.53108026 20.23639082
OS 41.49999828 20.21562378
OS 41.46891884 20.23639082
OS 41.35049896 20.25994678
OS 41.1494986 20.25994678
OS 41.03107872 20.23639082
OS 40.99999928 20.21562378
OS 40.96891984 20.23639082
OS 40.85049996 20.25994678
OS 40.6494996 20.25994678
OS 40.53107972 20.23639082
OS 40.50000028 20.21562378
OS 40.46892084 20.23639082
OS 40.35050096 20.25994678
OS 40.1495006 20.25994678
OS 40.03108072 20.23639082
OS 40.00000128 20.21562378
OS 39.9689193 20.23639082
OS 39.85049942 20.25994678
OS 39.64949906 20.25994678
OS 39.53107918 20.23639082
OS 39.49999974 20.21562378
OS 39.4689203 20.23639082
OS 39.35050042 20.25994678
OS 39.1495026 20.25994678
OS 39.13846376 20.26900442
OS 39.13846376 20.4999971
OS 39.10889308 20.64865568
OS 39.02468446 20.77468286
OS 38.13046476 21.66890256
OS 38.00443758 21.75311118
OS 37.855779 21.78268186
OS 37.46294768 21.78268186
OS 37.45814708 21.78340576
OS 37.45060582 21.78509232
OS 37.44567314 21.786596
OS 37.44303408 21.78764248
OS 37.44300106 21.78766026
OS 37.43596272 21.79418044
OS 37.3970296 21.81810216
OS 37.35905152 21.8434793
OS 37.3541417 21.84445466
OS 37.34986942 21.84708102
OS 37.30473616 21.85428192
OS 37.2599458 21.86319224
OS 37.2550309 21.86221434
OS 37.25008298 21.86300428
OS 37.23132762 21.85852626
OS 37.14516066 21.8942158
OS 36.94624818 21.8942158
OS 36.76247664 21.81809708
OS 36.62182414 21.67744458
OS 36.54570542 21.49367304
OS 36.54570542 21.29476056
OS 36.62182414 21.11098902
OS 36.76247664 20.97033652
OS 36.94624818 20.8942178
OS 37.14516066 20.8942178
OS 37.23132762 20.92990988
OS 37.25008298 20.92542932
OS 37.2550309 20.92621926
OS 37.2599458 20.92524136
OS 37.30477172 20.93415676
OS 37.34986942 20.94135512
OS 37.35413662 20.9439764
OS 37.35905152 20.9449543
OS 37.39705246 20.97034414
OS 37.43596272 20.99425316
OS 37.44299598 21.0007708
OS 37.44304678 21.0007962
OS 37.44568584 21.00184268
OS 37.45059312 21.00333874
OS 37.45815216 21.00502784
OS 37.46294768 21.00575174
OS 37.69487254 21.00575174
OS 38.3406777 20.35994658
OS 38.31118068 20.25994678
OS 38.14949952 20.25994678
OS 38.03107964 20.23639082
OS 38.0000002 20.21562378
OS 37.96892076 20.23639082
OS 37.85050088 20.25994678
OS 37.64950052 20.25994678
OS 37.53108064 20.23639082
OS 37.5000012 20.21562378
OS 37.46891922 20.23639082
OS 37.35049934 20.25994678
OS 37.14949898 20.25994678
OS 37.0310791 20.23639082
OS 36.99999966 20.21562378
OS 36.96892022 20.23639082
OS 36.85050034 20.25994678
OS 36.64950252 20.25994678
OS 36.63846622 20.26900442
OS 36.63846622 20.60120848
OS 36.60889554 20.74986706
OS 36.52468692 20.87589424
OS 36.37589626 21.0246849
OS 36.24986908 21.10889352
OS 36.1012105 21.1384642
OS 34.76900336 21.1384642
OS 34.75994572 21.14950304
OS 34.75994572 21.35050086
OS 34.73638976 21.46892074
OS 34.71562272 21.50000018
OS 34.73638976 21.53107962
OS 34.75994572 21.6494995
OS 34.75994572 21.85049986
OS 34.73638976 21.96891974
OS 34.71562272 22.00000172
OS 34.73638976 22.03108116
OS 34.75994572 22.14950104
OS 34.75994572 22.3505014
OS 34.73638976 22.46892128
OS 34.71562272 22.50000072
OS 34.73638976 22.53108016
OS 34.75994572 22.64950004
OS 34.75994572 22.8505004
OS 34.73638976 22.96892028
OS 34.71562272 22.99999972
OS 34.73638976 23.0310817
OS 34.75994572 23.14950158
OS 34.75994572 23.35050194
OS 34.73638976 23.46892182
OS 34.71562272 23.50000126
OS 34.73638976 23.5310807
OS 34.75994572 23.64950058
OS 34.75994572 23.85050094
OS 34.73638976 23.96892082
OS 34.71562272 24.00000026
OS 34.73638976 24.0310797
OS 34.75994572 24.14949958
OS 34.75994572 24.35049994
OS 34.73638976 24.46891982
OS 34.71562272 24.5000018
OS 34.73638976 24.53108124
OS 34.75994572 24.64950112
OS 34.75994572 24.85050148
OS 34.73638976 24.96892136
OS 34.71562272 25.0000008
OS 34.73638976 25.03108024
OS 34.75994572 25.14950012
OS 34.75994572 25.35050048
OS 34.73638976 25.46892036
OS 34.71562272 25.4999998
OS 34.73638976 25.53108178
OS 34.75994572 25.64950166
OS 34.75994572 25.85050202
OS 34.73638976 25.9689219
OS 34.71562272 26.00000134
OS 34.73638976 26.03108078
OS 34.75994572 26.14950066
OS 34.75994572 26.35050102
OS 34.73638976 26.4689209
OS 34.71562272 26.50000034
OS 34.73638976 26.53107978
OS 34.75994572 26.64949966
OS 34.75994572 26.85050002
OS 34.73638976 26.9689199
OS 34.71562272 27.00000188
OS 34.73638976 27.03108132
OS 34.75994572 27.1495012
OS 34.75994572 27.35050156
OS 34.73638976 27.46892144
OS 34.71562272 27.50000088
OS 34.73638976 27.53108032
OS 34.75994572 27.6495002
OS 34.75994572 27.85050056
OS 34.73638976 27.96892044
OS 34.71562272 27.99999988
OS 34.73638976 28.03107932
OS 34.75994572 28.1494992
OS 34.75994572 28.35049956
OS 34.73638976 28.46891944
OS 34.71562272 28.49999888
OS 34.73638976 28.53108086
OS 34.75994572 28.64950074
OS 34.75994572 28.8505011
OS 34.73638976 28.96892098
OS 34.6693109 29.06931194
OS 34.56891994 29.1363908
OS 34.45050006 29.15994676
OS 32.89949986 29.15994676
OS 32.8066781 29.1414835
OS 30.23474268 31.71341892
OS 30.23474268 37.653722
OS 30.205172 37.80238058
OS 30.12096338 37.92840776
OS 28.38289218 39.66647896
OS 28.256865 39.75068758
OS 28.22024074 39.7579723
OS 26.82163546 41.15657758
OS 26.81872462 41.16052474
OS 26.81460474 41.1670119
OS 26.81217904 41.17156612
OS 26.81105636 41.17416708
OS 26.81104366 41.17420772
OS 26.8106779 41.1838013
OS 26.80006832 41.2282259
OS 26.79115292 41.27304166
OS 26.78836654 41.2772098
OS 26.78720322 41.28208406
OS 26.76040368 41.31906138
OS 26.73501384 41.35705978
OS 26.7308457 41.35984616
OS 26.72790438 41.36390254
OS 26.7114782 41.3739965
OS 26.67578612 41.46016346
OS 26.53513362 41.60081596
OS 26.42775512 41.64529136
OS 26.41747066 41.66051866
OS 26.41303836 41.66344982
OS 26.40988622 41.66772972
OS 26.37103692 41.69120694
OS 26.3331706 41.71623356
OS 26.32795344 41.71724448
OS 26.3234043 41.71999276
OS 26.2785352 41.7268152
OS 26.23396836 41.73544612
OS 26.22763868 41.7354131
OS 26.22527648 41.73662468
OS 26.2197977 41.74001812
OS 26.2165592 41.74237016
OS 24.51382956 43.4450998
OS 24.50494972 43.45554682
OS 24.48797998 43.47817314
OS 24.47456116 43.49881572
OS 24.464391 43.51730692
OS 24.45705802 43.53360356
OS 24.45209994 43.54776914
OS 24.44901892 43.56009068
OS 24.44738316 43.57099744
OS 24.44622746 43.59412414
OS 24.44462218 43.6005097
OS 24.44462218 44.53506714
OS 22.88585212 44.53506714
OS 22.87292098 44.53506968
OS 22.78584978 44.53506968
OS 22.77291864 44.53506714
OS 21.21414858 44.53506714
OS 21.21414858 44.13846392
OS 20.05400104 44.13846392
OS 20.05400104 44.8539997
OS 19.5130039 44.8539997
OS 19.47473626 44.94638966
OS 20.38988302 45.86153642
OS 21.21414604 45.86153642
OS 21.21414604 45.46493574
OE
OB 21.21414858 27.96493518 I
OS 22.77291864 27.96493518
OS 22.78584978 27.96493264
OS 22.87292098 27.96493264
OS 22.88585212 27.96493518
OS 23.89949246 27.96493518
OS 23.90587802 27.9633299
OS 23.92900726 27.9621742
OS 23.93990894 27.96053844
OS 23.95223302 27.95745742
OS 23.9663986 27.95249934
OS 23.98268508 27.94517144
OS 24.00118136 27.93499874
OS 24.02181378 27.92159008
OS 24.0444528 27.90461018
OS 24.05490998 27.89572018
OS 25.68027122 26.27035894
OS 25.68318206 26.26641178
OS 25.68730194 26.25992462
OS 25.68972764 26.2553704
OS 25.69085032 26.25276944
OS 25.69086302 26.2527288
OS 25.69122878 26.24313522
OS 25.70183836 26.19871062
OS 25.71075376 26.15389486
OS 25.71354014 26.14972672
OS 25.71470346 26.14485246
OS 25.741503 26.10787514
OS 25.74321242 26.10531736
OS 25.66553668 26.04157098
OS 25.53322808 26.17387958
OS 25.5179957 26.18018894
OS 25.51453876 26.18867762
OS 25.51172698 26.19152496
OS 25.510109 26.1951724
OS 25.47632446 26.22734658
OS 25.4435102 26.26054946
OS 25.43982974 26.26209886
OS 25.43693414 26.2648573
OS 25.39337568 26.28166448
OS 25.35038618 26.2997696
OS 25.33830594 26.3022461
OS 25.3354205 26.30307922
OS 25.33118886 26.30465148
OS 25.32545862 26.3072626
OS 25.31821454 26.31116912
OS 25.30948202 26.31660726
OS 25.30196362 26.3219184
OS 25.29043456 26.33151198
OS 25.09725994 26.5246866
OS 24.97123276 26.60889522
OS 24.82257418 26.6384659
OS 24.44462218 26.6384659
OS 24.44462218 27.03506658
OS 22.88585212 27.03506658
OS 22.87292098 27.03506912
OS 22.78584978 27.03506912
OS 22.77291864 27.03506658
OS 21.21414858 27.03506658
OS 21.21414858 26.4654665
OS 18.89549688 26.4654665
OS 18.85722924 26.55785646
OS 20.66090864 28.36153586
OS 21.21414858 28.36153586
OS 21.21414858 27.96493518
OE
OB 24.69885586 25.82434764 I
OS 24.70117488 25.79206424
OS 24.702262 25.74755582
OS 24.70477914 25.74187638
OS 24.70522364 25.73568386
OS 24.72516518 25.6958719
OS 24.74320172 25.65517348
OS 24.74769752 25.65089358
OS 24.75047882 25.6453386
OS 24.75309502 25.64307292
OS 24.82612002 25.46677152
OS 24.96677252 25.32611902
OS 25.05293694 25.29042948
OS 25.0630309 25.27400076
OS 25.06709236 25.2710569
OS 25.0698762 25.2668913
OS 25.10784158 25.24152178
OS 25.14484938 25.21470192
OS 25.14972618 25.21353606
OS 25.15389432 25.21075222
OS 25.19869484 25.2018419
OS 25.24313214 25.19122724
OS 25.25272826 25.19086148
OS 25.2527562 25.19085132
OS 25.25538256 25.18971848
OS 25.25992408 25.18729786
OS 25.2664087 25.18318306
OS 25.2703584 25.18026968
OS 25.45062728 25.0000008
OS 25.2703584 24.81972938
OS 25.26641124 24.81681854
OS 25.25992408 24.81269866
OS 25.25536986 24.81027296
OS 25.2527689 24.80915028
OS 25.25272826 24.80913758
OS 25.24313468 24.80877182
OS 25.19871008 24.79816224
OS 25.15389432 24.78924684
OS 25.14972618 24.78646046
OS 25.14485192 24.78529714
OS 25.1078746 24.7584976
OS 25.0698762 24.73310776
OS 25.06708982 24.72893962
OS 25.06303344 24.7259983
OS 25.05293948 24.70957212
OS 24.96677252 24.67388004
OS 24.82612002 24.53322754
OS 24.79043048 24.44706312
OS 24.77400176 24.43696916
OS 24.7710579 24.4329077
OS 24.7668923 24.43012386
OS 24.74152278 24.39215848
OS 24.71470292 24.35515068
OS 24.71353706 24.35027388
OS 24.71075322 24.34610574
OS 24.7018429 24.30130522
OS 24.69122824 24.25686792
OS 24.69086248 24.2472718
OS 24.69085232 24.24724386
OS 24.68971948 24.2446175
OS 24.68729886 24.24007598
OS 24.68318406 24.23359136
OS 24.68027068 24.22964166
OS 24.58909484 24.13846582
OS 24.44462218 24.13846582
OS 24.44462218 24.5350665
OS 22.88585212 24.5350665
OS 22.87292098 24.53506904
OS 22.78584978 24.53506904
OS 22.77291864 24.5350665
OS 21.84972262 24.5350665
OS 21.84333706 24.53667178
OS 21.82020782 24.53782748
OS 21.80930614 24.53946324
OS 21.79698206 24.54254426
OS 21.78281648 24.54750234
OS 21.76653 24.55483024
OS 21.74803372 24.56500294
OS 21.7274013 24.5784116
OS 21.70476228 24.5953915
OS 21.6943051 24.6042815
OS 21.02390004 25.27468656
OS 20.89787286 25.35889518
OS 20.74921428 25.38846586
OS 20.05400104 25.38846586
OS 20.05400104 25.68853638
OS 21.21414858 25.68853638
OS 21.21414858 25.4649351
OS 22.77291864 25.4649351
OS 22.78584978 25.46493256
OS 22.87292098 25.46493256
OS 22.88585212 25.4649351
OS 24.44462218 25.4649351
OS 24.44462218 25.86153578
OS 24.66166772 25.86153578
OS 24.69885586 25.82434764
OE
OB 67.17324386 22.3423861 I
OS 67.1319206 22.2422847
OS 66.96677234 22.17387996
OS 66.82611984 22.03322746
OS 66.75000112 21.84945592
OS 66.75000112 21.65054344
OS 66.82611984 21.4667719
OS 66.86822288 21.42466886
OS 66.87035394 21.40417868
OS 66.87826858 21.38956352
OS 66.88207096 21.37339642
OS 66.90212172 21.345525
OS 66.91847678 21.31532694
OS 66.93137744 21.30485706
OS 66.94108024 21.29136966
OS 67.13812328 21.10750668
OS 68.49034054 19.75528688
OS 68.45742722 19.64678062
OS 68.43254284 19.64183016
OS 63.04968594 25.02468706
OS 62.92365876 25.10889568
OS 62.77500018 25.13846636
OS 50.62842554 25.13846636
OS 50.5901579 25.23085632
OS 50.63485428 25.2755527
OS 50.710973 25.45932424
OS 50.710973 25.65823672
OS 50.65700308 25.78853364
OS 50.71898416 25.88853598
OS 59.81209272 25.88853598
OS 59.93027384 25.77035486
OS 59.93318214 25.76641024
OS 59.93730202 25.75992308
OS 59.93972772 25.75536886
OS 59.9408504 25.7527679
OS 59.9408631 25.75272726
OS 59.94122886 25.74313368
OS 59.95183844 25.69870908
OS 59.96075384 25.65389332
OS 59.96354022 25.64972518
OS 59.96470354 25.64485092
OS 59.99150308 25.6078736
OS 60.01689292 25.5698752
OS 60.02106106 25.56708882
OS 60.02400238 25.56303244
OS 60.04042856 25.55293848
OS 60.07612064 25.46677152
OS 60.21677314 25.32611902
OS 60.40054468 25.2500003
OS 60.59945716 25.2500003
OS 60.7832287 25.32611902
OS 60.9238812 25.46677152
OS 60.99999992 25.65054306
OS 60.99999992 25.84945554
OS 60.9238812 26.03322708
OS 60.7832287 26.17387958
OS 60.69706428 26.20956912
OS 60.68697032 26.22599784
OS 60.68290886 26.2289417
OS 60.68012502 26.2331073
OS 60.64215964 26.25847682
OS 60.60515184 26.28529668
OS 60.60027504 26.28646254
OS 60.5961069 26.28924638
OS 60.55130638 26.2981567
OS 60.50686908 26.30877136
OS 60.49727296 26.30913712
OS 60.49724502 26.30914728
OS 60.49461866 26.31028012
OS 60.49007714 26.31270074
OS 60.48359252 26.31681554
OS 60.47964536 26.31972638
OS 60.24768494 26.5516868
OS 60.12165776 26.63589542
OS 59.97299918 26.6654661
OS 54.49135152 26.6654661
OS 54.40399838 26.69600198
OS 54.40399838 27.01153348
OS 62.50409648 27.01153348
OS 67.17324386 22.3423861
OE
OB 25.74320734 23.89467662 I
OS 25.74152332 23.89215948
OS 25.71470346 23.85515168
OS 25.7135376 23.85027488
OS 25.71075376 23.84610674
OS 25.70184344 23.80130622
OS 25.69122878 23.75686892
OS 25.69086302 23.7472728
OS 25.69085286 23.74724486
OS 25.68972002 23.7446185
OS 25.6872994 23.74007698
OS 25.6831846 23.73359236
OS 25.68027122 23.72964266
OS 24.0549049 22.10427634
OS 24.04445788 22.0953965
OS 24.02183156 22.07842676
OS 24.00118898 22.06500794
OS 23.98269778 22.05483778
OS 23.96640114 22.0475048
OS 23.95223556 22.04254672
OS 23.93991402 22.0394657
OS 23.92900726 22.03782994
OS 23.90588056 22.03667424
OS 23.899495 22.03506896
OS 22.88585212 22.03506896
OS 22.87292098 22.0350715
OS 22.78584978 22.0350715
OS 22.77291864 22.03506896
OS 22.37084934 22.03506896
OS 22.34561444 22.16193688
OS 22.26140582 22.28796406
OS 21.67682482 22.87254506
OS 21.71509246 22.96493502
OS 22.77291864 22.96493502
OS 22.78584978 22.96493248
OS 22.87292098 22.96493248
OS 22.88585212 22.96493502
OS 24.44462218 22.96493502
OS 24.44462218 23.3615357
OS 24.7500013 23.3615357
OS 24.89865988 23.39110638
OS 25.02468706 23.475315
OS 25.2296422 23.68027014
OS 25.23358936 23.68318098
OS 25.24007652 23.68730086
OS 25.24463074 23.68972656
OS 25.2472317 23.69084924
OS 25.24727234 23.69086194
OS 25.25686592 23.6912277
OS 25.30129052 23.70183728
OS 25.34610628 23.71075268
OS 25.35027442 23.71353906
OS 25.35514868 23.71470238
OS 25.392126 23.74150192
OS 25.4301244 23.76689176
OS 25.43291078 23.7710599
OS 25.43696716 23.77400122
OS 25.44706112 23.7904274
OS 25.53322808 23.82611948
OS 25.6655316 23.958423
OS 25.74320734 23.89467662
OE
OB 29.21977138 23.26914574 I
OS 26.27034878 20.31972314
OS 26.26644734 20.31684532
OS 26.259917 20.31270004
OS 26.2553704 20.31027942
OS 26.25274912 20.30914658
OS 26.25272372 20.30913896
OS 26.24313268 20.3087732
OS 26.19872078 20.29816616
OS 26.15388978 20.28924822
OS 26.1497191 20.28646184
OS 26.14484992 20.28529852
OS 26.10786244 20.25849136
OS 26.0698742 20.2331066
OS 26.0670929 20.22894354
OS 26.06303144 20.22599968
OS 26.05293748 20.20957096
OS 25.96677306 20.17388142
OS 25.82612056 20.03322892
OS 25.79043102 19.9470645
OS 25.7740023 19.93697054
OS 25.77106352 19.93291416
OS 25.76689538 19.93013032
OS 25.74149792 19.8921243
OS 25.71470346 19.85515206
OS 25.71354014 19.85028288
OS 25.71075376 19.8461122
OS 25.70183582 19.8012812
OS 25.69122878 19.7568693
OS 25.69086302 19.74727572
OS 25.6908554 19.74725286
OS 25.6897251 19.7446392
OS 25.68729432 19.74007482
OS 25.68315666 19.73355464
OS 25.68028392 19.72966082
OS 24.53701214 18.5863865
OS 24.44462218 18.62465414
OS 24.44462218 19.53506888
OS 24.21509508 19.53506888
OS 24.17682744 19.62745884
OS 26.22964782 21.68027668
OS 26.23357974 21.68317736
OS 26.24007706 21.68730232
OS 26.24462874 21.68972548
OS 26.24723986 21.69085324
OS 26.24727034 21.6908634
OS 26.25686392 21.69122916
OS 26.30130122 21.70184382
OS 26.34610174 21.71075414
OS 26.35026988 21.71353798
OS 26.35514668 21.71470384
OS 26.39215448 21.7415237
OS 26.43011986 21.76689322
OS 26.4329037 21.77105882
OS 26.43696516 21.77400268
OS 26.44705658 21.79042886
OS 26.53322862 21.82612094
OS 26.67388112 21.96677344
OS 26.7095732 22.05294294
OS 26.72599938 22.06303436
OS 26.72894324 22.06709836
OS 26.73311138 22.0698822
OS 26.75847328 22.10783996
OS 26.78529822 22.14485284
OS 26.78646408 22.14973472
OS 26.78924792 22.15390032
OS 26.7981557 22.1986856
OS 26.8087729 22.2431356
OS 26.80913866 22.25273172
OS 26.80915136 22.25276728
OS 26.81027404 22.2553657
OS 26.81270736 22.25993516
OS 26.8168247 22.26642232
OS 26.81973046 22.27036186
OS 27.9109043 23.3615357
OS 29.18150374 23.3615357
OS 29.21977138 23.26914574
OE
OB 21.21414858 17.9649374 I
OS 22.77291864 17.9649374
OS 22.78584978 17.96493486
OS 22.87292098 17.96493486
OS 22.88585212 17.9649374
OS 23.78490544 17.9649374
OS 23.82317308 17.87254744
OS 23.38408582 17.43346018
OS 23.2998772 17.307433
OS 23.27030652 17.15877442
OS 23.27030652 17.0350688
OS 22.88585212 17.0350688
OS 22.87292098 17.03507134
OS 22.78584978 17.03507134
OS 22.77291864 17.0350688
OS 21.21414858 17.0350688
OS 21.21414858 16.63846812
OS 19.07926588 16.63846812
OS 19.03784356 16.73846792
OS 20.66091372 18.36153808
OS 21.21414858 18.36153808
OS 21.21414858 17.9649374
OE
OB 21.21414858 15.46493732 I
OS 22.77291864 15.46493732
OS 22.78584978 15.46493478
OS 22.87292098 15.46493478
OS 22.88585212 15.46493732
OS 23.78490544 15.46493732
OS 23.82317308 15.37254736
OS 23.38408582 14.9334601
OS 23.2998772 14.80743292
OS 23.27030652 14.65877434
OS 23.27030652 14.53506872
OS 22.88585212 14.53506872
OS 22.87292098 14.53507126
OS 22.78584978 14.53507126
OS 22.77291864 14.53506872
OS 21.84972262 14.53506872
OS 21.84333706 14.536674
OS 21.82020782 14.5378297
OS 21.80930614 14.53946546
OS 21.79698206 14.54254648
OS 21.78281648 14.54750456
OS 21.76653 14.55483246
OS 21.74803372 14.56500516
OS 21.7274013 14.57841382
OS 21.70476228 14.59539372
OS 21.6943051 14.60428372
OS 21.02390258 15.27468624
OS 20.8978754 15.35889486
OS 20.74921682 15.38846554
OS 20.05400104 15.38846554
OS 20.05400104 15.861538
OS 21.21414858 15.861538
OS 21.21414858 15.46493732
OE
OB 16.26625144 14.52408068 I
OS 16.28541574 14.51080918
OS 16.30599228 14.49909724
OS 16.32797852 14.4889474
OS 16.35137446 14.48035966
OS 16.37618264 14.47333148
OS 16.40239798 14.4678654
OS 16.43002556 14.46396396
OS 16.45906538 14.46161954
OS 16.48951236 14.46083976
OS 16.50464822 14.20683976
OS 16.47410472 14.205966
OS 16.44515888 14.20334726
OS 16.4178107 14.198981
OS 16.39206018 14.19286976
OS 16.36790732 14.185011
OS 16.34535466 14.17540726
OS 16.32439712 14.164056
OS 16.30503978 14.15095976
OS 16.2872801 14.136116
OS 16.27111808 14.11952472
OS 16.24849684 14.53891428
OS 16.26625144 14.52408068
OE
OB 28.25385764 18.57383128 I
OS 28.25385764 16.30322876
OS 26.27035894 14.31973006
OS 26.26641178 14.31681922
OS 26.25992462 14.31269934
OS 26.2553704 14.31027364
OS 26.25276944 14.30915096
OS 26.2527288 14.30913826
OS 26.24313522 14.3087725
OS 26.19871062 14.29816292
OS 26.15389486 14.28924752
OS 26.14972672 14.28646114
OS 26.14485246 14.28529782
OS 26.10787514 14.25849828
OS 26.06987674 14.23310844
OS 26.06709036 14.2289403
OS 26.06303398 14.22599898
OS 26.05294002 14.2095728
OS 25.96677306 14.17388072
OS 25.82612056 14.03322822
OS 25.79043102 13.9470638
OS 25.7740023 13.93696984
OS 25.77105844 13.93290838
OS 25.76689284 13.93012454
OS 25.74152332 13.89215916
OS 25.71470346 13.85515136
OS 25.7135376 13.85027456
OS 25.71075376 13.84610642
OS 25.70184344 13.8013059
OS 25.69122878 13.7568686
OS 25.69086302 13.74727248
OS 25.69085286 13.74724454
OS 25.68972002 13.74461818
OS 25.6872994 13.74007666
OS 25.6831846 13.73359204
OS 25.68027122 13.72964234
OS 24.0549049 12.10427602
OS 24.04445788 12.09539618
OS 24.02183156 12.07842644
OS 24.00118898 12.06500762
OS 23.98269778 12.05483746
OS 23.96640114 12.04750448
OS 23.95223556 12.0425464
OS 23.93991402 12.03946538
OS 23.92900726 12.03782962
OS 23.90588056 12.03667392
OS 23.899495 12.03506864
OS 22.88585212 12.03506864
OS 22.87292098 12.03507118
OS 22.78584978 12.03507118
OS 22.77291864 12.03506864
OS 22.37084934 12.03506864
OS 22.34561444 12.16193656
OS 22.26140582 12.28796374
OS 21.67682228 12.87254728
OS 21.71508992 12.96493724
OS 22.77291864 12.96493724
OS 22.78584978 12.9649347
OS 22.87292098 12.9649347
OS 22.88585212 12.96493724
OS 24.44462218 12.96493724
OS 24.44462218 14.53506872
OS 24.21509508 14.53506872
OS 24.17682744 14.62745868
OS 26.22964782 16.68027652
OS 26.23357974 16.6831772
OS 26.24007706 16.68730216
OS 26.24462874 16.68972532
OS 26.24723986 16.69085308
OS 26.24727034 16.69086324
OS 26.25686392 16.691229
OS 26.30130122 16.70184366
OS 26.34610174 16.71075398
OS 26.35026988 16.71353782
OS 26.35514668 16.71470368
OS 26.39215448 16.74152354
OS 26.43011986 16.76689306
OS 26.4329037 16.77105866
OS 26.43696516 16.77400252
OS 26.44705658 16.7904287
OS 26.53322862 16.82612078
OS 26.67388112 16.96677328
OS 26.7095732 17.05294278
OS 26.72599938 17.0630342
OS 26.72894324 17.0670982
OS 26.73311138 17.06988204
OS 26.75847328 17.1078398
OS 26.78529822 17.14485268
OS 26.78646408 17.14973456
OS 26.78924792 17.15390016
OS 26.7981557 17.19868544
OS 26.8087729 17.24313544
OS 26.80913866 17.25273156
OS 26.80915136 17.25276712
OS 26.81027404 17.25536554
OS 26.81270736 17.259935
OS 26.8168247 17.26642216
OS 26.81973046 17.2703617
OS 28.16146768 18.61209892
OS 28.25385764 18.57383128
OE
OB 16.04431386 5.98131646 I
OS 16.17034104 5.89710784
OS 16.31899962 5.86753716
OS 16.44600216 5.86753716
OS 16.44600216 5.75340988
OS 16.4644451 5.74466212
OS 16.4877242 5.73589404
OS 16.51244094 5.72872108
OS 16.52051052 5.72699896
OS 17.15000126 5.72699896
OS 17.15000126 5.47299896
OS 16.63553696 5.47299896
OS 16.635984 5.46196774
OS 16.60545828 5.46110668
OS 16.5764972 5.45852604
OS 16.54910076 5.45422582
OS 16.52326896 5.44820602
OS 16.49899926 5.4404641
OS 16.47629674 5.4310026
OS 16.45515632 5.41982152
OS 16.44600216 5.41378902
OS 16.44600216 5.1460019
OS 16.34912148 5.13846572
OS 15.95091044 5.13846572
OS 14.67005702 6.4193166
OS 14.65686172 6.43975344
OS 14.641068 6.47198604
OS 14.62506854 6.51506952
OS 14.61007746 6.5689607
OS 14.59699392 6.63339542
OS 14.5868771 6.70511232
OS 14.5746724 6.8893182
OS 14.57393072 6.99408304
OS 14.56900058 7.01798698
OS 14.56900058 7.13547214
OS 14.528165 7.28787468
OS 14.60282068 7.39563418
OS 14.6275806 7.39804972
OS 16.04431386 5.98131646
OE
OB 68.7628038 37.59180188 I
OS 68.5832004 37.41219848
OS 68.56748796 37.42661298
OS 68.5518695 37.43834016
OS 68.53635264 37.44737748
OS 68.52092976 37.45372494
OS 68.5056034 37.45738254
OS 68.49037356 37.45834774
OS 68.47524278 37.45662562
OS 68.46020598 37.45221364
OS 68.44526824 37.44511434
OS 68.43042448 37.43532264
OS 68.50792242 37.82822254
OS 68.7628038 37.59180188
OE
SE
P 4.00002756 10.75000898 39 P 0 0 ;0=40,1=1
P 4.00002756 16.75000714 39 P 0 0 ;0=40,1=1
P 4.00002756 22.7500053 39 P 0 0 ;0=40,1=1
P 4.00002756 28.75000346 39 P 0 0 ;0=40,1=1
P 4.00002756 34.75000162 39 P 0 0 ;0=40,1=1
P 4.00002756 40.74999978 39 P 0 0 ;0=40,1=1
P 5.5000271 13.75000806 39 P 0 0 ;0=40,1=1
P 5.5000271 19.75000622 39 P 0 0 ;0=40,1=1
P 5.5000271 25.75000438 39 P 0 0 ;0=40,1=1
P 5.5000271 31.75000254 39 P 0 0 ;0=40,1=1
P 5.5000271 37.7500007 39 P 0 0 ;0=40,1=1
P 7.00002664 10.75000898 39 P 0 0 ;0=40,1=1
P 7.00002664 16.75000714 39 P 0 0 ;0=40,1=1
P 7.00002664 22.7500053 39 P 0 0 ;0=40,1=1
P 7.00002664 28.75000346 39 P 0 0 ;0=40,1=1
P 7.00002664 34.75000162 39 P 0 0 ;0=40,1=1
P 7.00002664 40.74999978 39 P 0 0 ;0=40,1=1
P 8.50002618 7.7500099 39 P 0 0 ;0=40,1=1
P 8.50002618 13.75000806 39 P 0 0 ;0=40,1=1
P 8.50002618 19.75000622 39 P 0 0 ;0=40,1=1
P 8.50002618 25.75000438 39 P 0 0 ;0=40,1=1
P 8.50002618 31.75000254 39 P 0 0 ;0=40,1=1
P 8.50002618 37.7500007 39 P 0 0 ;0=40,1=1
P 10.00002572 4.75001082 39 P 0 0 ;0=40,1=1
P 10.00002572 16.75000714 39 P 0 0 ;0=40,1=1
P 10.00002572 28.75000346 39 P 0 0 ;0=40,1=1
P 10.00002572 40.74999978 39 P 0 0 ;0=40,1=1
P 10.00002572 46.74999794 39 P 0 0 ;0=40,1=1
P 13.0000248 28.75000346 39 P 0 0 ;0=40,1=1
P 13.0000248 40.74999978 39 P 0 0 ;0=40,1=1
P 13.0000248 46.74999794 39 P 0 0 ;0=40,1=1
P 15.7415992 43.04582704 39 P 0 0 ;0=40,1=1
P 16.00002388 10.75000898 39 P 0 0 ;0=40,1=1
P 16.00002388 28.75000346 39 P 0 0 ;0=40,1=1
P 16.00002388 46.74999794 39 P 0 0 ;0=40,1=1
P 16.04587596 14.31768028 39 P 0 0 ;0=40,1=1
P 16.17930724 5.57793652 39 P 0 0 ;0=40,1=1
P 16.23935284 23.73793576 39 P 0 0 ;0=40,1=1
P 16.25000052 33.75000108 39 P 0 0 ;0=40,1=1
P 17.50002342 19.75000622 39 P 0 0 ;0=40,1=1
P 17.50002342 31.75000254 39 P 0 0 ;0=40,1=1
P 17.50002342 37.7500007 39 P 0 0 ;0=40,1=1
P 19.00002296 10.75000898 39 P 0 0 ;0=40,1=1
P 19.00002296 22.7500053 39 P 0 0 ;0=40,1=1
P 19.00002296 28.75000346 39 P 0 0 ;0=40,1=1
P 19.00002296 40.74999978 39 P 0 0 ;0=40,1=1
P 19.00002296 46.74999794 39 P 0 0 ;0=40,1=1
P 20.25000014 6.2500002 39 P 0 0 ;0=40,1=1
P 20.5000225 19.75000622 39 P 0 0 ;0=40,1=1
P 20.86814978 3.75000012 39 P 0 0 ;0=40,1=1
P 20.86814978 11.25000036 39 P 0 0 ;0=40,1=1
P 20.86814978 21.25000068 39 P 0 0 ;0=40,1=1
P 20.86814978 31.250001 39 P 0 0 ;0=40,1=1
P 20.92464446 9.53523874 39 P 0 0 ;0=40,1=1
P 22.78492522 32.67492068 39 P 0 0 ;0=40,1=1
P 22.82938538 12.69790704 39 P 0 0 ;0=40,1=1
P 22.82938538 15.19790712 39 P 0 0 ;0=40,1=1
P 22.82938538 17.6979072 39 P 0 0 ;0=40,1=1
P 22.82938538 22.69790482 39 P 0 0 ;0=40,1=1
P 22.82938538 25.1979049 39 P 0 0 ;0=40,1=1
P 22.82938538 27.69790498 39 P 0 0 ;0=40,1=1
P 22.82938538 35.19790522 39 P 0 0 ;0=40,1=1
P 22.82938538 37.6979053 39 P 0 0 ;0=40,1=1
P 22.82938538 40.19790538 39 P 0 0 ;0=40,1=1
P 22.82938538 42.69790546 39 P 0 0 ;0=40,1=1
P 25.2500003 24.24999976 39 P 0 0 ;0=40,1=1
P 25.2500003 25.7499993 39 P 0 0 ;0=40,1=1
P 25.4999998 5.49999916 39 P 0 0 ;0=40,1=1
P 26.25000084 7.50000024 39 P 0 0 ;0=40,1=1
P 26.25000084 11.25000036 39 P 0 0 ;0=40,1=1
P 26.25000084 13.75000044 39 P 0 0 ;0=40,1=1
P 26.25000084 17.25000106 39 P 0 0 ;0=40,1=1
P 26.25000084 19.75000114 39 P 0 0 ;0=40,1=1
P 26.25000084 22.25000122 39 P 0 0 ;0=40,1=1
P 26.25000084 23.75000076 39 P 0 0 ;0=40,1=1
P 26.25000084 26.25000084 39 P 0 0 ;0=40,1=1
P 26.25000084 27.75000038 39 P 0 0 ;0=40,1=1
P 26.25000084 30.25000046 39 P 0 0 ;0=40,1=1
P 26.25000084 32.75000054 39 P 0 0 ;0=40,1=1
P 26.25000084 36.25000116 39 P 0 0 ;0=40,1=1
P 26.25000084 38.75000124 39 P 0 0 ;0=40,1=1
P 26.25190584 41.17693568 39 P 0 0 ;0=40,1=1
P 26.25605112 8.81788432 39 P 0 0 ;0=40,1=1
P 28.0000202 4.75001082 39 P 0 0 ;0=40,1=1
P 28.0000202 22.7500053 39 P 0 0 ;0=40,1=1
P 29.50001974 7.7500099 39 P 0 0 ;0=40,1=1
P 29.50001974 43.74999886 39 P 0 0 ;0=40,1=1
P 31.00001928 4.75001082 39 P 0 0 ;0=40,1=1
P 32.50001882 7.7500099 39 P 0 0 ;0=40,1=1
P 33.00000004 13.50000094 39 P 0 0 ;0=40,1=1
P 33.75000108 31.75 39 P 0 0 ;0=40,1=1
P 34.00001836 4.75001082 39 P 0 0 ;0=40,1=1
P 34.00001836 10.75000898 39 P 0 0 ;0=40,1=1
P 34.00001836 40.74999978 39 P 0 0 ;0=40,1=1
P 34.49999958 14.49999894 39 P 0 0 ;0=40,1=1
P 35.25000062 38.2499997 39 P 0 0 ;0=40,1=1
P 35.5000179 7.7500099 39 P 0 0 ;0=40,1=1
P 35.5000179 25.75000438 39 P 0 0 ;0=40,1=1
P 35.5000179 43.74999886 39 P 0 0 ;0=40,1=1
P 36.75000016 29.49999942 39 P 0 0 ;0=40,1=1
P 36.75000016 43.49999936 39 P 0 0 ;0=40,1=1
P 37.00001744 4.75001082 39 P 0 0 ;0=40,1=1
P 37.00001744 22.7500053 39 P 0 0 ;0=40,1=1
P 37.04570442 21.3942168 39 P 0 0 ;0=40,1=1
P 37.24999916 10.49999932 39 P 0 0 ;0=40,1=1
P 38.2499997 16.74999952 39 P 0 0 ;0=40,1=1
P 38.2499997 29.40000216 39 P 0 0 ;0=40,1=1
P 38.4999992 17.75000006 39 P 0 0 ;0=40,1=1
P 38.4999992 43.49999936 39 P 0 0 ;0=40,1=1
P 38.50001698 7.7500099 39 P 0 0 ;0=40,1=1
P 39.00000074 22.46599774 39 P 0 0 ;0=40,1=1
P 39.00000074 24.24999976 39 P 0 0 ;0=40,1=1
P 39.00000074 26.25000084 39 P 0 0 ;0=40,1=1
P 39.00000074 28.24999938 39 P 0 0 ;0=40,1=1
P 39.00000074 33.00000004 39 P 0 0 ;0=40,1=1
P 39.49999974 33.75000108 39 P 0 0 ;0=40,1=1
P 40.00001652 4.75001082 39 P 0 0 ;0=40,1=1
P 40.00001652 40.74999978 39 P 0 0 ;0=40,1=1
P 40.00001652 46.74999794 39 P 0 0 ;0=40,1=1
P 40.50000028 10.49999932 39 P 0 0 ;0=40,1=1
P 41.50001606 7.7500099 39 P 0 0 ;0=40,1=1
P 41.50001606 43.74999886 39 P 0 0 ;0=40,1=1
P 41.75000032 38.2499997 39 P 0 0 ;0=40,1=1
P 42.24999932 10.49999932 39 P 0 0 ;0=40,1=1
P 42.49999882 33.00000004 39 P 0 0 ;0=40,1=1
P 42.75000086 20.49999964 39 P 0 0 ;0=40,1=1
P 43.0000156 4.75001082 39 P 0 0 ;0=40,1=1
P 43.0000156 46.74999794 39 P 0 0 ;0=40,1=1
P 43.24999986 24.49999926 39 P 0 0 ;0=40,1=1
P 43.24999986 25.9999988 39 P 0 0 ;0=40,1=1
P 43.24999986 27.24999884 39 P 0 0 ;0=40,1=1
P 43.24999986 28.49999888 39 P 0 0 ;0=40,1=1
P 43.24999986 43.49999936 39 P 0 0 ;0=40,1=1
P 43.49999936 33.00000004 39 P 0 0 ;0=40,1=1
P 44.50001514 7.7500099 39 P 0 0 ;0=40,1=1
P 44.50001514 31.75000254 39 P 0 0 ;0=40,1=1
P 44.50001514 43.74999886 39 P 0 0 ;0=40,1=1
P 44.7499994 10.49999932 39 P 0 0 ;0=40,1=1
P 45.25000094 29.74999892 39 P 0 0 ;0=40,1=1
P 46.00001468 4.75001082 39 P 0 0 ;0=40,1=1
P 46.00001468 40.74999978 39 P 0 0 ;0=40,1=1
P 46.00001468 46.74999794 39 P 0 0 ;0=40,1=1
P 46.24999894 32.50000104 39 P 0 0 ;0=40,1=1
P 46.75000048 21.00000118 39 P 0 0 ;0=40,1=1
P 46.99999998 24.00000026 39 P 0 0 ;0=40,1=1
P 46.99999998 25.4999998 39 P 0 0 ;0=40,1=1
P 47.24999948 10.49999932 39 P 0 0 ;0=40,1=1
P 47.50001422 7.7500099 39 P 0 0 ;0=40,1=1
P 47.50001422 19.75000622 39 P 0 0 ;0=40,1=1
P 47.50001422 37.7500007 39 P 0 0 ;0=40,1=1
P 47.50001422 43.74999886 39 P 0 0 ;0=40,1=1
P 48.49999952 10.49999932 39 P 0 0 ;0=40,1=1
P 49.00001376 34.75000162 39 P 0 0 ;0=40,1=1
P 49.00001376 40.74999978 39 P 0 0 ;0=40,1=1
P 49.00001376 46.74999794 39 P 0 0 ;0=40,1=1
P 50.210974 25.55878048 39 P 0 0 ;0=40,1=1
P 50.2500011 27.24999884 39 P 0 0 ;0=40,1=1
P 50.5000006 5.49999916 39 P 0 0 ;0=40,1=1
P 50.5000133 7.7500099 39 P 0 0 ;0=40,1=1
P 50.5000133 13.75000806 39 P 0 0 ;0=40,1=1
P 50.5000133 37.7500007 39 P 0 0 ;0=40,1=1
P 50.5000133 43.74999886 39 P 0 0 ;0=40,1=1
P 50.7500001 30.25000046 39 P 0 0 ;0=40,1=1
P 50.7500001 31.75 39 P 0 0 ;0=40,1=1
P 51.28774096 20.91252104 39 P 0 0 ;0=40,1=1
P 52.00000014 39.49999974 39 P 0 0 ;0=40,1=1
P 52.00000014 43.49999936 39 P 0 0 ;0=40,1=1
P 52.00001284 10.75000898 39 P 0 0 ;0=40,1=1
P 52.00001284 16.75000714 39 P 0 0 ;0=40,1=1
P 52.00001284 34.75000162 39 P 0 0 ;0=40,1=1
P 52.00001284 40.74999978 39 P 0 0 ;0=40,1=1
P 52.00001284 46.74999794 39 P 0 0 ;0=40,1=1
P 53.50001238 19.75000622 39 P 0 0 ;0=40,1=1
P 54.00000122 32.50000104 39 P 0 0 ;0=40,1=1
P 55.00001192 10.75000898 39 P 0 0 ;0=40,1=1
P 55.02608248 29.13810276 39 P 0 0 ;0=40,1=1
P 55.75000026 7.25000074 39 P 0 0 ;0=40,1=1
P 55.99999976 17.25000106 39 P 0 0 ;0=40,1=1
P 56.49999876 15.24999998 39 P 0 0 ;0=40,1=1
P 56.50001146 19.75000622 39 P 0 0 ;0=40,1=1
P 56.50001146 31.75000254 39 P 0 0 ;0=40,1=1
P 56.50001146 37.7500007 39 P 0 0 ;0=40,1=1
P 56.50001146 43.74999886 39 P 0 0 ;0=40,1=1
P 57.4999993 1.25000004 39 P 0 0 ;0=40,1=1
P 58.00000084 31.5000005 39 P 0 0 ;0=40,1=1
P 58.00000084 35.00000112 39 P 0 0 ;0=40,1=1
P 58.00000084 47.47763428 39 P 0 0 ;0=40,1=1
P 58.000011 40.74999978 39 P 0 0 ;0=40,1=1
P 59.50000038 31.5000005 39 P 0 0 ;0=40,1=1
P 59.50000038 35.00000112 39 P 0 0 ;0=40,1=1
P 59.50000038 47.47763428 39 P 0 0 ;0=40,1=1
P 59.50001054 19.75000622 39 P 0 0 ;0=40,1=1
P 59.50001054 37.7500007 39 P 0 0 ;0=40,1=1
P 59.50001054 43.74999886 39 P 0 0 ;0=40,1=1
P 59.99999938 21.74999968 39 P 0 0 ;0=40,1=1
P 60.50000092 25.7499993 39 P 0 0 ;0=40,1=1
P 61.00001008 4.75001082 39 P 0 0 ;0=40,1=1
P 61.00001008 10.75000898 39 P 0 0 ;0=40,1=1
P 61.00001008 16.75000714 39 P 0 0 ;0=40,1=1
P 61.00001008 40.74999978 39 P 0 0 ;0=40,1=1
P 62.49999946 23.75000076 39 P 0 0 ;0=40,1=1
P 62.50000962 7.7500099 39 P 0 0 ;0=40,1=1
P 62.50000962 13.75000806 39 P 0 0 ;0=40,1=1
P 62.50000962 25.75000438 39 P 0 0 ;0=40,1=1
P 62.50000962 37.7500007 39 P 0 0 ;0=40,1=1
P 62.50000962 43.74999886 39 P 0 0 ;0=40,1=1
P 64.00000916 4.75001082 39 P 0 0 ;0=40,1=1
P 64.00000916 10.75000898 39 P 0 0 ;0=40,1=1
P 64.00000916 16.75000714 39 P 0 0 ;0=40,1=1
P 64.00000916 28.75000346 39 P 0 0 ;0=40,1=1
P 65.5000087 7.7500099 39 P 0 0 ;0=40,1=1
P 65.5000087 13.75000806 39 P 0 0 ;0=40,1=1
P 66.24999958 7.11030836 39 P 0 0 ;0=40,1=1
P 66.24999958 8.5318092 39 P 0 0 ;0=40,1=1
P 66.24999958 9.98000036 39 P 0 0 ;0=40,1=1
P 66.24999958 39.74999924 39 P 0 0 ;0=40,1=1
P 66.95000072 34.65000182 39 P 0 0 ;0=40,1=1
P 67.00000824 4.75001082 39 P 0 0 ;0=40,1=1
P 67.00000824 10.75000898 39 P 0 0 ;0=40,1=1
P 67.00000824 16.75000714 39 P 0 0 ;0=40,1=1
P 67.00000824 28.75000346 39 P 0 0 ;0=40,1=1
P 67.10000296 36.40000086 39 P 0 0 ;0=40,1=1
P 67.25000012 21.74999968 39 P 0 0 ;0=40,1=1
P 68.25000066 36.55000056 39 P 0 0 ;0=40,1=1
P 68.25000066 37.67500212 39 P 0 0 ;0=40,1=1
P 68.25000066 38.75000124 39 P 0 0 ;0=40,1=1
P 68.25000066 39.82500036 39 P 0 0 ;0=40,1=1
P 68.25000066 41.35000112 39 P 0 0 ;0=40,1=1
P 68.50000778 13.75000806 39 P 0 0 ;0=40,1=1
P 68.50000778 25.75000438 39 P 0 0 ;0=40,1=1
P 69.5000007 5.24999966 39 P 0 0 ;0=40,1=1
P 69.5000007 11.49999986 39 P 0 0 ;0=40,1=1
P 70.00000732 16.75000714 39 P 0 0 ;0=40,1=1
P 70.00000732 22.7500053 39 P 0 0 ;0=40,1=1
P 70.00000732 28.75000346 39 P 0 0 ;0=40,1=1
P 71.50000686 13.75000806 39 P 0 0 ;0=40,1=1
P 71.50000686 25.75000438 39 P 0 0 ;0=40,1=1
P 71.50000686 31.75000254 39 P 0 0 ;0=40,1=1
P 72.25000028 36.50000066 39 P 0 0 ;0=40,1=1
P 72.49999978 7.13700376 39 P 0 0 ;0=40,1=1
P 72.49999978 8.51178892 39 P 0 0 ;0=40,1=1
P 72.49999978 10.02772188 39 P 0 0 ;0=40,1=1
P 73.0000064 4.75001082 39 P 0 0 ;0=40,1=1
P 73.0000064 10.75000898 39 P 0 0 ;0=40,1=1
P 73.0000064 16.75000714 39 P 0 0 ;0=40,1=1
P 73.0000064 22.7500053 39 P 0 0 ;0=40,1=1
P 73.0000064 28.75000346 39 P 0 0 ;0=40,1=1
P 73.0000064 46.74999794 39 P 0 0 ;0=40,1=1
P 74.50000594 7.7500099 39 P 0 0 ;0=40,1=1
P 74.50000594 31.75000254 39 P 0 0 ;0=40,1=1
P 74.50000594 43.74999886 39 P 0 0 ;0=40,1=1
P 75.200002 37.2000018 39 P 0 0 ;0=40,1=1
P 75.200002 38.00000274 39 P 0 0 ;0=40,1=1
P 75.24999936 13.50000094 39 P 0 0 ;0=40,1=1
P 75.49999886 21.25000068 39 P 0 0 ;0=40,1=1
P 75.49999886 30.49999996 39 P 0 0 ;0=40,1=1
P 76.00000548 46.74999794 39 P 0 0 ;0=40,1=1
P 77.50000502 19.75000622 39 P 0 0 ;0=40,1=1
P 77.50000502 25.75000438 39 P 0 0 ;0=40,1=1
P 77.50000502 31.75000254 39 P 0 0 ;0=40,1=1
P 77.50000502 37.7500007 39 P 0 0 ;0=40,1=1
P 77.50000502 43.74999886 39 P 0 0 ;0=40,1=1
P 79.00000456 10.75000898 39 P 0 0 ;0=40,1=1
P 79.00000456 22.7500053 39 P 0 0 ;0=40,1=1
P 79.00000456 40.74999978 39 P 0 0 ;0=40,1=1
P 79.00000456 46.74999794 39 P 0 0 ;0=40,1=1
P 79.65000072 31.3500008 39 P 0 0 ;0=40,1=1
P 79.85000032 40.64999998 39 P 0 0 ;0=40,1=1
P 80.00000002 35.99999912 39 P 0 0 ;0=40,1=1
P 80.24999952 14.49999894 39 P 0 0 ;0=40,1=1
P 80.5000041 19.75000622 39 P 0 0 ;0=40,1=1
P 80.5000041 31.75000254 39 P 0 0 ;0=40,1=1
P 80.5000041 43.74999886 39 P 0 0 ;0=40,1=1
P 80.75000106 26.74999984 39 P 0 0 ;0=40,1=1
P 81.40494768 35.99409616 39 P 0 0 ;0=40,1=1
P 81.54999946 31.3500008 39 P 0 0 ;0=40,1=1
P 81.74999906 26.74999984 39 P 0 0 ;0=40,1=1
P 81.74999906 40.64999998 39 P 0 0 ;0=40,1=1
P 82.00000364 10.75000898 39 P 0 0 ;0=40,1=1
P 82.00000364 22.7500053 39 P 0 0 ;0=40,1=1
P 82.00000364 46.74999794 39 P 0 0 ;0=40,1=1
P 82.7499996 26.74999984 39 P 0 0 ;0=40,1=1
P 82.7499996 35.99999912 39 P 0 0 ;0=40,1=1
P 83.1499988 31.3500008 39 P 0 0 ;0=40,1=1
P 83.3499984 40.64999998 39 P 0 0 ;0=40,1=1
P 83.50000064 1.25000004 39 P 0 0 ;0=40,1=1
P 83.50000064 3.25000112 39 P 0 0 ;0=40,1=1
P 83.50000318 19.75000622 39 P 0 0 ;0=40,1=1
P 83.50000318 43.74999886 39 P 0 0 ;0=40,1=1
P 84.85000048 31.3500008 39 P 0 0 ;0=40,1=1
P 84.95000028 26.65000004 39 P 0 0 ;0=40,1=1
P 85.00000272 10.75000898 39 P 0 0 ;0=40,1=1
P 85.00000272 22.7500053 39 P 0 0 ;0=40,1=1
P 85.00000272 46.74999794 39 P 0 0 ;0=40,1=1
P 85.05000008 40.64999998 39 P 0 0 ;0=40,1=1
P 85.14999988 35.94999668 39 P 0 0 ;0=40,1=1
P 86.49999972 21.99999918 39 P 0 0 ;0=40,1=1
P 86.50000226 19.75000622 39 P 0 0 ;0=40,1=1
P 86.50000226 43.74999886 39 P 0 0 ;0=40,1=1
P 86.54999962 31.3500008 39 P 0 0 ;0=40,1=1
P 86.64999942 26.65000004 39 P 0 0 ;0=40,1=1
P 86.74999922 12.2500009 39 P 0 0 ;0=40,1=1
P 86.74999922 15.49999948 39 P 0 0 ;0=40,1=1
P 86.74999922 40.64999998 39 P 0 0 ;0=40,1=1
P 86.75000176 4.75000066 39 P 0 0 ;0=40,1=1
P 86.84999902 35.94999668 39 P 0 0 ;0=40,1=1
P 86.85000156 6.7499992 39 P 0 0 ;0=40,1=1
P 87.35000056 31.3500008 39 P 0 0 ;0=40,1=1
P 87.55000016 40.64999998 39 P 0 0 ;0=40,1=1
P 88.0000018 4.75001082 39 P 0 0 ;0=40,1=1
P 88.0000018 10.75000898 39 P 0 0 ;0=40,1=1
P 88.0000018 16.75000714 39 P 0 0 ;0=40,1=1
P 88.0000018 46.74999794 39 P 0 0 ;0=40,1=1
P 88.14999896 31.3500008 39 P 0 0 ;0=40,1=1
P 88.2500013 26.65000004 39 P 0 0 ;0=40,1=1
P 88.34999856 40.64999998 39 P 0 0 ;0=40,1=1
P 88.4500009 35.94999668 39 P 0 0 ;0=40,1=1
P 89.50000134 7.7500099 39 P 0 0 ;0=40,1=1
P 89.50000134 25.75000438 39 P 0 0 ;0=40,1=1
P 89.50000134 31.75000254 39 P 0 0 ;0=40,1=1
P 89.50000134 43.74999886 39 P 0 0 ;0=40,1=1
P 91.00000088 4.75001082 39 P 0 0 ;0=40,1=1
P 91.00000088 10.75000898 39 P 0 0 ;0=40,1=1
P 91.00000088 28.75000346 39 P 0 0 ;0=40,1=1
P 91.00000088 34.75000162 39 P 0 0 ;0=40,1=1
P 91.00000088 46.74999794 39 P 0 0 ;0=40,1=1
P 91.25000038 16.74999952 39 P 0 0 ;0=40,1=1
P 92.50000042 19.75000622 39 P 0 0 ;0=40,1=1
P 92.50000042 25.75000438 39 P 0 0 ;0=40,1=1
P 92.50000042 31.75000254 39 P 0 0 ;0=40,1=1
P 93.89412768 10.24614156 39 P 0 0 ;0=40,1=1
P 93.99999996 28.75000346 39 P 0 0 ;0=40,1=1
P 93.99999996 34.75000162 39 P 0 0 ;0=40,1=1
P 93.99999996 40.74999978 39 P 0 0 ;0=40,1=1
P 96.99999904 10.24999982 39 P 0 0 ;0=40,1=1
P 96.99999904 16.74999952 39 P 0 0 ;0=40,1=1
P 96.99999904 28.75000346 39 P 0 0 ;0=40,1=1
P 96.99999904 34.75000162 39 P 0 0 ;0=40,1=1
P 96.99999904 40.74999978 39 P 0 0 ;0=40,1=1
P 98.49999858 7.7500099 39 P 0 0 ;0=40,1=1
P 98.49999858 13.75000806 39 P 0 0 ;0=40,1=1
P 98.49999858 19.75000622 39 P 0 0 ;0=40,1=1
P 98.49999858 25.75000438 39 P 0 0 ;0=40,1=1
P 98.49999858 31.75000254 39 P 0 0 ;0=40,1=1
P 98.49999858 37.7500007 39 P 0 0 ;0=40,1=1
